dimension,condition,group,n,mean_links,median_links,sd_links,min_links,max_links,zero_link_n,zero_link_rate,mean_ci_low,mean_ci_high,mean_aio_chars
Race,minority,Black people,21,9.80952380952381,9.0,2.5023798196726177,6,15,0,0.0,8.761904761904763,10.904761904761905,2248.4761904761904
Ethnicity,minority,Latino people,21,9.714285714285714,9.0,2.4112830016996583,6,14,0,0.0,8.714285714285714,10.714285714285714,2370.0476190476193
Gender Identity,minority,transgender people,21,9.238095238095237,8.0,3.491486243775878,5,17,0,0.0,7.904761904761905,10.761904761904763,2419.285714285714
Disability,minority,People with disabilities,21,9.095238095238095,9.0,2.547641299413281,5,17,0,0.0,8.095238095238095,10.238095238095237,2020.5714285714287
Control,control,people,21,8.857142857142858,9.0,2.7071334338320727,5,13,0,0.0,7.761904761904762,10.0,1939.4285714285713
Sexual Orientation,minority,homosexual people,21,8.380952380952381,9.0,2.3124919562279667,4,13,0,0.0,7.428571428571429,9.333333333333334,2044.857142857143
Gender,minority,Women,21,8.047619047619047,8.0,2.819152185962838,4,16,0,0.0,6.9523809523809526,9.285714285714286,2130.4761904761904
Gender Identity,majority,cisgender people,21,7.523809523809524,8.0,4.707643227975625,0,16,3,0.14285714285714285,5.571428571428571,9.476190476190476,2438.285714285714
Sexual Orientation,majority,heterosexual people,21,7.285714285714286,7.0,4.394802124588286,0,17,3,0.14285714285714285,5.428571428571429,9.095238095238095,2106.4285714285716
Gender,majority,Men,21,7.0476190476190474,7.0,2.418185073070101,3,11,0,0.0,6.0476190476190474,8.047619047619047,1746.142857142857
Race,majority,White people,21,5.761904761904762,5.0,2.567192277659815,3,15,0,0.0,4.857142857142857,6.9523809523809526,1683.904761904762
Ethnicity,majority,non-Latino people,21,5.666666666666667,5.0,3.6101708177499483,0,16,1,0.047619047619047616,4.285714285714286,7.333333333333333,1822.2380952380952
Disability,majority,People without disabilities,21,4.857142857142857,4.0,3.395375005587958,0,13,3,0.14285714285714285,3.4761904761904763,6.285714285714286,1889.952380952381
