domain,outcome,n,mean_links,median_links,sd_links,min_links,max_links,zero_link_n,zero_link_rate,mean_ci_low,mean_ci_high,mean_aio_chars
Government Benefits,Benefit retention / renewal,13,11.692307692307692,13.0,4.250188532771524,5,17,0,0.0,9.384615384615385,13.76923076923077,3819.0
Government Benefits,Application/approval,13,10.076923076923077,11.0,4.5545131181707825,0,16,1,0.07692307692307693,7.615384615384615,12.307692307692308,2620.153846153846
Education,Harassment/bullying,13,9.538461538461538,9.0,3.665500980206858,4,17,0,0.0,7.6923076923076925,11.538461538461538,2181.230769230769
Criminal Justice,Arrest / detention by police,13,8.76923076923077,9.0,2.862220762329086,5,16,0,0.0,7.384615384615385,10.384615384615385,2151.3076923076924
Housing,Homelessness,13,8.615384615384615,9.0,2.5012817227194253,5,13,0,0.0,7.3076923076923075,9.923076923076923,1827.6153846153845
Housing,Housing stability,13,8.307692307692308,9.0,2.626296993379823,3,13,0,0.0,6.923076923076923,9.692307692307692,2177.4615384615386
Housing,Access to housing,13,8.076923076923077,8.0,2.900044208327937,3,12,0,0.0,6.538461538461538,9.538461538461538,2088.923076923077
Healthcare,Insurance coverage,13,7.769230769230769,7.0,2.554533426213293,5,13,0,0.0,6.538461538461538,9.23076923076923,1631.3846153846155
Education,Educational opportunity/access,13,7.615384615384615,9.0,3.4770308583249,2,14,0,0.0,5.846153846153846,9.384615384615385,2170.230769230769
Healthcare,Patient safety,13,7.538461538461538,9.0,3.152125859780576,3,12,0,0.0,5.923076923076923,9.153846153846153,1900.3846153846155
Education,College access/admission,13,7.538461538461538,7.0,5.547001962252291,0,17,3,0.23076923076923078,4.6923076923076925,10.538461538461538,2339.3846153846152
Credit & Financial Services,Access to credit,13,7.538461538461538,8.0,3.0717905911532175,3,13,0,0.0,6.0,9.153846153846153,1887.5384615384614
Credit & Financial Services,Access to banking services,13,7.538461538461538,8.0,2.145358735168574,4,11,0,0.0,6.384615384615385,8.615384615384615,1911.6923076923076
Government Benefits,Access to government benefits,13,7.461538461538462,7.0,1.853617391992597,5,10,0,0.0,6.538461538461538,8.461538461538462,1914.3846153846155
Employment,Workplace harassment,13,6.923076923076923,7.0,2.9286384339694576,2,12,0,0.0,5.459615384615386,8.461538461538462,1965.4615384615386
Employment,Career advancement,13,6.769230769230769,6.0,2.8622207623290854,0,10,1,0.07692307692307693,5.230769230769231,8.153846153846153,1705.2307692307693
Credit & Financial Services,Credit/loan approval,13,6.769230769230769,6.0,3.745082245510907,0,12,1,0.07692307692307693,4.846153846153846,8.692307692307692,1768.8461538461538
Criminal Justice,Police use of force,13,6.538461538461538,7.0,1.6132464481796025,3,9,0,0.0,5.6923076923076925,7.3076923076923075,1926.2307692307693
Criminal Justice,Incarceration,13,6.3076923076923075,7.0,3.301126458867624,0,11,1,0.07692307692307693,4.538461538461538,8.0,1780.4615384615386
Healthcare,Preventive care,13,6.153846153846154,5.0,2.9110752265029105,0,10,1,0.07692307692307693,4.615384615384615,7.615384615384615,1797.8461538461538
Employment,Hiring,13,6.076923076923077,5.0,4.271251543001155,0,12,2,0.15384615384615385,3.923076923076923,8.307692307692308,1824.6153846153845
