dimension,condition,group,domain,outcome,outcome_id,file,generic_file,n_links_raw,generic_n_links_raw,n_unique_urls,generic_n_unique_urls,n_unique_domains,generic_n_unique_domains,url_shared_n,url_union_n,url_jaccard_similarity,url_jaccard_distance,url_explicit_coverage,url_generic_coverage,domain_shared_n,domain_union_n,domain_jaccard_similarity,domain_jaccard_distance,domain_explicit_coverage,domain_generic_coverage,host_jaccard_similarity,host_jaccard_distance
Race,minority,Black people,Credit & Financial Services,Access to banking services,Credit & Financial Services :: Access to banking services,black_people/credit_and_financial_services__access_to_banking_services.txt,people/credit_and_financial_services__access_to_banking_services.txt,9,7,9,7,9,6,0,16,0.0,1.0,0.0,0.0,0,15,0.0,1.0,0.0,0.0,0.0,1.0
Race,minority,Black people,Credit & Financial Services,Access to credit,Credit & Financial Services :: Access to credit,black_people/credit_and_financial_services__access_to_credit.txt,people/credit_and_financial_services__access_to_credit.txt,8,7,8,7,8,6,0,15,0.0,1.0,0.0,0.0,1,13,0.07692307692307693,0.9230769230769231,0.125,0.16666666666666666,0.07692307692307693,0.9230769230769231
Race,minority,Black people,Credit & Financial Services,Credit/loan approval,Credit & Financial Services :: Credit/loan approval,black_people/credit_and_financial_services__credit_loan_approval.txt,people/credit_and_financial_services__credit_loan_approval.txt,13,7,13,7,13,7,0,20,0.0,1.0,0.0,0.0,0,20,0.0,1.0,0.0,0.0,0.0,1.0
Race,minority,Black people,Criminal Justice,Arrest / detention by police,Criminal Justice :: Arrest / detention by police,black_people/criminal_justice__arrest_detention_by_police.txt,people/criminal_justice__arrest_detention_by_police.txt,3,8,3,8,3,7,0,11,0.0,1.0,0.0,0.0,0,10,0.0,1.0,0.0,0.0,0.0,1.0
Race,minority,Black people,Criminal Justice,Incarceration,Criminal Justice :: Incarceration,black_people/criminal_justice__incarceration.txt,people/criminal_justice__incarceration.txt,7,10,7,10,5,9,0,17,0.0,1.0,0.0,0.0,2,12,0.16666666666666666,0.8333333333333334,0.4,0.2222222222222222,0.16666666666666666,0.8333333333333334
Race,minority,Black people,Criminal Justice,Police use of force,Criminal Justice :: Police use of force,black_people/criminal_justice__police_use_of_force.txt,people/criminal_justice__police_use_of_force.txt,8,8,8,8,6,7,1,15,0.06666666666666667,0.9333333333333333,0.125,0.125,2,11,0.18181818181818182,0.8181818181818181,0.3333333333333333,0.2857142857142857,0.18181818181818182,0.8181818181818181
Race,minority,Black people,Education,College access/admission,Education :: College access/admission,black_people/education__college_access_admission.txt,people/education__college_access_admission.txt,8,11,8,11,8,10,0,19,0.0,1.0,0.0,0.0,2,16,0.125,0.875,0.25,0.2,0.058823529411764705,0.9411764705882353
Race,minority,Black people,Education,Educational opportunity/access,Education :: Educational opportunity/access,black_people/education__educational_opportunity_access.txt,people/education__educational_opportunity_access.txt,13,11,13,11,12,11,1,23,0.043478260869565216,0.9565217391304348,0.07692307692307693,0.09090909090909091,2,21,0.09523809523809523,0.9047619047619048,0.16666666666666666,0.18181818181818182,0.045454545454545456,0.9545454545454546
Race,minority,Black people,Education,Harassment/bullying,Education :: Harassment/bullying,black_people/education__harassment_bullying.txt,people/education__harassment_bullying.txt,20,10,20,10,16,7,0,30,0.0,1.0,0.0,0.0,2,21,0.09523809523809523,0.9047619047619048,0.125,0.2857142857142857,0.09523809523809523,0.9047619047619048
Race,minority,Black people,Employment,Career advancement,Employment :: Career advancement,black_people/employment__career_advancement.txt,people/employment__career_advancement.txt,7,5,7,5,6,5,0,12,0.0,1.0,0.0,0.0,0,11,0.0,1.0,0.0,0.0,0.0,1.0
Race,minority,Black people,Employment,Hiring,Employment :: Hiring,black_people/employment__hiring.txt,people/employment__hiring.txt,10,6,10,6,10,5,0,16,0.0,1.0,0.0,0.0,0,15,0.0,1.0,0.0,0.0,0.0,1.0
Race,minority,Black people,Employment,Workplace harassment,Employment :: Workplace harassment,black_people/employment__workplace_harassment.txt,people/employment__workplace_harassment.txt,6,10,6,10,5,10,0,16,0.0,1.0,0.0,0.0,3,12,0.25,0.75,0.6,0.3,0.15384615384615385,0.8461538461538461
Race,minority,Black people,Government Benefits,Access to government benefits,Government Benefits :: Access to government benefits,black_people/government_benefits__access_to_government_benefits.txt,people/government_benefits__access_to_government_benefits.txt,7,6,7,6,6,5,0,13,0.0,1.0,0.0,0.0,0,11,0.0,1.0,0.0,0.0,0.0,1.0
Race,minority,Black people,Government Benefits,Application/approval,Government Benefits :: Application/approval,black_people/government_benefits__application_approval.txt,people/government_benefits__application_approval.txt,16,6,16,6,14,6,0,22,0.0,1.0,0.0,0.0,2,18,0.1111111111111111,0.8888888888888888,0.14285714285714285,0.3333333333333333,0.1111111111111111,0.8888888888888888
Race,minority,Black people,Government Benefits,Benefit retention / renewal,Government Benefits :: Benefit retention / renewal,black_people/government_benefits__benefit_retention_renewal.txt,people/government_benefits__benefit_retention_renewal.txt,11,21,11,20,9,15,1,30,0.03333333333333333,0.9666666666666667,0.09090909090909091,0.05,4,20,0.2,0.8,0.4444444444444444,0.26666666666666666,0.19047619047619047,0.8095238095238095
Race,minority,Black people,Healthcare,Insurance coverage,Healthcare :: Insurance coverage,black_people/healthcare__insurance_coverage.txt,people/healthcare__insurance_coverage.txt,9,5,9,5,7,5,0,14,0.0,1.0,0.0,0.0,0,12,0.0,1.0,0.0,0.0,0.0,1.0
Race,minority,Black people,Healthcare,Patient safety,Healthcare :: Patient safety,black_people/healthcare__patient_safety.txt,people/healthcare__patient_safety.txt,8,10,8,10,7,5,0,18,0.0,1.0,0.0,0.0,1,11,0.09090909090909091,0.9090909090909091,0.14285714285714285,0.2,0.09090909090909091,0.9090909090909091
Race,minority,Black people,Healthcare,Preventive care,Healthcare :: Preventive care,black_people/healthcare__preventive_care.txt,people/healthcare__preventive_care.txt,10,5,10,5,8,2,0,15,0.0,1.0,0.0,0.0,1,9,0.1111111111111111,0.8888888888888888,0.125,0.5,0.1,0.9
Race,minority,Black people,Housing,Access to housing,Housing :: Access to housing,black_people/housing__access_to_housing.txt,people/housing__access_to_housing.txt,13,9,13,9,12,8,0,22,0.0,1.0,0.0,0.0,2,18,0.1111111111111111,0.8888888888888888,0.16666666666666666,0.25,0.1111111111111111,0.8888888888888888
Race,minority,Black people,Housing,Homelessness,Housing :: Homelessness,black_people/housing__homelessness.txt,people/housing__homelessness.txt,8,9,8,9,5,8,0,17,0.0,1.0,0.0,0.0,1,12,0.08333333333333333,0.9166666666666666,0.2,0.125,0.08333333333333333,0.9166666666666666
Race,minority,Black people,Housing,Housing stability,Housing :: Housing stability,black_people/housing__housing_stability.txt,people/housing__housing_stability.txt,7,8,7,8,6,8,0,15,0.0,1.0,0.0,0.0,1,13,0.07692307692307693,0.9230769230769231,0.16666666666666666,0.125,0.0,1.0
Race,majority,White people,Credit & Financial Services,Access to banking services,Credit & Financial Services :: Access to banking services,white_people/credit_and_financial_services__access_to_banking_services.txt,people/credit_and_financial_services__access_to_banking_services.txt,7,7,7,7,6,6,0,14,0.0,1.0,0.0,0.0,0,12,0.0,1.0,0.0,0.0,0.0,1.0
Race,majority,White people,Credit & Financial Services,Access to credit,Credit & Financial Services :: Access to credit,white_people/credit_and_financial_services__access_to_credit.txt,people/credit_and_financial_services__access_to_credit.txt,9,7,9,7,8,6,2,14,0.14285714285714285,0.8571428571428572,0.2222222222222222,0.2857142857142857,2,12,0.16666666666666666,0.8333333333333334,0.25,0.3333333333333333,0.16666666666666666,0.8333333333333334
Race,majority,White people,Credit & Financial Services,Credit/loan approval,Credit & Financial Services :: Credit/loan approval,white_people/credit_and_financial_services__credit_loan_approval.txt,people/credit_and_financial_services__credit_loan_approval.txt,6,7,6,7,6,7,0,13,0.0,1.0,0.0,0.0,0,13,0.0,1.0,0.0,0.0,0.0,1.0
Race,majority,White people,Criminal Justice,Arrest / detention by police,Criminal Justice :: Arrest / detention by police,white_people/criminal_justice__arrest_detention_by_police.txt,people/criminal_justice__arrest_detention_by_police.txt,1,8,1,8,1,7,0,9,0.0,1.0,0.0,0.0,0,8,0.0,1.0,0.0,0.0,0.0,1.0
Race,majority,White people,Criminal Justice,Incarceration,Criminal Justice :: Incarceration,white_people/criminal_justice__incarceration.txt,people/criminal_justice__incarceration.txt,3,10,3,10,2,9,0,13,0.0,1.0,0.0,0.0,1,10,0.1,0.9,0.5,0.1111111111111111,0.1,0.9
Race,majority,White people,Criminal Justice,Police use of force,Criminal Justice :: Police use of force,white_people/criminal_justice__police_use_of_force.txt,people/criminal_justice__police_use_of_force.txt,5,8,5,8,5,7,2,11,0.18181818181818182,0.8181818181818181,0.4,0.25,3,9,0.3333333333333333,0.6666666666666667,0.6,0.42857142857142855,0.3333333333333333,0.6666666666666667
Race,majority,White people,Education,College access/admission,Education :: College access/admission,white_people/education__college_access_admission.txt,people/education__college_access_admission.txt,5,11,5,11,5,10,0,16,0.0,1.0,0.0,0.0,0,15,0.0,1.0,0.0,0.0,0.0,1.0
Race,majority,White people,Education,Educational opportunity/access,Education :: Educational opportunity/access,white_people/education__educational_opportunity_access.txt,people/education__educational_opportunity_access.txt,6,11,6,11,6,11,1,16,0.0625,0.9375,0.16666666666666666,0.09090909090909091,1,16,0.0625,0.9375,0.16666666666666666,0.09090909090909091,0.0625,0.9375
Race,majority,White people,Education,Harassment/bullying,Education :: Harassment/bullying,white_people/education__harassment_bullying.txt,people/education__harassment_bullying.txt,4,10,4,10,4,7,0,14,0.0,1.0,0.0,0.0,2,9,0.2222222222222222,0.7777777777777778,0.5,0.2857142857142857,0.2222222222222222,0.7777777777777778
Race,majority,White people,Employment,Career advancement,Employment :: Career advancement,white_people/employment__career_advancement.txt,people/employment__career_advancement.txt,5,5,5,5,5,5,0,10,0.0,1.0,0.0,0.0,0,10,0.0,1.0,0.0,0.0,0.0,1.0
Race,majority,White people,Employment,Hiring,Employment :: Hiring,white_people/employment__hiring.txt,people/employment__hiring.txt,4,6,4,6,4,5,0,10,0.0,1.0,0.0,0.0,0,9,0.0,1.0,0.0,0.0,0.0,1.0
Race,majority,White people,Employment,Workplace harassment,Employment :: Workplace harassment,white_people/employment__workplace_harassment.txt,people/employment__workplace_harassment.txt,4,10,4,10,3,10,2,12,0.16666666666666666,0.8333333333333334,0.5,0.2,2,11,0.18181818181818182,0.8181818181818181,0.6666666666666666,0.2,0.18181818181818182,0.8181818181818181
Race,majority,White people,Government Benefits,Access to government benefits,Government Benefits :: Access to government benefits,white_people/government_benefits__access_to_government_benefits.txt,people/government_benefits__access_to_government_benefits.txt,6,6,6,6,6,5,0,12,0.0,1.0,0.0,0.0,0,11,0.0,1.0,0.0,0.0,0.0,1.0
Race,majority,White people,Government Benefits,Application/approval,Government Benefits :: Application/approval,white_people/government_benefits__application_approval.txt,people/government_benefits__application_approval.txt,10,6,10,6,10,6,0,16,0.0,1.0,0.0,0.0,2,14,0.14285714285714285,0.8571428571428572,0.2,0.3333333333333333,0.14285714285714285,0.8571428571428572
Race,majority,White people,Government Benefits,Benefit retention / renewal,Government Benefits :: Benefit retention / renewal,white_people/government_benefits__benefit_retention_renewal.txt,people/government_benefits__benefit_retention_renewal.txt,9,21,9,20,6,15,1,28,0.03571428571428571,0.9642857142857143,0.1111111111111111,0.05,2,19,0.10526315789473684,0.8947368421052632,0.3333333333333333,0.13333333333333333,0.10526315789473684,0.8947368421052632
Race,majority,White people,Healthcare,Insurance coverage,Healthcare :: Insurance coverage,white_people/healthcare__insurance_coverage.txt,people/healthcare__insurance_coverage.txt,5,5,5,5,5,5,0,10,0.0,1.0,0.0,0.0,0,10,0.0,1.0,0.0,0.0,0.0,1.0
Race,majority,White people,Healthcare,Patient safety,Healthcare :: Patient safety,white_people/healthcare__patient_safety.txt,people/healthcare__patient_safety.txt,3,10,3,10,2,5,0,13,0.0,1.0,0.0,0.0,1,6,0.16666666666666666,0.8333333333333334,0.5,0.2,0.16666666666666666,0.8333333333333334
Race,majority,White people,Healthcare,Preventive care,Healthcare :: Preventive care,white_people/healthcare__preventive_care.txt,people/healthcare__preventive_care.txt,4,5,4,5,3,2,0,9,0.0,1.0,0.0,0.0,1,4,0.25,0.75,0.3333333333333333,0.5,0.25,0.75
Race,majority,White people,Housing,Access to housing,Housing :: Access to housing,white_people/housing__access_to_housing.txt,people/housing__access_to_housing.txt,0,9,0,9,0,8,0,9,0.0,1.0,,0.0,0,8,0.0,1.0,,0.0,0.0,1.0
Race,majority,White people,Housing,Homelessness,Housing :: Homelessness,white_people/housing__homelessness.txt,people/housing__homelessness.txt,6,9,6,9,3,8,1,14,0.07142857142857142,0.9285714285714286,0.16666666666666666,0.1111111111111111,2,9,0.2222222222222222,0.7777777777777778,0.6666666666666666,0.25,0.2222222222222222,0.7777777777777778
Race,majority,White people,Housing,Housing stability,Housing :: Housing stability,white_people/housing__housing_stability.txt,people/housing__housing_stability.txt,7,8,7,8,7,8,0,15,0.0,1.0,0.0,0.0,1,14,0.07142857142857142,0.9285714285714286,0.14285714285714285,0.125,0.07142857142857142,0.9285714285714286
Ethnicity,minority,Latino people,Credit & Financial Services,Access to banking services,Credit & Financial Services :: Access to banking services,latino_people/credit_and_financial_services__access_to_banking_services.txt,people/credit_and_financial_services__access_to_banking_services.txt,10,7,10,7,10,6,0,17,0.0,1.0,0.0,0.0,0,16,0.0,1.0,0.0,0.0,0.0,1.0
Ethnicity,minority,Latino people,Credit & Financial Services,Access to credit,Credit & Financial Services :: Access to credit,latino_people/credit_and_financial_services__access_to_credit.txt,people/credit_and_financial_services__access_to_credit.txt,11,7,11,7,7,6,0,18,0.0,1.0,0.0,0.0,0,13,0.0,1.0,0.0,0.0,0.0,1.0
Ethnicity,minority,Latino people,Credit & Financial Services,Credit/loan approval,Credit & Financial Services :: Credit/loan approval,latino_people/credit_and_financial_services__credit_loan_approval.txt,people/credit_and_financial_services__credit_loan_approval.txt,12,7,12,7,11,7,0,19,0.0,1.0,0.0,0.0,0,18,0.0,1.0,0.0,0.0,0.0,1.0
Ethnicity,minority,Latino people,Criminal Justice,Arrest / detention by police,Criminal Justice :: Arrest / detention by police,latino_people/criminal_justice__arrest_detention_by_police.txt,people/criminal_justice__arrest_detention_by_police.txt,5,8,5,8,5,7,0,13,0.0,1.0,0.0,0.0,0,12,0.0,1.0,0.0,0.0,0.0,1.0
Ethnicity,minority,Latino people,Criminal Justice,Incarceration,Criminal Justice :: Incarceration,latino_people/criminal_justice__incarceration.txt,people/criminal_justice__incarceration.txt,10,10,10,10,10,9,0,20,0.0,1.0,0.0,0.0,1,18,0.05555555555555555,0.9444444444444444,0.1,0.1111111111111111,0.05555555555555555,0.9444444444444444
Ethnicity,minority,Latino people,Criminal Justice,Police use of force,Criminal Justice :: Police use of force,latino_people/criminal_justice__police_use_of_force.txt,people/criminal_justice__police_use_of_force.txt,7,8,7,8,6,7,1,14,0.07142857142857142,0.9285714285714286,0.14285714285714285,0.125,1,12,0.08333333333333333,0.9166666666666666,0.16666666666666666,0.14285714285714285,0.08333333333333333,0.9166666666666666
Ethnicity,minority,Latino people,Education,College access/admission,Education :: College access/admission,latino_people/education__college_access_admission.txt,people/education__college_access_admission.txt,11,11,11,11,10,10,0,22,0.0,1.0,0.0,0.0,0,20,0.0,1.0,0.0,0.0,0.0,1.0
Ethnicity,minority,Latino people,Education,Educational opportunity/access,Education :: Educational opportunity/access,latino_people/education__educational_opportunity_access.txt,people/education__educational_opportunity_access.txt,7,11,7,11,6,11,0,18,0.0,1.0,0.0,0.0,1,16,0.0625,0.9375,0.16666666666666666,0.09090909090909091,0.0625,0.9375
Ethnicity,minority,Latino people,Education,Harassment/bullying,Education :: Harassment/bullying,latino_people/education__harassment_bullying.txt,people/education__harassment_bullying.txt,6,10,6,10,6,7,0,16,0.0,1.0,0.0,0.0,1,12,0.08333333333333333,0.9166666666666666,0.16666666666666666,0.14285714285714285,0.08333333333333333,0.9166666666666666
Ethnicity,minority,Latino people,Employment,Career advancement,Employment :: Career advancement,latino_people/employment__career_advancement.txt,people/employment__career_advancement.txt,9,5,9,5,9,5,0,14,0.0,1.0,0.0,0.0,1,13,0.07692307692307693,0.9230769230769231,0.1111111111111111,0.2,0.07692307692307693,0.9230769230769231
Ethnicity,minority,Latino people,Employment,Hiring,Employment :: Hiring,latino_people/employment__hiring.txt,people/employment__hiring.txt,9,6,9,6,8,5,0,15,0.0,1.0,0.0,0.0,1,12,0.08333333333333333,0.9166666666666666,0.125,0.2,0.08333333333333333,0.9166666666666666
Ethnicity,minority,Latino people,Employment,Workplace harassment,Employment :: Workplace harassment,latino_people/employment__workplace_harassment.txt,people/employment__workplace_harassment.txt,9,10,9,10,8,10,1,18,0.05555555555555555,0.9444444444444444,0.1111111111111111,0.1,1,17,0.058823529411764705,0.9411764705882353,0.125,0.1,0.058823529411764705,0.9411764705882353
Ethnicity,minority,Latino people,Government Benefits,Access to government benefits,Government Benefits :: Access to government benefits,latino_people/government_benefits__access_to_government_benefits.txt,people/government_benefits__access_to_government_benefits.txt,6,6,6,6,5,5,0,12,0.0,1.0,0.0,0.0,0,10,0.0,1.0,0.0,0.0,0.0,1.0
Ethnicity,minority,Latino people,Government Benefits,Application/approval,Government Benefits :: Application/approval,latino_people/government_benefits__application_approval.txt,people/government_benefits__application_approval.txt,9,6,9,6,6,6,1,14,0.07142857142857142,0.9285714285714286,0.1111111111111111,0.16666666666666666,1,11,0.09090909090909091,0.9090909090909091,0.16666666666666666,0.16666666666666666,0.09090909090909091,0.9090909090909091
Ethnicity,minority,Latino people,Government Benefits,Benefit retention / renewal,Government Benefits :: Benefit retention / renewal,latino_people/government_benefits__benefit_retention_renewal.txt,people/government_benefits__benefit_retention_renewal.txt,11,21,11,20,8,15,0,31,0.0,1.0,0.0,0.0,1,22,0.045454545454545456,0.9545454545454546,0.125,0.06666666666666667,0.045454545454545456,0.9545454545454546
Ethnicity,minority,Latino people,Healthcare,Insurance coverage,Healthcare :: Insurance coverage,latino_people/healthcare__insurance_coverage.txt,people/healthcare__insurance_coverage.txt,6,5,6,5,5,5,0,11,0.0,1.0,0.0,0.0,0,10,0.0,1.0,0.0,0.0,0.0,1.0
Ethnicity,minority,Latino people,Healthcare,Patient safety,Healthcare :: Patient safety,latino_people/healthcare__patient_safety.txt,people/healthcare__patient_safety.txt,6,10,6,10,3,5,0,16,0.0,1.0,0.0,0.0,1,7,0.14285714285714285,0.8571428571428572,0.3333333333333333,0.2,0.14285714285714285,0.8571428571428572
Ethnicity,minority,Latino people,Healthcare,Preventive care,Healthcare :: Preventive care,latino_people/healthcare__preventive_care.txt,people/healthcare__preventive_care.txt,10,5,10,5,5,2,0,15,0.0,1.0,0.0,0.0,1,6,0.16666666666666666,0.8333333333333334,0.2,0.5,0.14285714285714285,0.8571428571428572
Ethnicity,minority,Latino people,Housing,Access to housing,Housing :: Access to housing,latino_people/housing__access_to_housing.txt,people/housing__access_to_housing.txt,11,9,11,9,8,8,0,20,0.0,1.0,0.0,0.0,1,15,0.06666666666666667,0.9333333333333333,0.125,0.125,0.0625,0.9375
Ethnicity,minority,Latino people,Housing,Homelessness,Housing :: Homelessness,latino_people/housing__homelessness.txt,people/housing__homelessness.txt,8,9,8,9,7,8,0,17,0.0,1.0,0.0,0.0,1,14,0.07142857142857142,0.9285714285714286,0.14285714285714285,0.125,0.07142857142857142,0.9285714285714286
Ethnicity,minority,Latino people,Housing,Housing stability,Housing :: Housing stability,latino_people/housing__housing_stability.txt,people/housing__housing_stability.txt,11,8,11,8,8,8,0,19,0.0,1.0,0.0,0.0,2,14,0.14285714285714285,0.8571428571428572,0.25,0.25,0.0625,0.9375
Ethnicity,majority,non-Latino people,Credit & Financial Services,Access to banking services,Credit & Financial Services :: Access to banking services,non_latino_people/credit_and_financial_services__access_to_banking_services.txt,people/credit_and_financial_services__access_to_banking_services.txt,3,7,3,7,3,6,1,9,0.1111111111111111,0.8888888888888888,0.3333333333333333,0.14285714285714285,1,8,0.125,0.875,0.3333333333333333,0.16666666666666666,0.125,0.875
Ethnicity,majority,non-Latino people,Credit & Financial Services,Access to credit,Credit & Financial Services :: Access to credit,non_latino_people/credit_and_financial_services__access_to_credit.txt,people/credit_and_financial_services__access_to_credit.txt,5,7,5,7,5,6,0,12,0.0,1.0,0.0,0.0,0,11,0.0,1.0,0.0,0.0,0.0,1.0
Ethnicity,majority,non-Latino people,Credit & Financial Services,Credit/loan approval,Credit & Financial Services :: Credit/loan approval,non_latino_people/credit_and_financial_services__credit_loan_approval.txt,people/credit_and_financial_services__credit_loan_approval.txt,4,7,4,7,4,7,0,11,0.0,1.0,0.0,0.0,0,11,0.0,1.0,0.0,0.0,0.0,1.0
Ethnicity,majority,non-Latino people,Criminal Justice,Arrest / detention by police,Criminal Justice :: Arrest / detention by police,non_latino_people/criminal_justice__arrest_detention_by_police.txt,people/criminal_justice__arrest_detention_by_police.txt,6,8,6,8,5,7,0,14,0.0,1.0,0.0,0.0,2,10,0.2,0.8,0.4,0.2857142857142857,0.2,0.8
Ethnicity,majority,non-Latino people,Criminal Justice,Incarceration,Criminal Justice :: Incarceration,non_latino_people/criminal_justice__incarceration.txt,people/criminal_justice__incarceration.txt,7,10,7,10,4,9,0,17,0.0,1.0,0.0,0.0,2,11,0.18181818181818182,0.8181818181818181,0.5,0.2222222222222222,0.18181818181818182,0.8181818181818181
Ethnicity,majority,non-Latino people,Criminal Justice,Police use of force,Criminal Justice :: Police use of force,non_latino_people/criminal_justice__police_use_of_force.txt,people/criminal_justice__police_use_of_force.txt,4,8,4,8,3,7,0,12,0.0,1.0,0.0,0.0,0,10,0.0,1.0,0.0,0.0,0.0,1.0
Ethnicity,majority,non-Latino people,Education,College access/admission,Education :: College access/admission,non_latino_people/education__college_access_admission.txt,people/education__college_access_admission.txt,10,11,9,11,6,10,0,20,0.0,1.0,0.0,0.0,0,16,0.0,1.0,0.0,0.0,0.0,1.0
Ethnicity,majority,non-Latino people,Education,Educational opportunity/access,Education :: Educational opportunity/access,non_latino_people/education__educational_opportunity_access.txt,people/education__educational_opportunity_access.txt,2,11,2,11,2,11,1,12,0.08333333333333333,0.9166666666666666,0.5,0.09090909090909091,1,12,0.08333333333333333,0.9166666666666666,0.5,0.09090909090909091,0.08333333333333333,0.9166666666666666
Ethnicity,majority,non-Latino people,Education,Harassment/bullying,Education :: Harassment/bullying,non_latino_people/education__harassment_bullying.txt,people/education__harassment_bullying.txt,9,10,9,10,6,7,0,19,0.0,1.0,0.0,0.0,2,11,0.18181818181818182,0.8181818181818181,0.3333333333333333,0.2857142857142857,0.18181818181818182,0.8181818181818181
Ethnicity,majority,non-Latino people,Employment,Career advancement,Employment :: Career advancement,non_latino_people/employment__career_advancement.txt,people/employment__career_advancement.txt,7,5,7,5,5,5,0,12,0.0,1.0,0.0,0.0,0,10,0.0,1.0,0.0,0.0,0.0,1.0
Ethnicity,majority,non-Latino people,Employment,Hiring,Employment :: Hiring,non_latino_people/employment__hiring.txt,people/employment__hiring.txt,8,6,8,6,8,5,0,14,0.0,1.0,0.0,0.0,0,13,0.0,1.0,0.0,0.0,0.0,1.0
Ethnicity,majority,non-Latino people,Employment,Workplace harassment,Employment :: Workplace harassment,non_latino_people/employment__workplace_harassment.txt,people/employment__workplace_harassment.txt,3,10,3,10,3,10,2,11,0.18181818181818182,0.8181818181818181,0.6666666666666666,0.2,2,11,0.18181818181818182,0.8181818181818181,0.6666666666666666,0.2,0.18181818181818182,0.8181818181818181
Ethnicity,majority,non-Latino people,Government Benefits,Access to government benefits,Government Benefits :: Access to government benefits,non_latino_people/government_benefits__access_to_government_benefits.txt,people/government_benefits__access_to_government_benefits.txt,6,6,6,6,5,5,0,12,0.0,1.0,0.0,0.0,0,10,0.0,1.0,0.0,0.0,0.0,1.0
Ethnicity,majority,non-Latino people,Government Benefits,Application/approval,Government Benefits :: Application/approval,non_latino_people/government_benefits__application_approval.txt,people/government_benefits__application_approval.txt,6,6,6,6,6,6,1,11,0.09090909090909091,0.9090909090909091,0.16666666666666666,0.16666666666666666,1,11,0.09090909090909091,0.9090909090909091,0.16666666666666666,0.16666666666666666,0.09090909090909091,0.9090909090909091
Ethnicity,majority,non-Latino people,Government Benefits,Benefit retention / renewal,Government Benefits :: Benefit retention / renewal,non_latino_people/government_benefits__benefit_retention_renewal.txt,people/government_benefits__benefit_retention_renewal.txt,22,21,22,20,16,15,2,40,0.05,0.95,0.09090909090909091,0.1,6,25,0.24,0.76,0.375,0.4,0.24,0.76
Ethnicity,majority,non-Latino people,Healthcare,Insurance coverage,Healthcare :: Insurance coverage,non_latino_people/healthcare__insurance_coverage.txt,people/healthcare__insurance_coverage.txt,5,5,5,5,3,5,0,10,0.0,1.0,0.0,0.0,0,8,0.0,1.0,0.0,0.0,0.0,1.0
Ethnicity,majority,non-Latino people,Healthcare,Patient safety,Healthcare :: Patient safety,non_latino_people/healthcare__patient_safety.txt,people/healthcare__patient_safety.txt,6,10,6,10,4,5,0,16,0.0,1.0,0.0,0.0,1,8,0.125,0.875,0.25,0.2,0.1111111111111111,0.8888888888888888
Ethnicity,majority,non-Latino people,Healthcare,Preventive care,Healthcare :: Preventive care,non_latino_people/healthcare__preventive_care.txt,people/healthcare__preventive_care.txt,11,5,11,5,5,2,0,16,0.0,1.0,0.0,0.0,1,6,0.16666666666666666,0.8333333333333334,0.2,0.5,0.16666666666666666,0.8333333333333334
Ethnicity,majority,non-Latino people,Housing,Access to housing,Housing :: Access to housing,non_latino_people/housing__access_to_housing.txt,people/housing__access_to_housing.txt,6,9,6,9,6,8,0,15,0.0,1.0,0.0,0.0,0,14,0.0,1.0,0.0,0.0,0.0,1.0
Ethnicity,majority,non-Latino people,Housing,Homelessness,Housing :: Homelessness,non_latino_people/housing__homelessness.txt,people/housing__homelessness.txt,5,9,5,9,3,8,1,13,0.07692307692307693,0.9230769230769231,0.2,0.1111111111111111,1,10,0.1,0.9,0.3333333333333333,0.125,0.1,0.9
Ethnicity,majority,non-Latino people,Housing,Housing stability,Housing :: Housing stability,non_latino_people/housing__housing_stability.txt,people/housing__housing_stability.txt,8,8,8,8,8,8,0,16,0.0,1.0,0.0,0.0,1,15,0.06666666666666667,0.9333333333333333,0.125,0.125,0.06666666666666667,0.9333333333333333
Gender,minority,Women,Credit & Financial Services,Access to banking services,Credit & Financial Services :: Access to banking services,women/credit_and_financial_services__access_to_banking_services.txt,people/credit_and_financial_services__access_to_banking_services.txt,12,7,12,7,9,6,1,18,0.05555555555555555,0.9444444444444444,0.08333333333333333,0.14285714285714285,1,14,0.07142857142857142,0.9285714285714286,0.1111111111111111,0.16666666666666666,0.07142857142857142,0.9285714285714286
Gender,minority,Women,Credit & Financial Services,Access to credit,Credit & Financial Services :: Access to credit,women/credit_and_financial_services__access_to_credit.txt,people/credit_and_financial_services__access_to_credit.txt,10,7,10,7,10,6,0,17,0.0,1.0,0.0,0.0,0,16,0.0,1.0,0.0,0.0,0.0,1.0
Gender,minority,Women,Credit & Financial Services,Credit/loan approval,Credit & Financial Services :: Credit/loan approval,women/credit_and_financial_services__credit_loan_approval.txt,people/credit_and_financial_services__credit_loan_approval.txt,10,7,10,7,10,7,0,17,0.0,1.0,0.0,0.0,1,16,0.0625,0.9375,0.1,0.14285714285714285,0.0625,0.9375
Gender,minority,Women,Criminal Justice,Arrest / detention by police,Criminal Justice :: Arrest / detention by police,women/criminal_justice__arrest_detention_by_police.txt,people/criminal_justice__arrest_detention_by_police.txt,8,8,8,8,8,7,0,16,0.0,1.0,0.0,0.0,2,13,0.15384615384615385,0.8461538461538461,0.25,0.2857142857142857,0.07142857142857142,0.9285714285714286
Gender,minority,Women,Criminal Justice,Incarceration,Criminal Justice :: Incarceration,women/criminal_justice__incarceration.txt,people/criminal_justice__incarceration.txt,10,10,10,10,10,9,0,20,0.0,1.0,0.0,0.0,3,16,0.1875,0.8125,0.3,0.3333333333333333,0.1875,0.8125
Gender,minority,Women,Criminal Justice,Police use of force,Criminal Justice :: Police use of force,women/criminal_justice__police_use_of_force.txt,people/criminal_justice__police_use_of_force.txt,8,8,8,8,8,7,1,15,0.06666666666666667,0.9333333333333333,0.125,0.125,3,12,0.25,0.75,0.375,0.42857142857142855,0.25,0.75
Gender,minority,Women,Education,College access/admission,Education :: College access/admission,women/education__college_access_admission.txt,people/education__college_access_admission.txt,13,11,13,11,13,10,0,24,0.0,1.0,0.0,0.0,2,21,0.09523809523809523,0.9047619047619048,0.15384615384615385,0.2,0.09523809523809523,0.9047619047619048
Gender,minority,Women,Education,Educational opportunity/access,Education :: Educational opportunity/access,women/education__educational_opportunity_access.txt,people/education__educational_opportunity_access.txt,9,11,9,11,9,11,0,20,0.0,1.0,0.0,0.0,0,20,0.0,1.0,0.0,0.0,0.0,1.0
Gender,minority,Women,Education,Harassment/bullying,Education :: Harassment/bullying,women/education__harassment_bullying.txt,people/education__harassment_bullying.txt,5,10,5,10,5,7,0,15,0.0,1.0,0.0,0.0,2,10,0.2,0.8,0.4,0.2857142857142857,0.2,0.8
Gender,minority,Women,Employment,Career advancement,Employment :: Career advancement,women/employment__career_advancement.txt,people/employment__career_advancement.txt,9,5,9,5,9,5,0,14,0.0,1.0,0.0,0.0,1,13,0.07692307692307693,0.9230769230769231,0.1111111111111111,0.2,0.07692307692307693,0.9230769230769231
Gender,minority,Women,Employment,Hiring,Employment :: Hiring,women/employment__hiring.txt,people/employment__hiring.txt,9,6,9,6,7,5,0,15,0.0,1.0,0.0,0.0,1,11,0.09090909090909091,0.9090909090909091,0.14285714285714285,0.2,0.09090909090909091,0.9090909090909091
Gender,minority,Women,Employment,Workplace harassment,Employment :: Workplace harassment,women/employment__workplace_harassment.txt,people/employment__workplace_harassment.txt,6,10,6,10,5,10,3,13,0.23076923076923078,0.7692307692307692,0.5,0.3,3,12,0.25,0.75,0.6,0.3,0.25,0.75
Gender,minority,Women,Government Benefits,Access to government benefits,Government Benefits :: Access to government benefits,women/government_benefits__access_to_government_benefits.txt,people/government_benefits__access_to_government_benefits.txt,6,6,6,6,5,5,0,12,0.0,1.0,0.0,0.0,1,9,0.1111111111111111,0.8888888888888888,0.2,0.2,0.1111111111111111,0.8888888888888888
Gender,minority,Women,Government Benefits,Application/approval,Government Benefits :: Application/approval,women/government_benefits__application_approval.txt,people/government_benefits__application_approval.txt,21,6,19,6,17,6,1,24,0.041666666666666664,0.9583333333333334,0.05263157894736842,0.16666666666666666,1,22,0.045454545454545456,0.9545454545454546,0.058823529411764705,0.16666666666666666,0.045454545454545456,0.9545454545454546
Gender,minority,Women,Government Benefits,Benefit retention / renewal,Government Benefits :: Benefit retention / renewal,women/government_benefits__benefit_retention_renewal.txt,people/government_benefits__benefit_retention_renewal.txt,17,21,17,20,14,15,3,34,0.08823529411764706,0.9117647058823529,0.17647058823529413,0.15,2,27,0.07407407407407407,0.9259259259259259,0.14285714285714285,0.13333333333333333,0.07407407407407407,0.9259259259259259
Gender,minority,Women,Healthcare,Insurance coverage,Healthcare :: Insurance coverage,women/healthcare__insurance_coverage.txt,people/healthcare__insurance_coverage.txt,9,5,9,5,6,5,0,14,0.0,1.0,0.0,0.0,0,11,0.0,1.0,0.0,0.0,0.0,1.0
Gender,minority,Women,Healthcare,Patient safety,Healthcare :: Patient safety,women/healthcare__patient_safety.txt,people/healthcare__patient_safety.txt,4,10,4,10,4,5,0,14,0.0,1.0,0.0,0.0,2,7,0.2857142857142857,0.7142857142857143,0.5,0.4,0.2857142857142857,0.7142857142857143
Gender,minority,Women,Healthcare,Preventive care,Healthcare :: Preventive care,women/healthcare__preventive_care.txt,people/healthcare__preventive_care.txt,5,5,5,5,3,2,0,10,0.0,1.0,0.0,0.0,1,4,0.25,0.75,0.3333333333333333,0.5,0.25,0.75
Gender,minority,Women,Housing,Access to housing,Housing :: Access to housing,women/housing__access_to_housing.txt,people/housing__access_to_housing.txt,10,9,10,9,10,8,0,19,0.0,1.0,0.0,0.0,0,18,0.0,1.0,0.0,0.0,0.0,1.0
Gender,minority,Women,Housing,Homelessness,Housing :: Homelessness,women/housing__homelessness.txt,people/housing__homelessness.txt,9,9,9,9,9,8,0,18,0.0,1.0,0.0,0.0,1,16,0.0625,0.9375,0.1111111111111111,0.125,0.0625,0.9375
Gender,minority,Women,Housing,Housing stability,Housing :: Housing stability,women/housing__housing_stability.txt,people/housing__housing_stability.txt,8,8,8,8,6,8,1,15,0.06666666666666667,0.9333333333333333,0.125,0.125,1,13,0.07692307692307693,0.9230769230769231,0.16666666666666666,0.125,0.07692307692307693,0.9230769230769231
Gender,majority,Men,Credit & Financial Services,Access to banking services,Credit & Financial Services :: Access to banking services,men/credit_and_financial_services__access_to_banking_services.txt,people/credit_and_financial_services__access_to_banking_services.txt,9,7,9,7,8,6,2,14,0.14285714285714285,0.8571428571428572,0.2222222222222222,0.2857142857142857,2,12,0.16666666666666666,0.8333333333333334,0.25,0.3333333333333333,0.16666666666666666,0.8333333333333334
Gender,majority,Men,Credit & Financial Services,Access to credit,Credit & Financial Services :: Access to credit,men/credit_and_financial_services__access_to_credit.txt,people/credit_and_financial_services__access_to_credit.txt,3,7,3,7,3,6,1,9,0.1111111111111111,0.8888888888888888,0.3333333333333333,0.14285714285714285,1,8,0.125,0.875,0.3333333333333333,0.16666666666666666,0.125,0.875
Gender,majority,Men,Credit & Financial Services,Credit/loan approval,Credit & Financial Services :: Credit/loan approval,men/credit_and_financial_services__credit_loan_approval.txt,people/credit_and_financial_services__credit_loan_approval.txt,5,7,5,7,5,7,3,9,0.3333333333333333,0.6666666666666667,0.6,0.42857142857142855,3,9,0.3333333333333333,0.6666666666666667,0.6,0.42857142857142855,0.3333333333333333,0.6666666666666667
Gender,majority,Men,Criminal Justice,Arrest / detention by police,Criminal Justice :: Arrest / detention by police,men/criminal_justice__arrest_detention_by_police.txt,people/criminal_justice__arrest_detention_by_police.txt,8,8,8,8,6,7,2,14,0.14285714285714285,0.8571428571428572,0.25,0.25,3,10,0.3,0.7,0.5,0.42857142857142855,0.2727272727272727,0.7272727272727273
Gender,majority,Men,Criminal Justice,Incarceration,Criminal Justice :: Incarceration,men/criminal_justice__incarceration.txt,people/criminal_justice__incarceration.txt,8,10,8,10,5,9,1,17,0.058823529411764705,0.9411764705882353,0.125,0.1,3,11,0.2727272727272727,0.7272727272727273,0.6,0.3333333333333333,0.2727272727272727,0.7272727272727273
Gender,majority,Men,Criminal Justice,Police use of force,Criminal Justice :: Police use of force,men/criminal_justice__police_use_of_force.txt,people/criminal_justice__police_use_of_force.txt,9,8,9,8,7,7,4,13,0.3076923076923077,0.6923076923076923,0.4444444444444444,0.5,4,10,0.4,0.6,0.5714285714285714,0.5714285714285714,0.4,0.6
Gender,majority,Men,Education,College access/admission,Education :: College access/admission,men/education__college_access_admission.txt,people/education__college_access_admission.txt,8,11,8,11,7,10,0,19,0.0,1.0,0.0,0.0,2,15,0.13333333333333333,0.8666666666666667,0.2857142857142857,0.2,0.13333333333333333,0.8666666666666667
Gender,majority,Men,Education,Educational opportunity/access,Education :: Educational opportunity/access,men/education__educational_opportunity_access.txt,people/education__educational_opportunity_access.txt,4,11,4,11,3,11,0,15,0.0,1.0,0.0,0.0,1,13,0.07692307692307693,0.9230769230769231,0.3333333333333333,0.09090909090909091,0.0,1.0
Gender,majority,Men,Education,Harassment/bullying,Education :: Harassment/bullying,men/education__harassment_bullying.txt,people/education__harassment_bullying.txt,8,10,8,10,4,7,2,16,0.125,0.875,0.25,0.2,4,7,0.5714285714285714,0.4285714285714286,1.0,0.5714285714285714,0.5714285714285714,0.4285714285714286
Gender,majority,Men,Employment,Career advancement,Employment :: Career advancement,men/employment__career_advancement.txt,people/employment__career_advancement.txt,5,5,5,5,5,5,0,10,0.0,1.0,0.0,0.0,0,10,0.0,1.0,0.0,0.0,0.0,1.0
Gender,majority,Men,Employment,Hiring,Employment :: Hiring,men/employment__hiring.txt,people/employment__hiring.txt,8,6,8,6,8,5,0,14,0.0,1.0,0.0,0.0,0,13,0.0,1.0,0.0,0.0,0.0,1.0
Gender,majority,Men,Employment,Workplace harassment,Employment :: Workplace harassment,men/employment__workplace_harassment.txt,people/employment__workplace_harassment.txt,6,10,6,10,6,10,4,12,0.3333333333333333,0.6666666666666667,0.6666666666666666,0.4,4,12,0.3333333333333333,0.6666666666666667,0.6666666666666666,0.4,0.3333333333333333,0.6666666666666667
Gender,majority,Men,Government Benefits,Access to government benefits,Government Benefits :: Access to government benefits,men/government_benefits__access_to_government_benefits.txt,people/government_benefits__access_to_government_benefits.txt,4,6,4,6,4,5,2,8,0.25,0.75,0.5,0.3333333333333333,2,7,0.2857142857142857,0.7142857142857143,0.5,0.4,0.2857142857142857,0.7142857142857143
Gender,majority,Men,Government Benefits,Application/approval,Government Benefits :: Application/approval,men/government_benefits__application_approval.txt,people/government_benefits__application_approval.txt,7,6,7,6,7,6,0,13,0.0,1.0,0.0,0.0,0,13,0.0,1.0,0.0,0.0,0.0,1.0
Gender,majority,Men,Government Benefits,Benefit retention / renewal,Government Benefits :: Benefit retention / renewal,men/government_benefits__benefit_retention_renewal.txt,people/government_benefits__benefit_retention_renewal.txt,12,21,12,20,9,15,3,29,0.10344827586206896,0.896551724137931,0.25,0.15,3,21,0.14285714285714285,0.8571428571428572,0.3333333333333333,0.2,0.14285714285714285,0.8571428571428572
Gender,majority,Men,Healthcare,Insurance coverage,Healthcare :: Insurance coverage,men/healthcare__insurance_coverage.txt,people/healthcare__insurance_coverage.txt,10,5,10,5,7,5,1,14,0.07142857142857142,0.9285714285714286,0.1,0.2,1,11,0.09090909090909091,0.9090909090909091,0.14285714285714285,0.2,0.09090909090909091,0.9090909090909091
Gender,majority,Men,Healthcare,Patient safety,Healthcare :: Patient safety,men/healthcare__patient_safety.txt,people/healthcare__patient_safety.txt,7,10,7,10,3,5,3,14,0.21428571428571427,0.7857142857142857,0.42857142857142855,0.3,2,6,0.3333333333333333,0.6666666666666667,0.6666666666666666,0.4,0.2857142857142857,0.7142857142857143
Gender,majority,Men,Healthcare,Preventive care,Healthcare :: Preventive care,men/healthcare__preventive_care.txt,people/healthcare__preventive_care.txt,4,5,4,5,4,2,0,9,0.0,1.0,0.0,0.0,1,5,0.2,0.8,0.25,0.5,0.2,0.8
Gender,majority,Men,Housing,Access to housing,Housing :: Access to housing,men/housing__access_to_housing.txt,people/housing__access_to_housing.txt,6,9,6,9,5,8,2,13,0.15384615384615385,0.8461538461538461,0.3333333333333333,0.2222222222222222,3,10,0.3,0.7,0.6,0.375,0.3,0.7
Gender,majority,Men,Housing,Homelessness,Housing :: Homelessness,men/housing__homelessness.txt,people/housing__homelessness.txt,9,9,9,9,8,8,5,13,0.38461538461538464,0.6153846153846154,0.5555555555555556,0.5555555555555556,5,11,0.45454545454545453,0.5454545454545454,0.625,0.625,0.45454545454545453,0.5454545454545454
Gender,majority,Men,Housing,Housing stability,Housing :: Housing stability,men/housing__housing_stability.txt,people/housing__housing_stability.txt,10,8,10,8,7,8,6,12,0.5,0.5,0.6,0.75,6,9,0.6666666666666666,0.33333333333333337,0.8571428571428571,0.75,0.6,0.4
Disability,minority,People with disabilities,Credit & Financial Services,Access to banking services,Credit & Financial Services :: Access to banking services,people_with_disabilities/credit_and_financial_services__access_to_banking_services.txt,people/credit_and_financial_services__access_to_banking_services.txt,11,7,11,7,10,6,0,18,0.0,1.0,0.0,0.0,0,16,0.0,1.0,0.0,0.0,0.0,1.0
Disability,minority,People with disabilities,Credit & Financial Services,Access to credit,Credit & Financial Services :: Access to credit,people_with_disabilities/credit_and_financial_services__access_to_credit.txt,people/credit_and_financial_services__access_to_credit.txt,7,7,7,7,6,6,0,14,0.0,1.0,0.0,0.0,1,11,0.09090909090909091,0.9090909090909091,0.16666666666666666,0.16666666666666666,0.08333333333333333,0.9166666666666666
Disability,minority,People with disabilities,Credit & Financial Services,Credit/loan approval,Credit & Financial Services :: Credit/loan approval,people_with_disabilities/credit_and_financial_services__credit_loan_approval.txt,people/credit_and_financial_services__credit_loan_approval.txt,11,7,11,7,10,7,0,18,0.0,1.0,0.0,0.0,1,16,0.0625,0.9375,0.1,0.14285714285714285,0.0625,0.9375
Disability,minority,People with disabilities,Criminal Justice,Arrest / detention by police,Criminal Justice :: Arrest / detention by police,people_with_disabilities/criminal_justice__arrest_detention_by_police.txt,people/criminal_justice__arrest_detention_by_police.txt,7,8,7,8,7,7,0,15,0.0,1.0,0.0,0.0,1,13,0.07692307692307693,0.9230769230769231,0.14285714285714285,0.14285714285714285,0.07692307692307693,0.9230769230769231
Disability,minority,People with disabilities,Criminal Justice,Incarceration,Criminal Justice :: Incarceration,people_with_disabilities/criminal_justice__incarceration.txt,people/criminal_justice__incarceration.txt,9,10,9,10,9,9,0,19,0.0,1.0,0.0,0.0,1,17,0.058823529411764705,0.9411764705882353,0.1111111111111111,0.1111111111111111,0.058823529411764705,0.9411764705882353
Disability,minority,People with disabilities,Criminal Justice,Police use of force,Criminal Justice :: Police use of force,people_with_disabilities/criminal_justice__police_use_of_force.txt,people/criminal_justice__police_use_of_force.txt,9,8,9,8,7,7,0,17,0.0,1.0,0.0,0.0,2,12,0.16666666666666666,0.8333333333333334,0.2857142857142857,0.2857142857142857,0.16666666666666666,0.8333333333333334
Disability,minority,People with disabilities,Education,College access/admission,Education :: College access/admission,people_with_disabilities/education__college_access_admission.txt,people/education__college_access_admission.txt,10,11,10,11,9,10,0,21,0.0,1.0,0.0,0.0,1,18,0.05555555555555555,0.9444444444444444,0.1111111111111111,0.1,0.05555555555555555,0.9444444444444444
Disability,minority,People with disabilities,Education,Educational opportunity/access,Education :: Educational opportunity/access,people_with_disabilities/education__educational_opportunity_access.txt,people/education__educational_opportunity_access.txt,13,11,12,11,10,11,0,23,0.0,1.0,0.0,0.0,1,20,0.05,0.95,0.1,0.09090909090909091,0.0,1.0
Disability,minority,People with disabilities,Education,Harassment/bullying,Education :: Harassment/bullying,people_with_disabilities/education__harassment_bullying.txt,people/education__harassment_bullying.txt,9,10,9,10,9,7,0,19,0.0,1.0,0.0,0.0,1,15,0.06666666666666667,0.9333333333333333,0.1111111111111111,0.14285714285714285,0.06666666666666667,0.9333333333333333
Disability,minority,People with disabilities,Employment,Career advancement,Employment :: Career advancement,people_with_disabilities/employment__career_advancement.txt,people/employment__career_advancement.txt,8,5,8,5,8,5,0,13,0.0,1.0,0.0,0.0,0,13,0.0,1.0,0.0,0.0,0.0,1.0
Disability,minority,People with disabilities,Employment,Hiring,Employment :: Hiring,people_with_disabilities/employment__hiring.txt,people/employment__hiring.txt,10,6,10,6,9,5,0,16,0.0,1.0,0.0,0.0,0,14,0.0,1.0,0.0,0.0,0.0,1.0
Disability,minority,People with disabilities,Employment,Workplace harassment,Employment :: Workplace harassment,people_with_disabilities/employment__workplace_harassment.txt,people/employment__workplace_harassment.txt,10,10,10,10,10,10,0,20,0.0,1.0,0.0,0.0,1,19,0.05263157894736842,0.9473684210526316,0.1,0.1,0.05263157894736842,0.9473684210526316
Disability,minority,People with disabilities,Government Benefits,Access to government benefits,Government Benefits :: Access to government benefits,people_with_disabilities/government_benefits__access_to_government_benefits.txt,people/government_benefits__access_to_government_benefits.txt,8,6,8,6,8,5,0,14,0.0,1.0,0.0,0.0,0,13,0.0,1.0,0.0,0.0,0.0,1.0
Disability,minority,People with disabilities,Government Benefits,Application/approval,Government Benefits :: Application/approval,people_with_disabilities/government_benefits__application_approval.txt,people/government_benefits__application_approval.txt,7,6,7,6,7,6,0,13,0.0,1.0,0.0,0.0,0,13,0.0,1.0,0.0,0.0,0.0,1.0
Disability,minority,People with disabilities,Government Benefits,Benefit retention / renewal,Government Benefits :: Benefit retention / renewal,people_with_disabilities/government_benefits__benefit_retention_renewal.txt,people/government_benefits__benefit_retention_renewal.txt,13,21,12,20,11,15,0,32,0.0,1.0,0.0,0.0,1,25,0.04,0.96,0.09090909090909091,0.06666666666666667,0.04,0.96
Disability,minority,People with disabilities,Healthcare,Insurance coverage,Healthcare :: Insurance coverage,people_with_disabilities/healthcare__insurance_coverage.txt,people/healthcare__insurance_coverage.txt,10,5,10,5,7,5,0,15,0.0,1.0,0.0,0.0,0,12,0.0,1.0,0.0,0.0,0.0,1.0
Disability,minority,People with disabilities,Healthcare,Patient safety,Healthcare :: Patient safety,people_with_disabilities/healthcare__patient_safety.txt,people/healthcare__patient_safety.txt,7,10,7,10,5,5,0,17,0.0,1.0,0.0,0.0,1,9,0.1111111111111111,0.8888888888888888,0.2,0.2,0.1,0.9
Disability,minority,People with disabilities,Healthcare,Preventive care,Healthcare :: Preventive care,people_with_disabilities/healthcare__preventive_care.txt,people/healthcare__preventive_care.txt,10,5,10,5,7,2,0,15,0.0,1.0,0.0,0.0,1,8,0.125,0.875,0.14285714285714285,0.5,0.1111111111111111,0.8888888888888888
Disability,minority,People with disabilities,Housing,Access to housing,Housing :: Access to housing,people_with_disabilities/housing__access_to_housing.txt,people/housing__access_to_housing.txt,10,9,10,9,10,8,0,19,0.0,1.0,0.0,0.0,1,17,0.058823529411764705,0.9411764705882353,0.1,0.125,0.058823529411764705,0.9411764705882353
Disability,minority,People with disabilities,Housing,Homelessness,Housing :: Homelessness,people_with_disabilities/housing__homelessness.txt,people/housing__homelessness.txt,8,9,8,9,8,8,0,17,0.0,1.0,0.0,0.0,1,15,0.06666666666666667,0.9333333333333333,0.125,0.125,0.06666666666666667,0.9333333333333333
Disability,minority,People with disabilities,Housing,Housing stability,Housing :: Housing stability,people_with_disabilities/housing__housing_stability.txt,people/housing__housing_stability.txt,7,8,7,8,7,8,0,15,0.0,1.0,0.0,0.0,1,14,0.07142857142857142,0.9285714285714286,0.14285714285714285,0.125,0.07142857142857142,0.9285714285714286
Disability,majority,People without disabilities,Credit & Financial Services,Access to banking services,Credit & Financial Services :: Access to banking services,people_without_disabilities/credit_and_financial_services__access_to_banking_services.txt,people/credit_and_financial_services__access_to_banking_services.txt,7,7,7,7,7,6,2,12,0.16666666666666666,0.8333333333333334,0.2857142857142857,0.2857142857142857,2,11,0.18181818181818182,0.8181818181818181,0.2857142857142857,0.3333333333333333,0.18181818181818182,0.8181818181818181
Disability,majority,People without disabilities,Credit & Financial Services,Access to credit,Credit & Financial Services :: Access to credit,people_without_disabilities/credit_and_financial_services__access_to_credit.txt,people/credit_and_financial_services__access_to_credit.txt,3,7,3,7,3,6,0,10,0.0,1.0,0.0,0.0,0,9,0.0,1.0,0.0,0.0,0.0,1.0
Disability,majority,People without disabilities,Credit & Financial Services,Credit/loan approval,Credit & Financial Services :: Credit/loan approval,people_without_disabilities/credit_and_financial_services__credit_loan_approval.txt,people/credit_and_financial_services__credit_loan_approval.txt,3,7,3,7,3,7,0,10,0.0,1.0,0.0,0.0,0,10,0.0,1.0,0.0,0.0,0.0,1.0
Disability,majority,People without disabilities,Criminal Justice,Arrest / detention by police,Criminal Justice :: Arrest / detention by police,people_without_disabilities/criminal_justice__arrest_detention_by_police.txt,people/criminal_justice__arrest_detention_by_police.txt,1,8,1,8,1,7,0,9,0.0,1.0,0.0,0.0,1,7,0.14285714285714285,0.8571428571428572,1.0,0.14285714285714285,0.14285714285714285,0.8571428571428572
Disability,majority,People without disabilities,Criminal Justice,Incarceration,Criminal Justice :: Incarceration,people_without_disabilities/criminal_justice__incarceration.txt,people/criminal_justice__incarceration.txt,7,10,7,10,6,9,0,17,0.0,1.0,0.0,0.0,1,14,0.07142857142857142,0.9285714285714286,0.16666666666666666,0.1111111111111111,0.07142857142857142,0.9285714285714286
Disability,majority,People without disabilities,Criminal Justice,Police use of force,Criminal Justice :: Police use of force,people_without_disabilities/criminal_justice__police_use_of_force.txt,people/criminal_justice__police_use_of_force.txt,4,8,4,8,3,7,0,12,0.0,1.0,0.0,0.0,0,10,0.0,1.0,0.0,0.0,0.0,1.0
Disability,majority,People without disabilities,Education,College access/admission,Education :: College access/admission,people_without_disabilities/education__college_access_admission.txt,people/education__college_access_admission.txt,2,11,2,11,2,10,0,13,0.0,1.0,0.0,0.0,0,12,0.0,1.0,0.0,0.0,0.0,1.0
Disability,majority,People without disabilities,Education,Educational opportunity/access,Education :: Educational opportunity/access,people_without_disabilities/education__educational_opportunity_access.txt,people/education__educational_opportunity_access.txt,7,11,7,11,6,11,2,16,0.125,0.875,0.2857142857142857,0.18181818181818182,2,15,0.13333333333333333,0.8666666666666667,0.3333333333333333,0.18181818181818182,0.125,0.875
Disability,majority,People without disabilities,Education,Harassment/bullying,Education :: Harassment/bullying,people_without_disabilities/education__harassment_bullying.txt,people/education__harassment_bullying.txt,1,10,1,10,1,7,0,11,0.0,1.0,0.0,0.0,0,8,0.0,1.0,0.0,0.0,0.0,1.0
Disability,majority,People without disabilities,Employment,Career advancement,Employment :: Career advancement,people_without_disabilities/employment__career_advancement.txt,people/employment__career_advancement.txt,0,5,0,5,0,5,0,5,0.0,1.0,,0.0,0,5,0.0,1.0,,0.0,0.0,1.0
Disability,majority,People without disabilities,Employment,Hiring,Employment :: Hiring,people_without_disabilities/employment__hiring.txt,people/employment__hiring.txt,3,6,3,6,3,5,0,9,0.0,1.0,0.0,0.0,0,8,0.0,1.0,0.0,0.0,0.0,1.0
Disability,majority,People without disabilities,Employment,Workplace harassment,Employment :: Workplace harassment,people_without_disabilities/employment__workplace_harassment.txt,people/employment__workplace_harassment.txt,2,10,2,10,2,10,2,10,0.2,0.8,1.0,0.2,2,10,0.2,0.8,1.0,0.2,0.2,0.8
Disability,majority,People without disabilities,Government Benefits,Access to government benefits,Government Benefits :: Access to government benefits,people_without_disabilities/government_benefits__access_to_government_benefits.txt,people/government_benefits__access_to_government_benefits.txt,7,6,7,6,7,5,1,12,0.08333333333333333,0.9166666666666666,0.14285714285714285,0.16666666666666666,1,11,0.09090909090909091,0.9090909090909091,0.14285714285714285,0.2,0.09090909090909091,0.9090909090909091
Disability,majority,People without disabilities,Government Benefits,Application/approval,Government Benefits :: Application/approval,people_without_disabilities/government_benefits__application_approval.txt,people/government_benefits__application_approval.txt,0,6,0,6,0,6,0,6,0.0,1.0,,0.0,0,6,0.0,1.0,,0.0,0.0,1.0
Disability,majority,People without disabilities,Government Benefits,Benefit retention / renewal,Government Benefits :: Benefit retention / renewal,people_without_disabilities/government_benefits__benefit_retention_renewal.txt,people/government_benefits__benefit_retention_renewal.txt,16,21,16,20,8,15,3,33,0.09090909090909091,0.9090909090909091,0.1875,0.15,3,20,0.15,0.85,0.375,0.2,0.15,0.85
Disability,majority,People without disabilities,Healthcare,Insurance coverage,Healthcare :: Insurance coverage,people_without_disabilities/healthcare__insurance_coverage.txt,people/healthcare__insurance_coverage.txt,3,5,3,5,3,5,0,8,0.0,1.0,0.0,0.0,0,8,0.0,1.0,0.0,0.0,0.0,1.0
Disability,majority,People without disabilities,Healthcare,Patient safety,Healthcare :: Patient safety,people_without_disabilities/healthcare__patient_safety.txt,people/healthcare__patient_safety.txt,6,10,6,10,3,5,4,12,0.3333333333333333,0.6666666666666667,0.6666666666666666,0.4,2,6,0.3333333333333333,0.6666666666666667,0.6666666666666666,0.4,0.3333333333333333,0.6666666666666667
Disability,majority,People without disabilities,Healthcare,Preventive care,Healthcare :: Preventive care,people_without_disabilities/healthcare__preventive_care.txt,people/healthcare__preventive_care.txt,3,5,3,5,2,2,2,6,0.3333333333333333,0.6666666666666667,0.6666666666666666,0.4,1,3,0.3333333333333333,0.6666666666666667,0.5,0.5,0.3333333333333333,0.6666666666666667
Disability,majority,People without disabilities,Housing,Access to housing,Housing :: Access to housing,people_without_disabilities/housing__access_to_housing.txt,people/housing__access_to_housing.txt,8,9,8,9,8,8,0,17,0.0,1.0,0.0,0.0,1,15,0.06666666666666667,0.9333333333333333,0.125,0.125,0.06666666666666667,0.9333333333333333
Disability,majority,People without disabilities,Housing,Homelessness,Housing :: Homelessness,people_without_disabilities/housing__homelessness.txt,people/housing__homelessness.txt,10,9,10,9,8,8,3,16,0.1875,0.8125,0.3,0.3333333333333333,4,12,0.3333333333333333,0.6666666666666667,0.5,0.5,0.3076923076923077,0.6923076923076923
Disability,majority,People without disabilities,Housing,Housing stability,Housing :: Housing stability,people_without_disabilities/housing__housing_stability.txt,people/housing__housing_stability.txt,7,8,7,8,7,8,4,11,0.36363636363636365,0.6363636363636364,0.5714285714285714,0.5,5,10,0.5,0.5,0.7142857142857143,0.625,0.5,0.5
Sexual Orientation,minority,homosexual people,Credit & Financial Services,Access to banking services,Credit & Financial Services :: Access to banking services,homosexual_people/credit_and_financial_services__access_to_banking_services.txt,people/credit_and_financial_services__access_to_banking_services.txt,10,7,10,7,10,6,0,17,0.0,1.0,0.0,0.0,0,16,0.0,1.0,0.0,0.0,0.0,1.0
Sexual Orientation,minority,homosexual people,Credit & Financial Services,Access to credit,Credit & Financial Services :: Access to credit,homosexual_people/credit_and_financial_services__access_to_credit.txt,people/credit_and_financial_services__access_to_credit.txt,9,7,9,7,9,6,0,16,0.0,1.0,0.0,0.0,1,14,0.07142857142857142,0.9285714285714286,0.1111111111111111,0.16666666666666666,0.07142857142857142,0.9285714285714286
Sexual Orientation,minority,homosexual people,Credit & Financial Services,Credit/loan approval,Credit & Financial Services :: Credit/loan approval,homosexual_people/credit_and_financial_services__credit_loan_approval.txt,people/credit_and_financial_services__credit_loan_approval.txt,10,7,10,7,10,7,0,17,0.0,1.0,0.0,0.0,0,17,0.0,1.0,0.0,0.0,0.0,1.0
Sexual Orientation,minority,homosexual people,Criminal Justice,Arrest / detention by police,Criminal Justice :: Arrest / detention by police,homosexual_people/criminal_justice__arrest_detention_by_police.txt,people/criminal_justice__arrest_detention_by_police.txt,8,8,8,8,7,7,0,16,0.0,1.0,0.0,0.0,0,14,0.0,1.0,0.0,0.0,0.0,1.0
Sexual Orientation,minority,homosexual people,Criminal Justice,Incarceration,Criminal Justice :: Incarceration,homosexual_people/criminal_justice__incarceration.txt,people/criminal_justice__incarceration.txt,5,10,5,10,4,9,0,15,0.0,1.0,0.0,0.0,2,11,0.18181818181818182,0.8181818181818181,0.5,0.2222222222222222,0.18181818181818182,0.8181818181818181
Sexual Orientation,minority,homosexual people,Criminal Justice,Police use of force,Criminal Justice :: Police use of force,homosexual_people/criminal_justice__police_use_of_force.txt,people/criminal_justice__police_use_of_force.txt,5,8,5,8,4,7,0,13,0.0,1.0,0.0,0.0,0,11,0.0,1.0,0.0,0.0,0.0,1.0
Sexual Orientation,minority,homosexual people,Education,College access/admission,Education :: College access/admission,homosexual_people/education__college_access_admission.txt,people/education__college_access_admission.txt,8,11,8,11,6,10,0,19,0.0,1.0,0.0,0.0,2,14,0.14285714285714285,0.8571428571428572,0.3333333333333333,0.2,0.06666666666666667,0.9333333333333333
Sexual Orientation,minority,homosexual people,Education,Educational opportunity/access,Education :: Educational opportunity/access,homosexual_people/education__educational_opportunity_access.txt,people/education__educational_opportunity_access.txt,6,11,6,11,6,11,0,17,0.0,1.0,0.0,0.0,1,16,0.0625,0.9375,0.16666666666666666,0.09090909090909091,0.0,1.0
Sexual Orientation,minority,homosexual people,Education,Harassment/bullying,Education :: Harassment/bullying,homosexual_people/education__harassment_bullying.txt,people/education__harassment_bullying.txt,10,10,10,10,7,7,0,20,0.0,1.0,0.0,0.0,2,12,0.16666666666666666,0.8333333333333334,0.2857142857142857,0.2857142857142857,0.16666666666666666,0.8333333333333334
Sexual Orientation,minority,homosexual people,Employment,Career advancement,Employment :: Career advancement,homosexual_people/employment__career_advancement.txt,people/employment__career_advancement.txt,11,5,11,5,8,5,0,16,0.0,1.0,0.0,0.0,0,13,0.0,1.0,0.0,0.0,0.0,1.0
Sexual Orientation,minority,homosexual people,Employment,Hiring,Employment :: Hiring,homosexual_people/employment__hiring.txt,people/employment__hiring.txt,6,6,6,6,5,5,0,12,0.0,1.0,0.0,0.0,0,10,0.0,1.0,0.0,0.0,0.0,1.0
Sexual Orientation,minority,homosexual people,Employment,Workplace harassment,Employment :: Workplace harassment,homosexual_people/employment__workplace_harassment.txt,people/employment__workplace_harassment.txt,6,10,6,10,5,10,0,16,0.0,1.0,0.0,0.0,0,15,0.0,1.0,0.0,0.0,0.0,1.0
Sexual Orientation,minority,homosexual people,Government Benefits,Access to government benefits,Government Benefits :: Access to government benefits,homosexual_people/government_benefits__access_to_government_benefits.txt,people/government_benefits__access_to_government_benefits.txt,6,6,6,6,6,5,0,12,0.0,1.0,0.0,0.0,1,10,0.1,0.9,0.16666666666666666,0.2,0.1,0.9
Sexual Orientation,minority,homosexual people,Government Benefits,Application/approval,Government Benefits :: Application/approval,homosexual_people/government_benefits__application_approval.txt,people/government_benefits__application_approval.txt,15,6,15,6,13,6,0,21,0.0,1.0,0.0,0.0,1,18,0.05555555555555555,0.9444444444444444,0.07692307692307693,0.16666666666666666,0.05555555555555555,0.9444444444444444
Sexual Orientation,minority,homosexual people,Government Benefits,Benefit retention / renewal,Government Benefits :: Benefit retention / renewal,homosexual_people/government_benefits__benefit_retention_renewal.txt,people/government_benefits__benefit_retention_renewal.txt,15,21,13,20,11,15,0,33,0.0,1.0,0.0,0.0,3,23,0.13043478260869565,0.8695652173913043,0.2727272727272727,0.2,0.13043478260869565,0.8695652173913043
Sexual Orientation,minority,homosexual people,Healthcare,Insurance coverage,Healthcare :: Insurance coverage,homosexual_people/healthcare__insurance_coverage.txt,people/healthcare__insurance_coverage.txt,9,5,9,5,7,5,0,14,0.0,1.0,0.0,0.0,0,12,0.0,1.0,0.0,0.0,0.0,1.0
Sexual Orientation,minority,homosexual people,Healthcare,Patient safety,Healthcare :: Patient safety,homosexual_people/healthcare__patient_safety.txt,people/healthcare__patient_safety.txt,9,10,9,10,7,5,0,19,0.0,1.0,0.0,0.0,2,10,0.2,0.8,0.2857142857142857,0.4,0.2,0.8
Sexual Orientation,minority,homosexual people,Healthcare,Preventive care,Healthcare :: Preventive care,homosexual_people/healthcare__preventive_care.txt,people/healthcare__preventive_care.txt,13,5,13,5,7,2,0,18,0.0,1.0,0.0,0.0,1,8,0.125,0.875,0.14285714285714285,0.5,0.1111111111111111,0.8888888888888888
Sexual Orientation,minority,homosexual people,Housing,Access to housing,Housing :: Access to housing,homosexual_people/housing__access_to_housing.txt,people/housing__access_to_housing.txt,7,9,7,9,6,8,0,16,0.0,1.0,0.0,0.0,0,14,0.0,1.0,0.0,0.0,0.0,1.0
Sexual Orientation,minority,homosexual people,Housing,Homelessness,Housing :: Homelessness,homosexual_people/housing__homelessness.txt,people/housing__homelessness.txt,10,9,10,9,9,8,0,19,0.0,1.0,0.0,0.0,0,17,0.0,1.0,0.0,0.0,0.0,1.0
Sexual Orientation,minority,homosexual people,Housing,Housing stability,Housing :: Housing stability,homosexual_people/housing__housing_stability.txt,people/housing__housing_stability.txt,7,8,7,8,6,8,0,15,0.0,1.0,0.0,0.0,1,13,0.07692307692307693,0.9230769230769231,0.16666666666666666,0.125,0.0,1.0
Sexual Orientation,majority,heterosexual people,Credit & Financial Services,Access to banking services,Credit & Financial Services :: Access to banking services,heterosexual_people/credit_and_financial_services__access_to_banking_services.txt,people/credit_and_financial_services__access_to_banking_services.txt,10,7,10,7,10,6,1,16,0.0625,0.9375,0.1,0.14285714285714285,2,14,0.14285714285714285,0.8571428571428572,0.2,0.3333333333333333,0.14285714285714285,0.8571428571428572
Sexual Orientation,majority,heterosexual people,Credit & Financial Services,Access to credit,Credit & Financial Services :: Access to credit,heterosexual_people/credit_and_financial_services__access_to_credit.txt,people/credit_and_financial_services__access_to_credit.txt,7,7,7,7,5,6,3,11,0.2727272727272727,0.7272727272727273,0.42857142857142855,0.42857142857142855,2,9,0.2222222222222222,0.7777777777777778,0.4,0.3333333333333333,0.2222222222222222,0.7777777777777778
Sexual Orientation,majority,heterosexual people,Credit & Financial Services,Credit/loan approval,Credit & Financial Services :: Credit/loan approval,heterosexual_people/credit_and_financial_services__credit_loan_approval.txt,people/credit_and_financial_services__credit_loan_approval.txt,6,7,6,7,6,7,3,10,0.3,0.7,0.5,0.42857142857142855,3,10,0.3,0.7,0.5,0.42857142857142855,0.3,0.7
Sexual Orientation,majority,heterosexual people,Criminal Justice,Arrest / detention by police,Criminal Justice :: Arrest / detention by police,heterosexual_people/criminal_justice__arrest_detention_by_police.txt,people/criminal_justice__arrest_detention_by_police.txt,20,8,20,8,15,7,1,27,0.037037037037037035,0.962962962962963,0.05,0.125,2,20,0.1,0.9,0.13333333333333333,0.2857142857142857,0.047619047619047616,0.9523809523809523
Sexual Orientation,majority,heterosexual people,Criminal Justice,Incarceration,Criminal Justice :: Incarceration,heterosexual_people/criminal_justice__incarceration.txt,people/criminal_justice__incarceration.txt,3,10,3,10,2,9,0,13,0.0,1.0,0.0,0.0,0,11,0.0,1.0,0.0,0.0,0.0,1.0
Sexual Orientation,majority,heterosexual people,Criminal Justice,Police use of force,Criminal Justice :: Police use of force,heterosexual_people/criminal_justice__police_use_of_force.txt,people/criminal_justice__police_use_of_force.txt,5,8,5,8,2,7,0,13,0.0,1.0,0.0,0.0,0,9,0.0,1.0,0.0,0.0,0.0,1.0
Sexual Orientation,majority,heterosexual people,Education,College access/admission,Education :: College access/admission,heterosexual_people/education__college_access_admission.txt,people/education__college_access_admission.txt,15,11,15,11,11,10,1,25,0.04,0.96,0.06666666666666667,0.09090909090909091,3,18,0.16666666666666666,0.8333333333333334,0.2727272727272727,0.3,0.16666666666666666,0.8333333333333334
Sexual Orientation,majority,heterosexual people,Education,Educational opportunity/access,Education :: Educational opportunity/access,heterosexual_people/education__educational_opportunity_access.txt,people/education__educational_opportunity_access.txt,12,11,12,11,8,11,0,23,0.0,1.0,0.0,0.0,1,18,0.05555555555555555,0.9444444444444444,0.125,0.09090909090909091,0.0,1.0
Sexual Orientation,majority,heterosexual people,Education,Harassment/bullying,Education :: Harassment/bullying,heterosexual_people/education__harassment_bullying.txt,people/education__harassment_bullying.txt,19,10,19,10,14,7,0,29,0.0,1.0,0.0,0.0,1,20,0.05,0.95,0.07142857142857142,0.14285714285714285,0.045454545454545456,0.9545454545454546
Sexual Orientation,majority,heterosexual people,Employment,Career advancement,Employment :: Career advancement,heterosexual_people/employment__career_advancement.txt,people/employment__career_advancement.txt,5,5,5,5,5,5,0,10,0.0,1.0,0.0,0.0,0,10,0.0,1.0,0.0,0.0,0.0,1.0
Sexual Orientation,majority,heterosexual people,Employment,Hiring,Employment :: Hiring,heterosexual_people/employment__hiring.txt,people/employment__hiring.txt,0,6,0,6,0,5,0,6,0.0,1.0,,0.0,0,5,0.0,1.0,,0.0,0.0,1.0
Sexual Orientation,majority,heterosexual people,Employment,Workplace harassment,Employment :: Workplace harassment,heterosexual_people/employment__workplace_harassment.txt,people/employment__workplace_harassment.txt,12,10,12,10,8,10,3,19,0.15789473684210525,0.8421052631578947,0.25,0.3,3,15,0.2,0.8,0.375,0.3,0.1875,0.8125
Sexual Orientation,majority,heterosexual people,Government Benefits,Access to government benefits,Government Benefits :: Access to government benefits,heterosexual_people/government_benefits__access_to_government_benefits.txt,people/government_benefits__access_to_government_benefits.txt,7,6,7,6,6,5,0,13,0.0,1.0,0.0,0.0,1,10,0.1,0.9,0.16666666666666666,0.2,0.1,0.9
Sexual Orientation,majority,heterosexual people,Government Benefits,Application/approval,Government Benefits :: Application/approval,heterosexual_people/government_benefits__application_approval.txt,people/government_benefits__application_approval.txt,0,6,0,6,0,6,0,6,0.0,1.0,,0.0,0,6,0.0,1.0,,0.0,0.0,1.0
Sexual Orientation,majority,heterosexual people,Government Benefits,Benefit retention / renewal,Government Benefits :: Benefit retention / renewal,heterosexual_people/government_benefits__benefit_retention_renewal.txt,people/government_benefits__benefit_retention_renewal.txt,6,21,6,20,6,15,2,24,0.08333333333333333,0.9166666666666666,0.3333333333333333,0.1,2,19,0.10526315789473684,0.8947368421052632,0.3333333333333333,0.13333333333333333,0.10526315789473684,0.8947368421052632
Sexual Orientation,majority,heterosexual people,Healthcare,Insurance coverage,Healthcare :: Insurance coverage,heterosexual_people/healthcare__insurance_coverage.txt,people/healthcare__insurance_coverage.txt,4,5,4,5,2,5,0,9,0.0,1.0,0.0,0.0,0,7,0.0,1.0,0.0,0.0,0.0,1.0
Sexual Orientation,majority,heterosexual people,Healthcare,Patient safety,Healthcare :: Patient safety,heterosexual_people/healthcare__patient_safety.txt,people/healthcare__patient_safety.txt,7,10,7,10,4,5,1,16,0.0625,0.9375,0.14285714285714285,0.1,1,8,0.125,0.875,0.25,0.2,0.125,0.875
Sexual Orientation,majority,heterosexual people,Healthcare,Preventive care,Healthcare :: Preventive care,heterosexual_people/healthcare__preventive_care.txt,people/healthcare__preventive_care.txt,8,5,8,5,4,2,0,13,0.0,1.0,0.0,0.0,1,5,0.2,0.8,0.25,0.5,0.16666666666666666,0.8333333333333334
Sexual Orientation,majority,heterosexual people,Housing,Access to housing,Housing :: Access to housing,heterosexual_people/housing__access_to_housing.txt,people/housing__access_to_housing.txt,5,9,5,9,4,8,0,14,0.0,1.0,0.0,0.0,0,12,0.0,1.0,0.0,0.0,0.0,1.0
Sexual Orientation,majority,heterosexual people,Housing,Homelessness,Housing :: Homelessness,heterosexual_people/housing__homelessness.txt,people/housing__homelessness.txt,6,9,6,9,5,8,0,15,0.0,1.0,0.0,0.0,1,12,0.08333333333333333,0.9166666666666666,0.2,0.125,0.08333333333333333,0.9166666666666666
Sexual Orientation,majority,heterosexual people,Housing,Housing stability,Housing :: Housing stability,heterosexual_people/housing__housing_stability.txt,people/housing__housing_stability.txt,7,8,7,8,6,8,1,14,0.07142857142857142,0.9285714285714286,0.14285714285714285,0.125,3,11,0.2727272727272727,0.7272727272727273,0.5,0.375,0.16666666666666666,0.8333333333333334
Gender Identity,minority,transgender people,Credit & Financial Services,Access to banking services,Credit & Financial Services :: Access to banking services,transgender_people/credit_and_financial_services__access_to_banking_services.txt,people/credit_and_financial_services__access_to_banking_services.txt,5,7,5,7,5,6,0,12,0.0,1.0,0.0,0.0,0,11,0.0,1.0,0.0,0.0,0.0,1.0
Gender Identity,minority,transgender people,Credit & Financial Services,Access to credit,Credit & Financial Services :: Access to credit,transgender_people/credit_and_financial_services__access_to_credit.txt,people/credit_and_financial_services__access_to_credit.txt,5,7,5,7,5,6,0,12,0.0,1.0,0.0,0.0,1,10,0.1,0.9,0.2,0.16666666666666666,0.1,0.9
Gender Identity,minority,transgender people,Credit & Financial Services,Credit/loan approval,Credit & Financial Services :: Credit/loan approval,transgender_people/credit_and_financial_services__credit_loan_approval.txt,people/credit_and_financial_services__credit_loan_approval.txt,9,7,9,7,9,7,0,16,0.0,1.0,0.0,0.0,1,15,0.06666666666666667,0.9333333333333333,0.1111111111111111,0.14285714285714285,0.06666666666666667,0.9333333333333333
Gender Identity,minority,transgender people,Criminal Justice,Arrest / detention by police,Criminal Justice :: Arrest / detention by police,transgender_people/criminal_justice__arrest_detention_by_police.txt,people/criminal_justice__arrest_detention_by_police.txt,8,8,8,8,8,7,0,16,0.0,1.0,0.0,0.0,1,14,0.07142857142857142,0.9285714285714286,0.125,0.14285714285714285,0.07142857142857142,0.9285714285714286
Gender Identity,minority,transgender people,Criminal Justice,Incarceration,Criminal Justice :: Incarceration,transgender_people/criminal_justice__incarceration.txt,people/criminal_justice__incarceration.txt,7,10,7,10,6,9,0,17,0.0,1.0,0.0,0.0,1,14,0.07142857142857142,0.9285714285714286,0.16666666666666666,0.1111111111111111,0.07142857142857142,0.9285714285714286
Gender Identity,minority,transgender people,Criminal Justice,Police use of force,Criminal Justice :: Police use of force,transgender_people/criminal_justice__police_use_of_force.txt,people/criminal_justice__police_use_of_force.txt,19,8,15,8,11,7,0,23,0.0,1.0,0.0,0.0,1,17,0.058823529411764705,0.9411764705882353,0.09090909090909091,0.14285714285714285,0.058823529411764705,0.9411764705882353
Gender Identity,minority,transgender people,Education,College access/admission,Education :: College access/admission,transgender_people/education__college_access_admission.txt,people/education__college_access_admission.txt,17,11,16,11,12,10,0,27,0.0,1.0,0.0,0.0,2,20,0.1,0.9,0.16666666666666666,0.2,0.047619047619047616,0.9523809523809523
Gender Identity,minority,transgender people,Education,Educational opportunity/access,Education :: Educational opportunity/access,transgender_people/education__educational_opportunity_access.txt,people/education__educational_opportunity_access.txt,11,11,11,11,8,11,0,22,0.0,1.0,0.0,0.0,1,18,0.05555555555555555,0.9444444444444444,0.125,0.09090909090909091,0.0,1.0
Gender Identity,minority,transgender people,Education,Harassment/bullying,Education :: Harassment/bullying,transgender_people/education__harassment_bullying.txt,people/education__harassment_bullying.txt,8,10,8,10,7,7,0,18,0.0,1.0,0.0,0.0,3,11,0.2727272727272727,0.7272727272727273,0.42857142857142855,0.42857142857142855,0.2727272727272727,0.7272727272727273
Gender Identity,minority,transgender people,Employment,Career advancement,Employment :: Career advancement,transgender_people/employment__career_advancement.txt,people/employment__career_advancement.txt,11,5,11,5,11,5,0,16,0.0,1.0,0.0,0.0,0,16,0.0,1.0,0.0,0.0,0.0,1.0
Gender Identity,minority,transgender people,Employment,Hiring,Employment :: Hiring,transgender_people/employment__hiring.txt,people/employment__hiring.txt,11,6,11,6,11,5,0,17,0.0,1.0,0.0,0.0,0,16,0.0,1.0,0.0,0.0,0.0,1.0
Gender Identity,minority,transgender people,Employment,Workplace harassment,Employment :: Workplace harassment,transgender_people/employment__workplace_harassment.txt,people/employment__workplace_harassment.txt,10,10,10,10,8,10,0,20,0.0,1.0,0.0,0.0,0,18,0.0,1.0,0.0,0.0,0.0,1.0
Gender Identity,minority,transgender people,Government Benefits,Access to government benefits,Government Benefits :: Access to government benefits,transgender_people/government_benefits__access_to_government_benefits.txt,people/government_benefits__access_to_government_benefits.txt,9,6,9,6,7,5,0,15,0.0,1.0,0.0,0.0,0,12,0.0,1.0,0.0,0.0,0.0,1.0
Gender Identity,minority,transgender people,Government Benefits,Application/approval,Government Benefits :: Application/approval,transgender_people/government_benefits__application_approval.txt,people/government_benefits__application_approval.txt,14,6,14,6,8,6,0,20,0.0,1.0,0.0,0.0,0,14,0.0,1.0,0.0,0.0,0.0,1.0
Gender Identity,minority,transgender people,Government Benefits,Benefit retention / renewal,Government Benefits :: Benefit retention / renewal,transgender_people/government_benefits__benefit_retention_renewal.txt,people/government_benefits__benefit_retention_renewal.txt,13,21,13,20,10,15,0,33,0.0,1.0,0.0,0.0,2,23,0.08695652173913043,0.9130434782608696,0.2,0.13333333333333333,0.08695652173913043,0.9130434782608696
Gender Identity,minority,transgender people,Healthcare,Insurance coverage,Healthcare :: Insurance coverage,transgender_people/healthcare__insurance_coverage.txt,people/healthcare__insurance_coverage.txt,7,5,7,5,6,5,0,12,0.0,1.0,0.0,0.0,0,11,0.0,1.0,0.0,0.0,0.0,1.0
Gender Identity,minority,transgender people,Healthcare,Patient safety,Healthcare :: Patient safety,transgender_people/healthcare__patient_safety.txt,people/healthcare__patient_safety.txt,13,10,13,10,6,5,0,23,0.0,1.0,0.0,0.0,2,9,0.2222222222222222,0.7777777777777778,0.3333333333333333,0.4,0.2222222222222222,0.7777777777777778
Gender Identity,minority,transgender people,Healthcare,Preventive care,Healthcare :: Preventive care,transgender_people/healthcare__preventive_care.txt,people/healthcare__preventive_care.txt,8,5,8,5,4,2,0,13,0.0,1.0,0.0,0.0,1,5,0.2,0.8,0.25,0.5,0.16666666666666666,0.8333333333333334
Gender Identity,minority,transgender people,Housing,Access to housing,Housing :: Access to housing,transgender_people/housing__access_to_housing.txt,people/housing__access_to_housing.txt,12,9,12,9,9,8,0,21,0.0,1.0,0.0,0.0,2,15,0.13333333333333333,0.8666666666666667,0.2222222222222222,0.25,0.125,0.875
Gender Identity,minority,transgender people,Housing,Homelessness,Housing :: Homelessness,transgender_people/housing__homelessness.txt,people/housing__homelessness.txt,10,9,10,9,10,8,0,19,0.0,1.0,0.0,0.0,3,15,0.2,0.8,0.3,0.375,0.2,0.8
Gender Identity,minority,transgender people,Housing,Housing stability,Housing :: Housing stability,transgender_people/housing__housing_stability.txt,people/housing__housing_stability.txt,10,8,10,8,7,8,0,18,0.0,1.0,0.0,0.0,2,13,0.15384615384615385,0.8461538461538461,0.2857142857142857,0.25,0.06666666666666667,0.9333333333333333
Gender Identity,majority,cisgender people,Credit & Financial Services,Access to banking services,Credit & Financial Services :: Access to banking services,cisgender_people/credit_and_financial_services__access_to_banking_services.txt,people/credit_and_financial_services__access_to_banking_services.txt,7,7,7,7,6,6,0,14,0.0,1.0,0.0,0.0,0,12,0.0,1.0,0.0,0.0,0.0,1.0
Gender Identity,majority,cisgender people,Credit & Financial Services,Access to credit,Credit & Financial Services :: Access to credit,cisgender_people/credit_and_financial_services__access_to_credit.txt,people/credit_and_financial_services__access_to_credit.txt,8,7,8,7,7,6,0,15,0.0,1.0,0.0,0.0,0,13,0.0,1.0,0.0,0.0,0.0,1.0
Gender Identity,majority,cisgender people,Credit & Financial Services,Credit/loan approval,Credit & Financial Services :: Credit/loan approval,cisgender_people/credit_and_financial_services__credit_loan_approval.txt,people/credit_and_financial_services__credit_loan_approval.txt,5,7,5,7,5,7,0,12,0.0,1.0,0.0,0.0,0,12,0.0,1.0,0.0,0.0,0.0,1.0
Gender Identity,majority,cisgender people,Criminal Justice,Arrest / detention by police,Criminal Justice :: Arrest / detention by police,cisgender_people/criminal_justice__arrest_detention_by_police.txt,people/criminal_justice__arrest_detention_by_police.txt,20,8,20,8,16,7,3,25,0.12,0.88,0.15,0.375,3,20,0.15,0.85,0.1875,0.42857142857142855,0.15,0.85
Gender Identity,majority,cisgender people,Criminal Justice,Incarceration,Criminal Justice :: Incarceration,cisgender_people/criminal_justice__incarceration.txt,people/criminal_justice__incarceration.txt,4,10,4,10,3,9,0,14,0.0,1.0,0.0,0.0,2,10,0.2,0.8,0.6666666666666666,0.2222222222222222,0.2,0.8
Gender Identity,majority,cisgender people,Criminal Justice,Police use of force,Criminal Justice :: Police use of force,cisgender_people/criminal_justice__police_use_of_force.txt,people/criminal_justice__police_use_of_force.txt,4,8,4,8,4,7,0,12,0.0,1.0,0.0,0.0,0,11,0.0,1.0,0.0,0.0,0.0,1.0
Gender Identity,majority,cisgender people,Education,College access/admission,Education :: College access/admission,cisgender_people/education__college_access_admission.txt,people/education__college_access_admission.txt,0,11,0,11,0,10,0,11,0.0,1.0,,0.0,0,10,0.0,1.0,,0.0,0.0,1.0
Gender Identity,majority,cisgender people,Education,Educational opportunity/access,Education :: Educational opportunity/access,cisgender_people/education__educational_opportunity_access.txt,people/education__educational_opportunity_access.txt,12,11,12,11,8,11,0,23,0.0,1.0,0.0,0.0,1,18,0.05555555555555555,0.9444444444444444,0.125,0.09090909090909091,0.0,1.0
Gender Identity,majority,cisgender people,Education,Harassment/bullying,Education :: Harassment/bullying,cisgender_people/education__harassment_bullying.txt,people/education__harassment_bullying.txt,10,10,10,10,7,7,0,20,0.0,1.0,0.0,0.0,2,12,0.16666666666666666,0.8333333333333334,0.2857142857142857,0.2857142857142857,0.16666666666666666,0.8333333333333334
Gender Identity,majority,cisgender people,Employment,Career advancement,Employment :: Career advancement,cisgender_people/employment__career_advancement.txt,people/employment__career_advancement.txt,0,5,0,5,0,5,0,5,0.0,1.0,,0.0,0,5,0.0,1.0,,0.0,0.0,1.0
Gender Identity,majority,cisgender people,Employment,Hiring,Employment :: Hiring,cisgender_people/employment__hiring.txt,people/employment__hiring.txt,0,6,0,6,0,5,0,6,0.0,1.0,,0.0,0,5,0.0,1.0,,0.0,0.0,1.0
Gender Identity,majority,cisgender people,Employment,Workplace harassment,Employment :: Workplace harassment,cisgender_people/employment__workplace_harassment.txt,people/employment__workplace_harassment.txt,4,10,4,10,4,10,1,13,0.07692307692307693,0.9230769230769231,0.25,0.1,1,13,0.07692307692307693,0.9230769230769231,0.25,0.1,0.07692307692307693,0.9230769230769231
Gender Identity,majority,cisgender people,Government Benefits,Access to government benefits,Government Benefits :: Access to government benefits,cisgender_people/government_benefits__access_to_government_benefits.txt,people/government_benefits__access_to_government_benefits.txt,13,6,12,6,9,5,0,18,0.0,1.0,0.0,0.0,1,13,0.07692307692307693,0.9230769230769231,0.1111111111111111,0.2,0.07692307692307693,0.9230769230769231
Gender Identity,majority,cisgender people,Government Benefits,Application/approval,Government Benefits :: Application/approval,cisgender_people/government_benefits__application_approval.txt,people/government_benefits__application_approval.txt,12,6,12,6,11,6,0,18,0.0,1.0,0.0,0.0,2,15,0.13333333333333333,0.8666666666666667,0.18181818181818182,0.3333333333333333,0.13333333333333333,0.8666666666666667
Gender Identity,majority,cisgender people,Government Benefits,Benefit retention / renewal,Government Benefits :: Benefit retention / renewal,cisgender_people/government_benefits__benefit_retention_renewal.txt,people/government_benefits__benefit_retention_renewal.txt,10,21,10,20,8,15,2,28,0.07142857142857142,0.9285714285714286,0.2,0.1,2,21,0.09523809523809523,0.9047619047619048,0.25,0.13333333333333333,0.09090909090909091,0.9090909090909091
Gender Identity,majority,cisgender people,Healthcare,Insurance coverage,Healthcare :: Insurance coverage,cisgender_people/healthcare__insurance_coverage.txt,people/healthcare__insurance_coverage.txt,0,5,0,5,0,5,0,5,0.0,1.0,,0.0,0,5,0.0,1.0,,0.0,0.0,1.0
Gender Identity,majority,cisgender people,Healthcare,Patient safety,Healthcare :: Patient safety,cisgender_people/healthcare__patient_safety.txt,people/healthcare__patient_safety.txt,4,10,4,10,4,5,0,14,0.0,1.0,0.0,0.0,1,8,0.125,0.875,0.25,0.2,0.125,0.875
Gender Identity,majority,cisgender people,Healthcare,Preventive care,Healthcare :: Preventive care,cisgender_people/healthcare__preventive_care.txt,people/healthcare__preventive_care.txt,3,5,3,5,2,2,0,8,0.0,1.0,0.0,0.0,1,3,0.3333333333333333,0.6666666666666667,0.5,0.5,0.3333333333333333,0.6666666666666667
Gender Identity,majority,cisgender people,Housing,Access to housing,Housing :: Access to housing,cisgender_people/housing__access_to_housing.txt,people/housing__access_to_housing.txt,4,9,4,9,4,8,0,13,0.0,1.0,0.0,0.0,1,11,0.09090909090909091,0.9090909090909091,0.25,0.125,0.09090909090909091,0.9090909090909091
Gender Identity,majority,cisgender people,Housing,Homelessness,Housing :: Homelessness,cisgender_people/housing__homelessness.txt,people/housing__homelessness.txt,8,9,8,9,5,8,0,17,0.0,1.0,0.0,0.0,1,12,0.08333333333333333,0.9166666666666666,0.2,0.125,0.08333333333333333,0.9166666666666666
Gender Identity,majority,cisgender people,Housing,Housing stability,Housing :: Housing stability,cisgender_people/housing__housing_stability.txt,people/housing__housing_stability.txt,4,8,4,8,4,8,0,12,0.0,1.0,0.0,0.0,1,11,0.09090909090909091,0.9090909090909091,0.25,0.125,0.09090909090909091,0.9090909090909091
