registrable_domain,n_sources,n_success,n_timeout,n_robots_blocked,success_rate
19thnews.org,2,2,0,0,1.0
21kschool.com,1,1,0,0,1.0
247ssdi.com,1,1,0,0,1.0
aaa.com,1,1,0,0,1.0
aacn.org,1,1,0,0,1.0
aafp.org,1,1,0,0,1.0
aaidd.org,1,1,0,0,1.0
aarp.org,4,1,0,0,0.25
abc10.com,1,0,0,0,0.0
abcnews.com,1,1,0,0,1.0
abdominalkey.com,1,1,0,0,1.0
abilitykc.org,1,1,0,0,1.0
ablelight.org,1,1,0,0,1.0
academia.edu,1,0,0,1,0.0
academybank.com,1,1,0,0,1.0
accessliving.org,1,0,0,0,0.0
acl.gov,2,1,0,0,0.5
aclrc.com,1,1,0,0,1.0
aclu.org,5,5,0,0,1.0
acm.org,1,0,0,0,0.0
acog.org,1,0,0,0,0.0
acpjournals.org,1,0,0,0,0.0
actuary.org,1,1,0,0,1.0
acus.gov,1,0,0,0,0.0
ada.gov,1,1,0,0,1.0
adata.org,2,2,0,0,1.0
additionsolutions.co.uk,1,1,0,0,1.0
admissionbydesign.com,1,1,0,0,1.0
admissionsmom.college,1,0,0,0,0.0
advancingpretrial.org,1,0,0,0,0.0
advocacysnt.org,1,1,0,0,1.0
aeaweb.org,2,1,0,0,0.5
aecf.org,3,0,0,0,0.0
aei.org,1,0,0,0,0.0
afi-global.org,1,1,0,0,1.0
aft.org,1,1,0,0,1.0
afterschoolalliance.org,1,1,0,0,1.0
aha-inc.org,1,1,0,0,1.0
ahcstaff.com,1,1,0,0,1.0
ahrq.gov,4,1,0,0,0.25
aibm.org,1,1,0,0,1.0
ajpmonline.org,1,0,0,0,0.0
alberta.ca,1,1,0,0,1.0
alignplatform.org,1,1,0,0,1.0
all4ed.org,1,1,0,0,1.0
allsup.com,1,1,0,0,1.0
allsupemploymentservices.com,1,1,0,0,1.0
alsoweb.org,1,1,0,0,1.0
ama-assn.org,4,0,0,0,0.0
americanbar.org,4,0,0,0,0.0
americanprogress.org,20,0,0,0,0.0
apa.org,1,0,0,0,0.0
apha.org,1,1,0,0,1.0
applerouth.com,1,1,0,0,1.0
apus.edu,1,1,0,0,1.0
arauniversity.org,1,1,0,0,1.0
arlingtonlifeshelter.org,1,1,0,0,1.0
arxiv.org,1,1,0,0,1.0
asaging.org,1,1,0,0,1.0
avp.org,1,1,0,0,1.0
azcentralcu.org,2,2,0,0,1.0
bank.in,1,1,0,0,1.0
bankrate.com,3,1,0,0,0.3333333333333333
bc.edu,2,2,0,0,1.0
bdplaw.com,1,1,0,0,1.0
beckerspayer.com,1,0,0,0,0.0
bestcolleges.com,3,3,0,0,1.0
betsylehmancenterma.gov,1,1,0,0,1.0
betterangels.la,1,1,0,0,1.0
bettercarenetwork.org,1,1,0,0,1.0
binghamton.edu,1,1,0,0,1.0
bipartisanpolicy.org,2,0,0,0,0.0
bls.gov,1,0,0,0,0.0
blucurrent.org,1,0,0,0,0.0
bofcu.com,1,1,0,0,1.0
borgenproject.org,1,0,0,0,0.0
bostonfed.org,1,1,0,0,1.0
bostonindicators.org,1,1,0,0,1.0
brandeis.edu,1,1,0,0,1.0
bristol.ac.uk,1,1,0,0,1.0
brookings.edu,8,8,0,0,1.0
brossfrankel.com,1,1,0,0,1.0
bu.edu,1,1,0,0,1.0
buckeyecu.org,1,1,0,0,1.0
budgetandpolicy.org,1,1,0,0,1.0
bullyingnoway.gov.au,1,1,0,0,1.0
byu.edu,3,3,0,0,1.0
caf.com,1,0,0,0,0.0
calltherightattorney.com,1,0,0,0,0.0
calpoly.edu,2,0,0,0,0.0
calstate.edu,1,0,0,0,0.0
cambercollective.com,1,1,0,0,1.0
cambridge.org,2,0,0,0,0.0
campbellsville.edu,1,1,0,0,1.0
canada.ca,1,0,0,0,0.0
cangrade.com,1,0,0,0,0.0
careervillage.org,1,0,0,0,0.0
carleton.edu,1,1,0,0,1.0
casrf.org,1,1,0,0,1.0
cato.org,2,0,0,0,0.0
cavignac.com,1,1,0,0,1.0
cawc.org,1,1,0,0,1.0
cbalaw.org,1,1,0,0,1.0
cbcfinc.org,1,1,0,0,1.0
cbpp.org,21,0,0,0,0.0
ccrw.org,2,2,0,0,1.0
cdaa.org.au,1,1,0,0,1.0
cdc.gov,4,0,0,0,0.0
cdiaonline.org,1,1,0,0,1.0
census.gov,3,3,0,0,1.0
centerforfinancialinclusion.org,1,1,0,0,1.0
cepr.net,1,0,0,0,0.0
cepr.org,1,0,0,0,0.0
cfr.org,2,2,0,0,1.0
cgap.org,4,4,0,0,1.0
cgdev.org,3,1,0,0,0.3333333333333333
changingperspectivesnow.org,1,1,0,0,1.0
chartspan.com,1,1,0,0,1.0
chcf.org,1,1,0,0,1.0
chci.org,1,1,0,0,1.0
chegg.com,1,1,0,0,1.0
chenmed.com,1,1,0,0,1.0
chicagobooth.edu,1,1,0,0,1.0
chiefhealthcareexecutive.com,1,1,0,0,1.0
childtrends.org,1,1,0,0,1.0
chop.edu,1,1,0,0,1.0
chrc-ccdp.gc.ca,1,1,0,0,1.0
chrt.org,1,0,0,0,0.0
cis.org,3,0,0,0,0.0
cjcenter.org,1,1,0,0,1.0
clasp.org,1,1,0,0,1.0
cliniclegal.org,1,0,0,0,0.0
cms.gov,1,1,0,0,1.0
cnbc.com,2,2,0,0,1.0
codeforamerica.org,1,0,0,0,0.0
cofc.edu,1,1,0,0,1.0
colegiomirasur.com,1,1,0,0,1.0
columbia.edu,1,0,0,0,0.0
comcastnewsmakers.com,1,0,0,0,0.0
commonwealthfund.org,4,0,0,0,0.0
communityalliesconsulting.com,1,1,0,0,1.0
congress.gov,5,1,0,0,0.2
consumerfinance.gov,3,0,0,0,0.0
cornell.edu,2,2,0,0,1.0
corwin-connect.com,1,1,0,0,1.0
counciloncj.org,1,1,0,0,1.0
covenanthouse.org,1,1,0,0,1.0
covey.org,1,1,0,0,1.0
crimrxiv.com,2,0,0,0,0.0
crisesnotes.com,3,3,0,0,1.0
crisisassistance.org,1,1,0,0,1.0
crosslawfirm.com,1,0,0,0,0.0
croweshanahan.com,1,0,0,0,0.0
csgjusticecenter.org,1,1,0,0,1.0
cultureconusa.org,1,1,0,0,1.0
cunninghampllc.com,1,1,0,0,1.0
cuny.edu,2,1,0,0,0.5
d-nb.info,1,1,0,0,1.0
davisvanguard.org,1,0,0,0,0.0
dcba.org,1,0,0,0,0.0
defendernetwork.com,1,1,0,0,1.0
deloitte.com,2,2,0,0,1.0
desertrockcapital.com,1,1,0,0,1.0
destinationhomesv.org,1,1,0,0,1.0
digitalgovernmenthub.org,6,2,0,4,0.3333333333333333
disability-benefits-help.org,1,1,0,0,1.0
disabilityadvice.org,1,1,0,0,1.0
disabilityevidence.org,1,0,0,0,0.0
disabilityhelpline.com,1,1,0,0,1.0
disabilitysecrets.com,2,2,0,0,1.0
disabledworkersusa.com,1,1,0,0,1.0
diversitybuilder.com,1,1,0,0,1.0
diversityjobs.com,1,1,0,0,1.0
doingcollege.com,1,1,0,0,1.0
dol.gov,1,0,0,0,0.0
duke.edu,1,1,0,0,1.0
eab.com,1,1,0,0,1.0
eastersealsar.com,1,1,0,0,1.0
ebsco.com,9,8,0,1,0.8888888888888888
economyleague.org,1,1,0,0,1.0
ecs.org,1,1,0,0,1.0
ed.gov,9,5,0,0,0.5555555555555556
edsource.org,1,0,0,0,0.0
educationsupport.org.uk,1,1,0,0,1.0
eeoc.gov,7,7,0,0,1.0
ehealthinsurance.com,1,0,0,0,0.0
ehealthscreenings.com,1,1,0,0,1.0
eji.org,1,0,0,0,0.0
elitelearning.com,1,0,0,0,0.0
elker.com,1,1,0,0,1.0
emerald.com,4,0,0,0,0.0
employerscouncil.org,1,1,0,0,1.0
endhomelessness.org,14,14,0,0,1.0
epgn.com,1,1,0,0,1.0
epi.org,3,0,0,0,0.0
equalrightscenter.org,3,3,0,0,1.0
equineteurope.org,1,0,0,0,0.0
equity.army,1,1,0,0,1.0
equityinhighered.org,1,1,0,0,1.0
ere.net,1,1,0,0,1.0
europa.eu,1,1,0,0,1.0
everycrsreport.com,1,0,1,0,0.0
evidencebasedmentoring.org,1,1,0,0,1.0
ewa.org,2,2,0,0,1.0
experian.com,5,5,0,0,1.0
facebook.com,4,0,0,4,0.0
fahe.org,1,0,0,0,0.0
faireconomy.org,1,0,0,0,0.0
familypromiseanoka.org,1,1,0,0,1.0
fbi.gov,1,0,0,0,0.0
fdic.gov,1,1,0,0,1.0
fedemploylaw.com,2,2,0,0,1.0
federalgrants.com,1,1,0,0,1.0
federalreserve.gov,3,3,0,0,1.0
financialplanningassociation.org,1,1,0,0,1.0
finca.org,1,0,0,0,0.0
finhealthnetwork.org,3,0,0,0,0.0
finovate.com,1,1,0,0,1.0
fiveable.me,1,1,0,0,1.0
fkc.bank,1,1,0,0,1.0
fletc.gov,1,0,0,0,0.0
floridacollegeaccess.org,1,1,0,0,1.0
forbes.com,3,0,0,0,0.0
foropportunity.org,1,1,0,0,1.0
foundationfinance.com,1,1,0,0,1.0
foxrothschild.com,1,0,0,0,0.0
frac.org,1,1,0,0,1.0
freopp.org,1,1,0,0,1.0
fresnostate.edu,1,1,0,0,1.0
frontiersin.org,3,3,0,0,1.0
gao.gov,2,0,0,0,0.0
gatech.edu,1,1,0,0,1.0
gendergp.com,1,1,0,0,1.0
gennyb.com,1,1,0,0,1.0
georgetown.edu,7,6,1,0,0.8571428571428571
ghlf.org,1,1,0,0,1.0
github.io,1,1,0,0,1.0
glaad.org,1,0,0,0,0.0
global-solutions-initiative.org,1,0,0,0,0.0
google.com,6,0,0,6,0.0
gov-grants.org,1,1,0,0,1.0
gov.uk,1,1,0,0,1.0
grants.gov,1,1,0,0,1.0
greatplacetowork.com,1,1,0,0,1.0
grundydisabilitygroup.com,2,2,0,0,1.0
gvsu.edu,1,0,0,0,0.0
gwu.edu,1,0,0,0,0.0
gylawny.com,1,1,0,0,1.0
habitat.org,3,3,0,0,1.0
habitatcltregion.org,1,1,0,0,1.0
hal.science,1,1,0,0,1.0
happen.com,1,0,0,0,0.0
harding.edu,1,0,0,0,0.0
harvard.edu,5,3,0,0,0.6
hbs.edu,2,2,0,0,1.0
hbtbank.com,1,1,0,0,1.0
health.gov,3,3,0,0,1.0
healthaffairs.org,4,0,0,0,0.0
healthcare.gov,2,2,0,0,1.0
healthecareers.com,1,0,0,0,0.0
healthgrades.com,1,0,0,0,0.0
healthlaw.org,1,1,0,0,1.0
hechingerreport.org,3,3,0,0,1.0
henryford.com,1,1,0,0,1.0
hepi.ac.uk,1,1,0,0,1.0
heraldopenaccess.us,1,1,0,0,1.0
hhs.gov,6,5,0,0,0.8333333333333334
highereddive.com,3,3,0,0,1.0
higheredtoday.org,1,1,0,0,1.0
hiplatina.com,1,1,0,0,1.0
hispanicpro.com,1,0,1,0,0.0
hispanicresearchcenter.org,6,6,0,0,1.0
hivjustice.net,1,1,0,0,1.0
hoaglandlongo.com,1,1,0,0,1.0
holyfamily.edu,1,1,0,0,1.0
homelesshub.ca,3,0,0,0,0.0
homelessidproject.org,1,1,0,0,1.0
homelesslaw.org,1,1,0,0,1.0
homelessnesssolutions.net,1,1,0,0,1.0
hopecu.org,1,1,0,0,1.0
hostalky.com,1,1,0,0,1.0
house.gov,1,1,0,0,1.0
housingca.org,1,0,0,0,0.0
housingmatterssc.org,1,0,0,0,0.0
housingsolutionstulsa.org,2,2,0,0,1.0
housingup.org,1,1,0,0,1.0
housingvisions.org,1,1,0,0,1.0
hracuity.com,2,2,0,0,1.0
hrc.org,3,3,0,0,1.0
hrw.org,1,1,0,0,1.0
hssib.org.uk,1,1,0,0,1.0
hud.gov,1,0,1,0,0.0
huduser.gov,2,2,0,0,1.0
humanrights.gov.au,1,0,0,0,0.0
iastate.edu,1,1,0,0,1.0
ic3movement.com,1,1,0,0,1.0
idbinvest.org,1,1,0,0,1.0
idra.org,1,0,0,1,0.0
ihep.org,1,1,0,0,1.0
illinois.edu,2,2,0,0,1.0
illinois.gov,2,2,0,0,1.0
imf.org,1,0,0,0,0.0
immigrantjustice.org,1,0,0,0,0.0
in.gov,1,0,1,0,0.0
inc.com,1,0,0,0,0.0
includedhealth.com,1,1,0,0,1.0
indeed.com,1,1,0,0,1.0
insidehighered.com,4,4,0,0,1.0
inspiredhr.ca,1,1,0,0,1.0
investopedia.com,3,0,0,0,0.0
ivycoach.com,1,0,0,0,0.0
ivypanda.com,1,1,0,0,1.0
ivywise.com,1,1,0,0,1.0
iyfglobal.org,1,0,0,0,0.0
iyi.org,1,1,0,0,1.0
iza.org,2,0,0,2,0.0
jamanetwork.com,1,0,0,0,0.0
jbhe.com,1,1,0,0,1.0
jennifertardy.com,1,1,0,0,1.0
jff.org,3,3,0,0,1.0
jhu.edu,3,2,0,0,0.6666666666666666
journalistsresource.org,2,2,0,0,1.0
journalofsocialsciences.org,1,1,0,0,1.0
jphmpdirect.com,1,1,0,0,1.0
jraeducationalconsulting.com,1,1,0,0,1.0
justanswer.com,1,0,0,0,0.0
justia.com,2,0,0,0,0.0
justice.gc.ca,1,1,0,0,1.0
justiceinaging.org,2,2,0,0,1.0
kaplanpathways.com,1,1,0,0,1.0
kc.edu,1,0,0,1,0.0
kff.org,16,16,0,0,1.0
kitchenerexecutive.com,1,1,0,0,1.0
lambdalegal.org,1,1,0,0,1.0
latinopolicyforum.org,1,0,0,0,0.0
latinoslead.org,1,1,0,0,1.0
laverne.edu,1,1,0,0,1.0
lawofficesgailfisher.com,1,1,0,0,1.0
leaders-in-law.com,1,0,0,0,0.0
learningpolicyinstitute.org,1,0,0,0,0.0
leedsbeckett.ac.uk,1,1,0,0,1.0
lemoinelawfirm.com,2,2,0,0,1.0
lendingtree.com,1,1,0,0,1.0
levelaccess.com,1,1,0,0,1.0
lewitthackman.com,1,1,0,0,1.0
lgbtq-economics.org,1,1,0,0,1.0
liberty.edu,1,0,0,0,0.0
linkedin.com,8,0,0,8,0.0
lrn.com,1,1,0,0,1.0
lse.ac.uk,1,1,0,0,1.0
lulac.org,1,0,0,0,0.0
luminafoundation.org,3,3,0,0,1.0
lundelllawfirm.com,1,1,0,0,1.0
macfound.org,1,1,0,0,1.0
magentafunding.com,1,1,0,0,1.0
maineemployeerights.com,1,1,0,0,1.0
mapresearch.org,2,2,0,0,1.0
mayfieldis.com,1,1,0,0,1.0
mayoclinic.org,1,0,0,0,0.0
mckinsey.com,3,0,0,0,0.0
mdpi.com,5,0,0,0,0.0
mecklenburghousingdata.org,1,1,0,0,1.0
medicaleconomics.com,1,1,0,0,1.0
medium.com,4,0,0,0,0.0
medstarhealth.org,1,0,0,0,0.0
meetaugust.ai,1,1,0,0,1.0
menarddisabilitylaw.com,1,1,0,0,1.0
merckmanuals.com,1,1,0,0,1.0
merlininvestor.com,1,0,0,0,0.0
merrimack.edu,1,0,0,0,0.0
mhanational.org,2,2,0,0,1.0
michiganmedicine.org,1,0,0,0,0.0
migrationpolicy.org,2,0,0,0,0.0
minneapolisfed.org,3,3,0,0,1.0
mit.edu,3,2,0,0,0.6666666666666666
modernmedicaid.org,1,1,0,0,1.0
moonlawgroup.com,1,1,0,0,1.0
mostpolicyinitiative.org,1,0,0,0,0.0
motherjones.com,1,1,0,0,1.0
mrsc.org,1,0,0,1,0.0
mx.com,1,1,0,0,1.0
myneighborhooddata.org,1,1,0,0,1.0
naacp.org,3,3,0,0,1.0
naacpldf.org,1,1,0,0,1.0
nacacnet.org,4,4,0,0,1.0
nacdl.org,2,2,0,0,1.0
naceweb.org,1,1,0,0,1.0
nami.org,2,0,0,0,0.0
nasfaa.org,1,0,0,0,0.0
naspa.org,1,0,0,0,0.0
nationalacademies.org,1,1,0,0,1.0
nationaldisabilitycenter.org,1,0,0,0,0.0
nationaldisabilityinstitute.org,3,3,0,0,1.0
nationalfairhousing.org,1,1,0,0,1.0
nationalhomeless.org,2,2,0,0,1.0
nationalmortgageprofessional.com,1,0,0,0,0.0
nature.com,1,1,0,0,1.0
nber.org,1,1,0,0,1.0
ncan.org,3,3,0,0,1.0
ncd.gov,1,1,0,0,1.0
ncda.org,1,1,0,0,1.0
nclc.org,1,1,0,0,1.0
ncld.org,1,1,0,0,1.0
nclrights.org,1,1,0,0,1.0
ncsl.org,3,0,0,0,0.0
ncua.gov,1,0,0,0,0.0
nd.gov,1,1,0,0,1.0
nefe.org,1,1,0,0,1.0
nelp.org,2,2,0,0,1.0
nerdwallet.com,1,0,0,0,0.0
newamerica.org,3,3,0,0,1.0
news-medical.net,2,2,0,0,1.0
newswise.com,1,1,0,0,1.0
newyorkfed.org,1,1,0,0,1.0
nhchc.org,1,0,0,0,0.0
nih.gov,272,271,0,0,0.9963235294117647
nilc.org,3,0,0,0,0.0
niwr.org,1,1,0,0,1.0
nlc.org,5,5,0,0,1.0
nlihc.org,6,6,0,0,1.0
nmmc.org,1,1,0,0,1.0
nn4youth.org,1,1,0,0,1.0
nnedv.org,1,1,0,0,1.0
normtherapy.com,1,1,0,0,1.0
northeastada.org,1,1,0,0,1.0
northeastern.edu,1,1,0,0,1.0
northwestfamilyclinics.com,1,1,0,0,1.0
nova.edu,1,1,0,0,1.0
npr.org,1,1,0,0,1.0
nsvrc.org,1,1,0,0,1.0
nwlc.org,2,2,0,0,1.0
ny.gov,4,2,0,0,0.5
nyc.gov,2,2,0,0,1.0
nycbar.org,1,0,0,0,0.0
nytimes.com,2,0,0,0,0.0
nyu.edu,1,1,0,0,1.0
ocalaemploymentlawyer.com,1,1,0,0,1.0
odu.edu,1,0,0,0,0.0
offitkurman.com,1,0,0,0,0.0
ohchr.org,2,2,0,0,1.0
ojp.gov,10,10,0,0,1.0
omahawomensfund.org,1,0,0,0,0.0
onpointcu.com,1,1,0,0,1.0
opportunityhome.org,4,0,0,0,0.0
opportunityinsights.org,2,2,0,0,1.0
osmosis.org,1,0,0,0,0.0
ou.edu,1,0,0,0,0.0
oup.com,7,0,0,0,0.0
outandequal.org,1,1,0,0,1.0
ovid.com,1,1,0,0,1.0
oxfordreference.com,1,1,0,0,1.0
pacer.org,1,1,0,0,1.0
pathward.com,1,1,0,0,1.0
patientsafetylearning.org,2,2,0,0,1.0
pbs.org,1,1,0,0,1.0
peacehealth.org,1,0,0,0,0.0
pegalislawgroup.com,1,1,0,0,1.0
penalreform.org,3,0,0,0,0.0
penncapital-star.com,1,0,0,0,0.0
pewresearch.org,3,2,0,0,0.6666666666666666
pfizer.com,1,0,0,0,0.0
pfva.org,1,1,0,0,1.0
philadelphiafed.org,1,1,0,0,1.0
phreesia.com,1,1,0,0,1.0
phys.org,1,0,0,0,0.0
pinyerdlaw.com,1,0,0,0,0.0
plaid.com,1,1,0,0,1.0
plannedparenthoodaction.org,1,0,0,0,0.0
pn3policy.org,2,2,0,0,1.0
pnas.org,1,0,0,0,0.0
pointfoundation.org,1,1,0,0,1.0
pointofpride.org,1,1,0,0,1.0
police1.com,1,1,0,0,1.0
policingequity.org,1,1,0,0,1.0
policycommons.net,1,1,0,0,1.0
poverty-action.org,1,1,0,0,1.0
povertyactionlab.org,2,2,0,0,1.0
ppic.org,1,0,0,0,0.0
preprints.org,1,0,0,0,0.0
prestigepeo.com,1,1,0,0,1.0
preventcancer.org,1,1,0,0,1.0
princeton.edu,1,0,1,0,0.0
prisonpolicy.org,16,16,0,0,1.0
probonoinst.org,1,1,0,0,1.0
projectnewyorker.org,1,1,0,0,1.0
proquest.com,1,0,0,0,0.0
prostaffworkforce.com,1,1,0,0,1.0
providence.edu,1,0,0,0,0.0
providentcu.org,1,0,0,0,0.0
psqh.com,1,1,0,0,1.0
psychology.town,1,1,0,0,1.0
psychologytoday.com,3,3,0,0,1.0
publichealthpost.org,1,1,0,0,1.0
publicintegrity.org,1,1,0,0,1.0
qz.com,1,0,0,0,0.0
ragerlawoffices.com,1,1,0,0,1.0
rainsburylawgroup.com,1,1,0,0,1.0
rand.org,2,0,0,0,0.0
rasmussen.edu,1,1,0,0,1.0
redbanklegal.com,1,0,0,0,0.0
rennepubliclawgroup.com,1,1,0,0,1.0
repec.org,2,2,0,0,1.0
researchforaction.org,1,1,0,0,1.0
researchgate.net,15,0,0,0,0.0
results4america.org,1,1,0,0,1.0
revealnews.org,1,1,0,0,1.0
rfi.global,1,1,0,0,1.0
richmondfed.org,1,1,0,0,1.0
right-to-education.org,2,2,0,0,1.0
roblevine.com,1,1,0,0,1.0
rsfjournal.org,2,0,1,0,0.0
rsisinternational.org,1,1,0,0,1.0
rstreet.org,1,1,0,0,1.0
rudermanfoundation.org,1,1,0,0,1.0
rutgers.edu,1,1,0,0,1.0
safehousingpartnerships.org,1,0,0,0,0.0
safetyandjusticechallenge.org,3,3,0,0,1.0
sagepub.com,23,0,0,0,0.0
sageusa.org,1,1,0,0,1.0
salud-america.org,3,3,0,0,1.0
saraharberson.com,1,1,0,0,1.0
savethechildren.org.uk,1,1,0,0,1.0
sc.edu,1,0,0,0,0.0
scale.jobs,1,1,0,0,1.0
scarincihollenbeck.com,1,0,0,1,0.0
scarleteen.com,1,1,0,0,1.0
scholars.org,1,0,0,0,0.0
scholasticahq.com,1,1,0,0,1.0
scholnicklaw.com,1,1,0,0,1.0
schoolhouseconnection.org,1,1,0,0,1.0
scielo.org.za,1,1,0,0,1.0
sciencedirect.com,41,0,0,0,0.0
sciencenews.org,1,1,0,0,1.0
seattleu.edu,1,0,0,0,0.0
senate.gov,2,0,0,0,0.0
sentencingproject.org,9,9,0,0,1.0
sepsis.org,1,1,0,0,1.0
serottelaw.com,1,1,0,0,1.0
share.google,7,6,0,0,0.8571428571428571
shelteringgrace.org,2,2,0,0,1.0
shrm.org,1,1,0,0,1.0
shvs.org,1,1,0,0,1.0
sinbarrerascville.org,1,1,0,0,1.0
sjcexchange.org,1,0,0,1,0.0
sjsu.edu,1,0,0,0,0.0
snapguideny.org,1,1,0,0,1.0
solarisgroup.com,1,1,0,0,1.0
specialneedsalliance.org,1,1,0,0,1.0
specialneedsanswers.com,1,1,0,0,1.0
spero.academy,1,0,0,0,0.0
springer.com,8,0,0,8,0.0
ssa.gov,8,0,0,0,0.0
stanford.edu,6,5,0,0,0.8333333333333334
startdisability.com,1,1,0,0,1.0
state.gov,1,1,0,0,1.0
stephaniehahn.com,1,0,0,0,0.0
stlouisfed.org,1,0,0,0,0.0
stlpr.org,1,1,0,0,1.0
stonybrook.edu,1,0,0,0,0.0
stopbullying.gov,5,0,0,0,0.0
stpaulscenter.com,1,1,0,0,1.0
studentscholarships.org,1,0,0,0,0.0
study.com,3,3,0,0,1.0
stwserve.com,1,1,0,0,1.0
substack.com,1,1,0,0,1.0
sussex.ac.uk,1,1,0,0,1.0
svdcdn.com,1,1,0,0,1.0
swartz-legal.com,1,1,0,0,1.0
synchrony.com,1,1,0,0,1.0
tacqe.com,1,1,0,0,1.0
taggd.in,1,1,0,0,1.0
takecommandhealth.com,1,1,0,0,1.0
tamu.edu,1,0,0,0,0.0
tandfonline.com,16,0,0,0,0.0
tcf.org,4,0,0,0,0.0
temple.edu,1,1,0,0,1.0
texashealth.org,1,1,0,0,1.0
tgpdenver.org,1,1,0,0,1.0
thearc.org,3,3,0,0,1.0
theblackstudentadvocatenetwork.com,1,1,0,0,1.0
thechampionbank.com,1,1,0,0,1.0
thecicn.org,1,1,0,0,1.0
theconversation.com,6,6,0,0,1.0
theiacp.org,1,1,0,0,1.0
thelitbot.com,1,0,0,0,0.0
them.us,2,2,0,0,1.0
themarkup.org,1,1,0,0,1.0
thepeopleconcern.org,1,1,0,0,1.0
thetrevorproject.org,5,5,0,0,1.0
theundercoverrecruiter.com,1,1,0,0,1.0
thinkequitable.com,1,1,0,0,1.0
toptieradmissions.com,1,1,0,0,1.0
torontocentre.org,1,0,0,0,0.0
trajectordisability.com,1,1,0,0,1.0
trans.ac.uk,1,0,0,0,0.0
transcanwork.org,2,2,0,0,1.0
transcen.org,1,1,0,0,1.0
transequality.org,6,6,0,0,1.0
transgenderlawcenter.org,2,2,0,0,1.0
traviscu.org,1,1,0,0,1.0
treasury.gov,3,3,0,0,1.0
triagecancer.org,1,1,0,0,1.0
tuc.org.uk,2,0,0,0,0.0
tylerclementi.org,1,1,0,0,1.0
uab.edu,2,1,0,0,0.5
ucdavis.edu,1,1,0,0,1.0
uchicago.edu,2,0,0,0,0.0
uci.edu,1,1,0,0,1.0
ucl.ac.uk,1,1,0,0,1.0
ucla.edu,22,22,0,0,1.0
uconn.edu,1,1,0,0,1.0
ucsd.edu,1,1,0,0,1.0
ucsf.edu,2,1,0,0,0.5
ufl.edu,1,1,0,0,1.0
uhc.com,1,0,0,0,0.0
ukzn.ac.za,1,1,0,0,1.0
umich.edu,2,0,0,0,0.0
umn.edu,6,3,0,0,0.5
umsl.edu,1,1,0,0,1.0
umt.edu,1,0,0,0,0.0
un.org,1,0,0,0,0.0
unc.edu,1,1,0,0,1.0
uncf.org,1,1,0,0,1.0
unclenoir.org,1,0,0,0,0.0
uncp.edu,1,1,0,0,1.0
unesco.org,2,2,0,0,1.0
unfe.org,1,1,0,0,1.0
unglobalcompact.org,1,1,0,0,1.0
unidosus.org,8,8,0,0,1.0
unitedforequity.org,1,1,0,0,1.0
unitedwayla.org,1,1,0,0,1.0
unitedwaynca.org,3,3,0,0,1.0
universityhealth.com,1,1,0,0,1.0
unm.edu,1,1,0,0,1.0
unomaha.edu,2,0,0,0,0.0
unsw.edu.au,1,1,0,0,1.0
untdallas.edu,1,1,0,0,1.0
unwomen.org,2,2,0,0,1.0
upenn.edu,1,1,0,0,1.0
upf.edu,1,1,0,0,1.0
upistudy.com,1,1,0,0,1.0
urban.org,30,2,0,0,0.06666666666666667
urbanhealthplan.org,1,0,0,0,0.0
uri.edu,1,1,0,0,1.0
us.com,1,0,0,0,0.0
usa.edu,1,0,0,0,0.0
usafacts.org,1,1,0,0,1.0
uscis.gov,3,0,0,0,0.0
usich.gov,2,2,0,0,1.0
usnews.com,1,0,1,0,0.0
ussc.gov,2,0,0,0,0.0
utexas.edu,1,0,0,0,0.0
uwalumni.com,1,1,0,0,1.0
vanderbilt.edu,1,0,0,0,0.0
vera.org,2,2,0,0,1.0
vermontpublic.org,1,1,0,0,1.0
virginia.edu,1,0,0,0,0.0
vitalcitynyc.org,1,1,0,0,1.0
voxdev.org,2,0,0,0,0.0
vzlawfirm.com,1,1,0,0,1.0
wa.gov,1,1,0,0,1.0
waldenu.edu,2,1,0,0,0.5
wanderingeducators.com,1,1,0,0,1.0
washington.edu,1,1,0,0,1.0
washingtonblade.com,1,1,0,0,1.0
washingtoninformer.com,1,1,0,0,1.0
washu.edu,1,0,0,0,0.0
wbur.org,1,1,0,0,1.0
wcnc.com,1,0,0,0,0.0
weforum.org,2,0,0,0,0.0
wellsfargo.com,1,1,0,0,1.0
whijournal.com,1,0,0,0,0.0
who.int,1,1,0,0,1.0
wikipedia.org,1,1,0,0,1.0
wiley.com,6,0,0,0,0.0
wisc.edu,2,2,0,0,1.0
wisconsin.gov,1,1,0,0,1.0
wmich.edu,2,0,0,0,0.0
womenshousingforum.org,1,1,0,0,1.0
womensworldbanking.org,5,5,0,0,1.0
workassist.in,1,1,0,0,1.0
workforceedge.com,1,1,0,0,1.0
worksupport.com,1,1,0,0,1.0
worldatwork.org,1,1,0,0,1.0
worldbank.org,4,3,0,0,0.75
worldebhcday.org,1,1,0,0,1.0
wotmnetwork.org,1,1,0,0,1.0
wowremoteteams.com,1,1,0,0,1.0
wright.edu,1,0,0,0,0.0
wustl.edu,2,1,0,0,0.5
wvpolicy.org,1,1,0,0,1.0
yahoo.com,3,3,0,0,1.0
yale.edu,1,1,0,0,1.0
youtube.com,47,47,0,0,1.0
zakaylaw.com,1,0,0,0,0.0
