dimension,condition,group,domain,outcome,url_jaccard_similarity,url_jaccard_distance,url_shared_n,n_unique_urls,generic_n_unique_urls
Gender,majority,Men,Credit & Financial Services,Access to banking services,0.5,0.5,5,7,8
Gender,majority,Men,Housing,Housing stability,0.46153846153846156,0.5384615384615384,6,10,9
Disability,majority,People without disabilities,Housing,Homelessness,0.36363636363636365,0.6363636363636364,4,8,7
Gender,majority,Men,Government Benefits,Access to government benefits,0.3333333333333333,0.6666666666666667,4,6,10
Gender,majority,Men,Housing,Homelessness,0.3076923076923077,0.6923076923076923,4,10,7
Gender,majority,Men,Criminal Justice,Arrest / detention by police,0.2857142857142857,0.7142857142857143,4,8,10
Disability,majority,People without disabilities,Employment,Workplace harassment,0.2857142857142857,0.7142857142857143,2,2,7
Disability,majority,People without disabilities,Housing,Housing stability,0.25,0.75,3,6,9
Sexual Orientation,majority,heterosexual people,Employment,Workplace harassment,0.25,0.75,3,8,7
Ethnicity,majority,non-Latino people,Employment,Workplace harassment,0.2222222222222222,0.7777777777777778,2,4,7
Gender,majority,Men,Employment,Workplace harassment,0.2222222222222222,0.7777777777777778,2,4,7
Disability,majority,People without disabilities,Criminal Justice,Arrest / detention by police,0.1875,0.8125,3,9,10
Gender,majority,Men,Credit & Financial Services,Access to credit,0.18181818181818182,0.8181818181818181,2,7,6
Race,majority,White people,Credit & Financial Services,Access to banking services,0.16666666666666666,0.8333333333333334,2,6,8
Gender,majority,Men,Healthcare,Patient safety,0.16666666666666666,0.8333333333333334,2,3,11
Gender,majority,Men,Education,Harassment/bullying,0.15789473684210525,0.8421052631578947,3,10,12
Disability,majority,People without disabilities,Healthcare,Patient safety,0.15384615384615385,0.8461538461538461,2,4,11
Disability,majority,People without disabilities,Government Benefits,Access to government benefits,0.15384615384615385,0.8461538461538461,2,5,10
Sexual Orientation,majority,heterosexual people,Credit & Financial Services,Credit/loan approval,0.15384615384615385,0.8461538461538461,2,4,11
Gender,majority,Men,Criminal Justice,Police use of force,0.14285714285714285,0.8571428571428572,2,7,9
Sexual Orientation,majority,heterosexual people,Credit & Financial Services,Access to banking services,0.13333333333333333,0.8666666666666667,2,9,8
Gender Identity,majority,cisgender people,Housing,Homelessness,0.125,0.875,2,11,7
Disability,majority,People without disabilities,Credit & Financial Services,Access to credit,0.125,0.875,1,3,6
Sexual Orientation,majority,heterosexual people,Healthcare,Patient safety,0.125,0.875,2,7,11
Gender,majority,Men,Criminal Justice,Incarceration,0.11764705882352941,0.8823529411764706,2,11,8
Gender,majority,Men,Credit & Financial Services,Credit/loan approval,0.1111111111111111,0.8888888888888888,2,9,11
Disability,majority,People without disabilities,Healthcare,Preventive care,0.1111111111111111,0.8888888888888888,1,5,5
Gender Identity,majority,cisgender people,Criminal Justice,Arrest / detention by police,0.1,0.9,2,12,10
Race,majority,White people,Education,Educational opportunity/access,0.1,0.9,1,5,6
Ethnicity,majority,non-Latino people,Credit & Financial Services,Access to banking services,0.09090909090909091,0.9090909090909091,1,4,8
