analysis,location,n,coverage_threshold,focal_mean,comparison_mean,mean_difference_focal_minus_comparison,median_difference,ci_low,ci_high,rank_biserial,p_raw,p_holm
citation_count,Dallas,21,,9.047619047619047,6.357142857142857,2.6904761904761902,2.999999999999999,1.8968253968253965,3.444444444444444,0.948051948051948,0.0001401089374715527,
source_url_jaccard_distance,Dallas,21,,0.995485952,0.9385234169,0.0569625352,0.0391363023,0.0340115091,0.0820482332,1.0,7.6294e-06,
answer_semantic_displacement,Dallas,21,,0.31909244259198505,0.2416742756253197,0.07741816696666537,0.08382726709047952,0.050895322120142354,0.10408617766012276,0.9134199134199135,1.9999900000499998e-05,
evidence_semantic_gap,Dallas,14,0.5,,,-0.0242245778,-0.0175810006,-0.0408905523,-0.0070727276,-0.6761904762,0.0200195312,
citation_count,New York City,21,,9.166666666666666,7.095238095238097,2.0714285714285716,2.666666666666667,1.3888888888888884,2.7222222222222223,0.8787878787878788,0.0004167642638468993,
source_url_jaccard_distance,New York City,21,,0.9931194475,0.9371961177,0.0559233298,0.0375816993,0.0356233098,0.0789295608,1.0,5e-06,
answer_semantic_displacement,New York City,21,,0.32310019693677394,0.2675600619543166,0.05554013498245724,0.053317139546076475,0.03602396314224554,0.07719609124792944,0.9393939393939394,1.4999925000374999e-05,
evidence_semantic_gap,New York City,13,0.5,,,-0.0212223854,-0.0261106782,-0.0401324623,-0.0017756274,-0.6043956044,0.0595703125,
citation_count,Los Angeles,21,,9.35714285714286,6.333333333333332,3.0238095238095237,2.666666666666667,2.0,4.015873015873017,0.8874458874458875,0.00036598955867302483,
source_url_jaccard_distance,Los Angeles,21,,0.9929249917,0.9386730447,0.054251947,0.0499823633,0.0355018016,0.0743891183,0.9894736842,1.99999e-05,
answer_semantic_displacement,Los Angeles,21,,0.3085947479047473,0.25087923237255644,0.05771551553219084,0.07324262460072833,0.03366503954998083,0.08122993397807317,0.8095238095238095,0.000304998475007625,
evidence_semantic_gap,Los Angeles,9,0.5,,,-0.0263860071,-0.0025219212,-0.0554914811,-0.0007916554,-0.3777777778,0.12109375,
