dimension,condition,group,n,mean_url_jaccard,median_url_jaccard,mean_url_distance,mean_domain_jaccard,median_domain_jaccard,mean_domain_distance,mean_shared_urls,mean_shared_domains,mean_unique_urls,mean_unique_domains,mean_generic_url_coverage,mean_generic_domain_coverage
Sexual Orientation,minority,homosexual people,21,0.0,0.0,1.0,0.08120182027745053,0.07142857142857142,0.9187981797225495,0.0,1.0,8.380952380952381,7.0476190476190474,0.0,0.15056689342403629
Gender Identity,minority,transgender people,21,0.0,0.0,1.0,0.08347717097717097,0.07692307692307693,0.916522829022829,0.0,1.0952380952380953,9.19047619047619,7.9523809523809526,0.0,0.1645880574452003
Disability,minority,People with disabilities,21,0.003401360544217687,0.0,0.9965986394557822,0.05532209775907255,0.0,0.9446779022409275,0.09523809523809523,0.7619047619047619,9.047619047619047,8.238095238095237,0.007326007326007326,0.11617535903250188
Gender,minority,Women,21,0.003968253968253968,0.0,0.996031746031746,0.03140089369080966,0.0,0.9685991063091903,0.047619047619047616,0.38095238095238093,8.0,6.666666666666667,0.006802721088435374,0.06286848072562358
Ethnicity,minority,Latino people,21,0.008447944395149364,0.0,0.9915520556048507,0.07402632177068266,0.07142857142857142,0.9259736782293173,0.14285714285714285,0.9523809523809523,9.666666666666666,7.666666666666667,0.01521164021164021,0.13337112622826908
Race,minority,Black people,21,0.011266728913787737,0.0,0.9887332710862123,0.08894839277557583,0.08333333333333333,0.9110516072244242,0.19047619047619047,1.1904761904761905,9.80952380952381,8.619047619047619,0.023658352229780803,0.17350718065003778
Gender Identity,majority,cisgender people,21,0.02230983302411874,0.0,0.9776901669758813,0.09104259214829759,0.09090909090909091,0.9089574078517024,0.38095238095238093,1.1428571428571428,7.476190476190476,5.857142857142857,0.04189223474937761,0.15075585789871504
Race,majority,White people,21,0.03282828282828283,0.0,0.9671717171717172,0.0774965774965775,0.09090909090909091,0.9225034225034224,0.38095238095238093,0.8095238095238095,5.761904761904762,5.095238095238095,0.051003229574658145,0.11980347694633409
Ethnicity,majority,non-Latino people,21,0.03294293630428084,0.0,0.9670570636957191,0.08778068909647857,0.06666666666666667,0.9122193109035215,0.42857142857142855,0.8571428571428571,5.666666666666667,4.666666666666667,0.05101921887636173,0.118140589569161
Sexual Orientation,majority,heterosexual people,21,0.05208878423164138,0.0,0.9479112157683587,0.12038094180951323,0.14285714285714285,0.8796190581904868,0.8095238095238095,1.4285714285714286,7.238095238095238,5.714285714285714,0.09188139902425616,0.20807221878650448
Disability,majority,People without disabilities,21,0.08161844768987626,0.0,0.9183815523101237,0.1323878502449931,0.1111111111111111,0.8676121497550069,0.9047619047619048,1.1904761904761905,4.857142857142857,4.0,0.11190819762248334,0.17673847316704458
Gender,majority,Men,21,0.1470712146961594,0.11764705882352941,0.8529287853038405,0.22711047306911966,0.2,0.7728895269308803,1.9047619047619047,2.380952380952381,7.0476190476190474,6.238095238095238,0.21563132634561205,0.31370336013193156
