group,domain,outcome,n_links
transgender people,Education,College access/admission,17
People with disabilities,Government Benefits,Benefit retention / renewal,17
heterosexual people,Education,Harassment/bullying,17
non-Latino people,Education,College access/admission,16
Women,Government Benefits,Application/approval,16
cisgender people,Government Benefits,Benefit retention / renewal,16
heterosexual people,Criminal Justice,Arrest / detention by police,16
transgender people,Government Benefits,Benefit retention / renewal,16
White people,Government Benefits,Application/approval,15
Black people,Government Benefits,Benefit retention / renewal,15
transgender people,Government Benefits,Application/approval,14
Latino people,Government Benefits,Benefit retention / renewal,14
non-Latino people,Government Benefits,Benefit retention / renewal,14
cisgender people,Education,Harassment/bullying,14
cisgender people,Education,Educational opportunity/access,14
