group_1,group_2,n_matched,mean_group_1,mean_group_2,mean_difference,median_difference,rank_biserial,wilcoxon_W,p_raw,p_holm,significant_holm
Latino people,White people,21,9.714285714285714,5.761904761904762,3.9523809523809526,4.0,0.9696969696969697,3.5,9.320310559529731e-05,0.00726984223643319,True
White people,transgender people,21,5.761904761904762,9.238095238095237,-3.4761904761904763,-4.0,-0.9789473684210527,2.0,0.00016908443876623833,0.013019501785000352,True
non-Latino people,transgender people,21,5.666666666666667,9.238095238095237,-3.5714285714285716,-4.0,-0.8874458874458875,13.0,0.0003471952961779849,0.026386842509526852,True
People without disabilities,Women,21,4.857142857142857,8.047619047619047,-3.1904761904761907,-2.0,-0.9263157894736842,7.0,0.00037588162017726534,0.0281911215132949,True
Black people,non-Latino people,21,9.80952380952381,5.666666666666667,4.142857142857143,5.0,0.9263157894736842,7.0,0.00038795911264299015,0.028708974335581273,True
Latino people,People without disabilities,21,9.714285714285714,4.857142857142857,4.857142857142857,5.0,0.935672514619883,5.5,0.0004818376007082541,0.03517414485170255,True
People without disabilities,transgender people,21,4.857142857142857,9.238095238095237,-4.380952380952381,-4.0,-0.9052631578947369,9.0,0.0005239431739145172,0.03772390852184524,True
White people,Women,21,5.761904761904762,8.047619047619047,-2.2857142857142856,-2.0,-0.9181286549707602,7.0,0.0005799994460362961,0.04117996066857702,True
People without disabilities,people,21,4.857142857142857,8.857142857142858,-4.0,-5.0,-0.8666666666666667,14.0,0.0006558987009206731,0.045912909064447116,True
Black people,People without disabilities,21,9.80952380952381,4.857142857142857,4.9523809523809526,6.0,0.8842105263157894,11.0,0.000714979018420811,0.04933355227103596,True
People with disabilities,White people,21,9.095238095238095,5.761904761904762,3.3333333333333335,4.0,0.8138528138528138,21.5,0.000999532820938035,0.06796823182378638,False
Black people,White people,21,9.80952380952381,5.761904761904762,4.0476190476190474,4.0,0.8095238095238095,22.0,0.001111410117412988,0.0744644778666702,False
Latino people,non-Latino people,21,9.714285714285714,5.666666666666667,4.0476190476190474,4.0,0.8596491228070176,12.0,0.0013446469111631264,0.08874669613676635,False
People with disabilities,People without disabilities,21,9.095238095238095,4.857142857142857,4.238095238095238,5.0,0.8095238095238095,20.0,0.0014759268114542523,0.09529247191805881,False
People with disabilities,non-Latino people,21,9.095238095238095,5.666666666666667,3.4285714285714284,4.0,0.8095238095238095,20.0,0.0014660380295085972,0.09529247191805881,False
People without disabilities,homosexual people,21,4.857142857142857,8.380952380952381,-3.5238095238095237,-4.0,-0.7792207792207793,25.5,0.0017167928686089699,0.10800067765312367,False
White people,people,21,5.761904761904762,8.857142857142858,-3.0952380952380953,-2.0,-0.8897058823529411,7.5,0.0017142964706845028,0.10800067765312367,False
non-Latino people,people,21,5.666666666666667,8.857142857142858,-3.1904761904761907,-4.0,-0.7947368421052632,19.5,0.0023334303782114748,0.14233925307089995,False
homosexual people,non-Latino people,21,8.380952380952381,5.666666666666667,2.7142857142857144,3.0,0.7571428571428571,25.5,0.0029055332201962476,0.17433199321177487,False
White people,homosexual people,21,5.761904761904762,8.380952380952381,-2.619047619047619,-4.0,-0.7894736842105263,18.0,0.0030827922321752083,0.1818847416983373,False
Black people,Men,21,9.80952380952381,7.0476190476190474,2.761904761904762,3.0,0.7285714285714285,28.5,0.004033194169092598,0.23392526180737067,False
Latino people,Men,21,9.714285714285714,7.0476190476190474,2.6666666666666665,2.0,0.6619047619047619,35.5,0.00919141450743981,0.5239106269240692,False
Men,People without disabilities,21,7.0476190476190474,4.857142857142857,2.1904761904761907,2.0,0.6190476190476191,40.0,0.014842809950464473,0.8311973572260105,False
Women,non-Latino people,21,8.047619047619047,5.666666666666667,2.380952380952381,4.0,0.6190476190476191,40.0,0.014948298115423182,0.8311973572260105,False
People without disabilities,heterosexual people,21,4.857142857142857,7.285714285714286,-2.4285714285714284,-3.0,-0.6374269005847953,31.0,0.017233120265573602,0.9305884943409746,False
Black people,Latino people,21,9.80952380952381,9.714285714285714,0.09523809523809523,0.0,0.07352941176470588,63.0,0.7944019444603473,1.0,False
Black people,People with disabilities,21,9.80952380952381,9.095238095238095,0.7142857142857143,0.0,0.1871345029239766,69.5,0.48347740160035013,1.0,False
Black people,Women,21,9.80952380952381,8.047619047619047,1.7619047619047619,1.0,0.5490196078431373,34.5,0.045714619722290656,1.0,False
Black people,cisgender people,21,9.80952380952381,7.523809523809524,2.2857142857142856,2.0,0.49523809523809526,53.0,0.05058659844894533,1.0,False
Black people,heterosexual people,21,9.80952380952381,7.285714285714286,2.5238095238095237,3.0,0.5736842105263158,40.5,0.02778298790699854,1.0,False
Black people,homosexual people,21,9.80952380952381,8.380952380952381,1.4285714285714286,2.0,0.5473684210526316,43.0,0.03542386078198468,1.0,False
Black people,people,21,9.80952380952381,8.857142857142858,0.9523809523809523,1.0,0.2857142857142857,75.0,0.25996448962173135,1.0,False
Black people,transgender people,21,9.80952380952381,9.238095238095237,0.5714285714285714,1.0,0.23809523809523808,80.0,0.3477848066632868,1.0,False
Latino people,People with disabilities,21,9.714285714285714,9.095238095238095,0.6190476190476191,0.0,0.18947368421052632,77.0,0.46410347443092703,1.0,False
Latino people,Women,21,9.714285714285714,8.047619047619047,1.6666666666666667,1.0,0.5321637426900585,40.0,0.04684745423953883,1.0,False
Latino people,cisgender people,21,9.714285714285714,7.523809523809524,2.1904761904761907,1.0,0.40476190476190477,62.5,0.11187383980427355,1.0,False
Latino people,heterosexual people,21,9.714285714285714,7.285714285714286,2.4285714285714284,2.0,0.5,47.5,0.054799065041861134,1.0,False
Latino people,homosexual people,21,9.714285714285714,8.380952380952381,1.3333333333333333,2.0,0.4025974025974026,69.0,0.1043548878379045,1.0,False
Latino people,people,21,9.714285714285714,8.857142857142858,0.8571428571428571,1.0,0.319047619047619,71.5,0.2072641365194784,1.0,False
Latino people,transgender people,21,9.714285714285714,9.238095238095237,0.47619047619047616,1.0,0.18421052631578946,77.5,0.47896126714054466,1.0,False
Men,People with disabilities,21,7.0476190476190474,9.095238095238095,-2.0476190476190474,-1.0,-0.5847953216374269,35.5,0.0286565975617994,1.0,False
Men,White people,21,7.0476190476190474,5.761904761904762,1.2857142857142858,1.0,0.4238095238095238,60.5,0.0945593910088537,1.0,False
Men,Women,21,7.0476190476190474,8.047619047619047,-1.0,-1.0,-0.2554112554112554,86.0,0.3000321610984661,1.0,False
Men,cisgender people,21,7.0476190476190474,7.523809523809524,-0.47619047619047616,-1.0,-0.22077922077922077,90.0,0.3720293385704435,1.0,False
Men,heterosexual people,21,7.0476190476190474,7.285714285714286,-0.23809523809523808,0.0,-0.04678362573099415,81.5,0.8612996730856044,1.0,False
Men,homosexual people,21,7.0476190476190474,8.380952380952381,-1.3333333333333333,0.0,-0.3742690058479532,53.5,0.16012713594079475,1.0,False
Men,non-Latino people,21,7.0476190476190474,5.666666666666667,1.380952380952381,2.0,0.47953216374269003,44.5,0.07279853667045194,1.0,False
Men,people,21,7.0476190476190474,8.857142857142858,-1.8095238095238095,-2.0,-0.5281385281385281,54.5,0.032899793782853334,1.0,False
Men,transgender people,21,7.0476190476190474,9.238095238095237,-2.1904761904761907,-1.0,-0.5190476190476191,50.5,0.04122896694182952,1.0,False
People with disabilities,Women,21,9.095238095238095,8.047619047619047,1.0476190476190477,1.0,0.2571428571428571,78.0,0.31109104720641356,1.0,False
People with disabilities,cisgender people,21,9.095238095238095,7.523809523809524,1.5714285714285714,0.0,0.40350877192982454,51.0,0.13228140937107585,1.0,False
People with disabilities,heterosexual people,21,9.095238095238095,7.285714285714286,1.8095238095238095,2.0,0.43333333333333335,34.0,0.13807629235147245,1.0,False
People with disabilities,homosexual people,21,9.095238095238095,8.380952380952381,0.7142857142857143,0.0,0.2631578947368421,63.0,0.32338706346154356,1.0,False
People with disabilities,people,21,9.095238095238095,8.857142857142858,0.23809523809523808,0.0,0.1,85.5,0.7006764326954891,1.0,False
People with disabilities,transgender people,21,9.095238095238095,9.238095238095237,-0.14285714285714285,1.0,0.009523809523809525,104.0,0.9700787455513569,1.0,False
People without disabilities,White people,21,4.857142857142857,5.761904761904762,-0.9047619047619048,-1.0,-0.3742690058479532,53.5,0.16042897270278123,1.0,False
People without disabilities,cisgender people,21,4.857142857142857,7.523809523809524,-2.6666666666666665,-3.0,-0.5789473684210527,36.0,0.030209336448747775,1.0,False
People without disabilities,non-Latino people,21,4.857142857142857,5.666666666666667,-0.8095238095238095,0.0,-0.11029411764705882,60.5,0.6972369180139256,1.0,False
White people,cisgender people,21,5.761904761904762,7.523809523809524,-1.7619047619047619,-2.0,-0.4052631578947368,56.5,0.12032346442574895,1.0,False
White people,heterosexual people,21,5.761904761904762,7.285714285714286,-1.5238095238095237,-2.0,-0.4095238095238095,62.0,0.10694904432692938,1.0,False
White people,non-Latino people,21,5.761904761904762,5.666666666666667,0.09523809523809523,0.0,0.09558823529411764,61.5,0.735553252626899,1.0,False
Women,cisgender people,21,8.047619047619047,7.523809523809524,0.5238095238095238,1.0,0.12380952380952381,92.0,0.6265130581522063,1.0,False
Women,heterosexual people,21,8.047619047619047,7.285714285714286,0.7619047619047619,1.0,0.1380952380952381,90.5,0.5874369971433773,1.0,False
Women,homosexual people,21,8.047619047619047,8.380952380952381,-0.3333333333333333,-1.0,-0.17894736842105263,78.0,0.4914351744375004,1.0,False
Women,people,21,8.047619047619047,8.857142857142858,-0.8095238095238095,-1.0,-0.26842105263157895,69.5,0.30229981461591393,1.0,False
Women,transgender people,21,8.047619047619047,9.238095238095237,-1.1904761904761905,0.0,-0.24736842105263157,71.5,0.3411096582809626,1.0,False
cisgender people,heterosexual people,21,7.523809523809524,7.285714285714286,0.23809523809523808,-1.0,0.04736842105263158,90.5,0.8557472487130993,1.0,False
cisgender people,homosexual people,21,7.523809523809524,8.380952380952381,-0.8571428571428571,1.0,-0.2714285714285714,76.5,0.2862854677188136,1.0,False
cisgender people,non-Latino people,21,7.523809523809524,5.666666666666667,1.8571428571428572,2.0,0.543859649122807,39.0,0.042169179240601415,1.0,False
cisgender people,people,21,7.523809523809524,8.857142857142858,-1.3333333333333333,-1.0,-0.3157894736842105,65.0,0.22600983943519137,1.0,False
cisgender people,transgender people,21,7.523809523809524,9.238095238095237,-1.7142857142857142,0.0,-0.32748538011695905,57.5,0.22191996715524598,1.0,False
heterosexual people,homosexual people,21,7.285714285714286,8.380952380952381,-1.0952380952380953,-1.0,-0.391812865497076,52.0,0.1435817070367263,1.0,False
heterosexual people,non-Latino people,21,7.285714285714286,5.666666666666667,1.619047619047619,2.0,0.46405228758169936,41.0,0.09226462393220514,1.0,False
heterosexual people,people,21,7.285714285714286,8.857142857142858,-1.5714285714285714,-2.0,-0.2943722943722944,81.5,0.23630759097755505,1.0,False
heterosexual people,transgender people,21,7.285714285714286,9.238095238095237,-1.9523809523809523,-1.0,-0.41125541125541126,68.0,0.09700882761275485,1.0,False
homosexual people,people,21,8.380952380952381,8.857142857142858,-0.47619047619047616,0.0,-0.08947368421052632,86.5,0.7302511886760523,1.0,False
homosexual people,transgender people,21,8.380952380952381,9.238095238095237,-0.8571428571428571,-1.0,-0.2631578947368421,63.0,0.3230372778312981,1.0,False
people,transgender people,21,8.857142857142858,9.238095238095237,-0.38095238095238093,-2.0,-0.09523809523809523,104.5,0.7015044676094532,1.0,False
