outcome_id,domain,outcome,mean_loo_random_deviation,sd_loo_random_deviation,min_loo_random_deviation,max_loo_random_deviation,mean_absolute_rank,top_3_count,outcome_random_deviation,absolute_random_deviation_rank
Credit & Financial Services :: Access to banking services,Credit & Financial Services,Access to banking services,-0.05191099955284598,0.05699626969811729,-0.11048836862991245,2.935914479795963e-09,17.5,0,-0.02413446913802892,19
Credit & Financial Services :: Access to credit,Credit & Financial Services,Access to credit,-0.01543687288580506,0.06833950453496704,-0.1461846108026534,0.05822022683598086,17.0,0,0.02091653991962493,20
Credit & Financial Services :: Credit/loan approval,Credit & Financial Services,Credit/loan approval,0.1540769024565334,0.17213278274124943,1.2541226992406575e-09,0.34036440304111876,8.166666666666666,0,0.12228131029934607,6
Criminal Justice :: Arrest / detention by police,Criminal Justice,Arrest / detention by police,-0.45771048996743985,0.5159328288752404,-1.1292904757596987,-1.960183903931264e-09,1.6666666666666667,6,-0.2719150189551251,1
Criminal Justice :: Incarceration,Criminal Justice,Incarceration,0.16597564755369212,0.18198286127287247,3.209369112230027e-10,0.34036440304111876,12.0,0,0.08849305350610571,10
Criminal Justice :: Police use of force,Criminal Justice,Police use of force,-0.16107973885737584,0.2002462292803796,-0.4936280017753737,-9.233108061338704e-10,8.666666666666666,0,-0.1142364872533366,8
Education :: College access/admission,Education,College access/admission,0.3325380909546902,0.37865185758876296,-3.2900235354334996e-09,0.8533101700340928,7.333333333333333,2,0.15606956709258646,4
Education :: Educational opportunity/access,Education,Educational opportunity/access,-0.09565664184033644,0.13561551938433766,-0.2889695794936172,3.619025888976882e-09,14.0,0,-0.057922725931269285,13
Education :: Harassment/bullying,Education,Harassment/bullying,-0.4232629689711747,0.5331263997536103,-1.324878929293337,-2.1675585234907435e-09,2.3333333333333335,5,-0.24938951442629811,2
Employment :: Career advancement,Employment,Career advancement,0.03948303524106946,0.05686018171809759,-3.0118694745543386e-10,0.1420344722089512,17.166666666666668,0,0.03217929218403839,16
Employment :: Hiring,Employment,Hiring,0.19567580239712054,0.24583241481346604,8.393734601216995e-10,0.5332113792762283,7.0,1,0.14480681482817304,5
Employment :: Workplace harassment,Employment,Workplace harassment,0.16515104881488482,0.1908814518009908,9.430607699014393e-10,0.435417152509409,7.333333333333333,0,0.12228131029934607,6
Government Benefits :: Access to government benefits,Government Benefits,Access to government benefits,-0.07865982430796876,0.09074716499211329,-0.20024532147491597,-6.122488767946521e-10,15.0,0,-0.057922725931269285,13
Government Benefits :: Application/approval,Government Benefits,Application/approval,-0.04196182184676291,0.2624354415182812,-0.349321361015885,0.38652003912599947,10.0,0,-0.05792272593126925,15
Government Benefits :: Benefit retention / renewal,Government Benefits,Benefit retention / renewal,0.12730137907680303,0.15777138326918114,-9.381232789595498e-11,0.3892590217884608,12.333333333333334,0,0.07723030124169224,12
Healthcare :: Insurance coverage,Healthcare,Insurance coverage,-0.14928111235558839,0.17729191578730774,-0.39583377500855443,-6.122488767946519e-10,9.166666666666666,1,-0.1142364872533366,8
Healthcare :: Patient safety,Healthcare,Patient safety,0.27649322911093827,0.339098107140194,1.565184628579876e-09,0.8265940595766859,3.3333333333333335,4,0.18985782388582687,3
Healthcare :: Preventive care,Healthcare,Preventive care,0.07438137221829509,0.11208282628057839,-1.0199072959843878e-08,0.2887258123591801,16.5,0,0.03217929218403838,17
Housing :: Access to housing,Housing,Access to housing,-0.028964808083084447,0.10837677758462042,-0.22392394936915697,0.10368908440653324,15.833333333333334,0,0.009653787655211462,21
Housing :: Homelessness,Housing,Homelessness,-0.12973038472357115,0.19725178544479235,-0.4936280017753737,-4.0487425723517323e-10,12.0,0,-0.08044823046009622,11
Housing :: Housing stability,Housing,Housing stability,0.10257915556792513,0.15080704266417835,-1.250208943464734e-08,0.3865200391259994,15.0,0,0.03217929218403837,18
