bootstrap_iteration,outcome_variance,outcome_sd,residual_variance,outcome_icc
0,1.635705443483611e-09,4.044385544781322e-05,16.355555554288774,1.0000916434117145e-10
1,3.588177294016065e-09,5.990139642793033e-05,26.42619047318832,1.3578110311319286e-10
2,1.5165166664789906,1.2314693120329838,16.593803531870968,0.08373770589750043
3,2.711166408281181e-09,5.206886217578776e-05,27.10476190269987,1.0002546481472465e-10
4,3.6865020511108686e-08,0.00019200265756261992,15.728571408390355,2.343825098129255e-09
5,8.607330478905094e-09,9.277569982977813e-05,18.888095230534578,4.557013489146367e-10
6,0.1669842048205722,0.40863700862816155,27.19650786098986,0.006102444981034133
7,4.0084873712486635e-08,0.00020021207184504794,24.272222185161112,1.6514711071981543e-09
8,1.963521232912633e-09,4.431163766904393e-05,12.655555553879186,1.5515093148211354e-10
9,0.9273017208675135,0.9629650673142373,18.39095227427954,0.04800132150143906
10,2.468547031090561e-09,4.968447474906584e-05,24.498412696493794,1.0076354992562923e-10
11,0.8785880711898297,0.9373302892736528,12.938082813925412,0.06358898453145731
12,0.5031747198615504,0.7093480949869044,18.516666563937598,0.026455253351149045
13,1.192222737748012,1.091889526347795,22.849047210189333,0.04959067222030425
14,9.406733894617816e-09,9.69883183410137e-05,24.04523808698047,3.912098460788865e-10
15,2.2158771461470398e-09,4.707310427565873e-05,21.45238095051554,1.0329283034034989e-10
16,4.080389810219214e-09,6.387792897565805e-05,22.847619045028058,1.7859146729682702e-10
17,1.6246068141678534,1.2746006488966861,17.140473721149156,0.08657606404141167
18,2.5970292491688566e-09,5.0961056201464823e-05,23.801587299817008,1.0911159899430141e-10
19,2.370648258752445e-09,4.868930332991472e-05,23.704761902800733,1.000072588046231e-10
20,1.8134876814251506,1.3466579674977424,14.626986832111363,0.11030628586370715
21,1.9241026699762902e-09,4.3864594720301365e-05,19.116666665755304,1.0065053198994022e-10
22,1.29394427150479,1.1375167126265837,17.338588893988764,0.06944542966927894
23,0.34714257698350154,0.5891880658868622,16.398889142233422,0.020729841123203998
24,0.7138088608762494,0.8448720973474325,18.827460874750404,0.03652827428991829
25,0.6206350795866816,0.7878039601237617,19.71746018012299,0.030515890090070375
26,0.11920617194939084,0.34526246820265716,18.226031917675574,0.00649793539702312
27,4.378622672034867e-09,6.617116193656317e-05,17.658730155492336,2.479579580407872e-10
28,1.6707562347976597,1.2925773612429006,19.214994811053145,0.07999502776461441
29,1.7514281051137293,1.3234153184521211,16.332698716254757,0.09684891741879484
30,1.2377976851913886,1.112563564562218,14.96697004330819,0.07638478415302766
31,2.413390447920735e-09,4.912627044586974e-05,16.821428569809964,1.4347119434944328e-10
32,2.223204165703475e-08,0.00014910413024807445,15.12698411398667,1.4696942534503172e-09
33,2.5702018646696338e-08,0.00016031849128125033,18.62936505568326,1.379650811201191e-09
34,1.2433333958730188,1.1150486069553285,20.145555507763806,0.05812987301372212
35,0.6065081945217967,0.7787863599998377,19.36888866580305,0.030362760688196586
36,1.6543929232522954,1.28623206430733,19.328972540467518,0.07884306862560901
37,1.9096760037217968e-07,0.00043699839859223704,21.329364894643458,8.953271679943618e-09
38,2.823996640589159,1.6804751234663247,11.167703966096388,0.2018336955580503
39,3.554858818983923e-08,0.00018854333239295214,16.523015839973905,2.151458817061453e-09
40,1.4157381291635937e-07,0.0003762629571408264,21.102380880318822,6.708902316259185e-09
41,0.9682587489757236,0.9840013968362665,10.173806284527938,0.08690119345599003
42,1.0487994705176313,1.0241091106506335,14.212287539913172,0.06872377241547652
43,0.7928570856375347,0.8904252274265002,14.291269886063928,0.052562344981911924
44,0.9914289195320315,0.9957052372725733,9.461745803318854,0.09484476685965505
45,0.08206354323524326,0.2864673510807877,14.084603124879976,0.005792720698366037
46,0.775873134677381,0.880836610659083,14.219364986025793,0.05174130136727684
47,0.8149203008152154,0.9027293618882768,19.2684129741989,0.04057694455676171
48,0.27682519715998155,0.5261418032811892,12.877143037429763,0.021044995108931507
49,0.4795240972895404,0.6924767846574644,20.554602916897846,0.022797432808411986
50,1.4558998261251723,1.2066067404606906,17.93617140577641,0.07507706674107587
51,2.0514694572770614e-09,4.529315022469801e-05,20.50634920480191,1.0004069649762155e-10
52,2.280912348073027e-09,4.775889810363119e-05,17.158730156476356,1.3293013684400893e-10
53,1.0322221287834548,1.0159833309574793,17.43841277051262,0.055884496359288285
54,0.09746051960385721,0.31218667428937,16.856507740043945,0.0057485373401236885
55,1.4199307492891418e-09,3.768196849010335e-05,14.173809522661667,1.0017989495884291e-10
56,1.668119864225692e-09,4.084262313105871e-05,16.655555554200856,1.001539611590975e-10
57,0.3920637181377099,0.6261499166635015,22.39761883973921,0.01720356205673426
58,2.006938648567355e-09,4.479886883133719e-05,18.75317460148465,1.070186083690433e-10
59,0.6007934506333413,0.7751086702091142,19.076984299913953,0.030531570091375367
60,1.8358329265608077e-09,4.284662094682389e-05,14.916666665517015,1.2307259842299603e-10
61,0.2069840783189873,0.4549550288973486,13.439841315026936,0.015167196205200295
62,1.5029061772359717e-09,3.87673338938335e-05,15.028571427339164,1.0000326274203752e-10
63,0.337143085918305,0.5806402379428289,20.904126772423385,0.01587207771318366
64,0.08349228054276558,0.2889503080856042,13.787142646471095,0.006019355349059008
65,2.1650350963758445e-09,4.652993763563244e-05,21.55634920419222,1.0043607457135399e-10
66,0.8906348353422213,0.9437345152860636,15.132381018280624,0.05558471909898576
67,1.1444451845043777,1.0697874482832455,20.32142799397217,0.053314634582481965
68,0.400159128513279,0.6325813216601317,21.126031382140464,0.01858940755519339
69,0.8328571869098954,0.9126100957746935,13.54571425201999,0.057923500289809055
70,0.09523818957395967,0.308606852765715,15.369841178340304,0.006158273572882685
71,0.46190446122061557,0.6796355355781624,13.04365104910411,0.03420107087542596
72,0.8501585250168004,0.9220404139823809,20.397460487223842,0.0400119431982957
73,1.0215872138790498,1.0107359763454795,17.891904830134266,0.05401367507923597
74,2.054642755658296,1.4334025099944174,12.139674319521903,0.14475108205459133
75,2.925681640475189e-09,5.408957053328478e-05,17.446031744081907,1.676989749245993e-10
76,1.0771586346390998,1.0378625316674168,15.45221052257973,0.06516634872109894
77,2.216714178936484e-09,4.7081994211550596e-05,22.161111109406367,1.0002721288527177e-10
78,0.37127024874379416,0.6093194964415583,16.00412661900435,0.02267244279587645
79,0.1933328413207554,0.4396963057847489,23.155079837374835,0.008280341965052005
80,0.7882537354762761,0.8878365477250169,18.51174622366331,0.04084216254637844
81,2.0032046365038998e-07,0.0004475717413447703,21.253174409122817,9.425437250272387e-09
82,1.8685719597158383,1.3669571901547752,18.470317107592358,0.09187187921287678
83,0.47333318193135204,0.6879921379865849,14.084603304224595,0.032513755117799435
84,1.1387580528359549e-07,0.000337454893702248,20.491269732752848,5.557283962190904e-09
85,1.7212741543566274e-09,4.1488241157665716e-05,16.71507936364643,1.029773246499187e-10
86,1.421637699971022,1.1923244944104026,18.981593880493726,0.06967708494433703
87,2.3520974976190808e-09,4.8498427785022895e-05,23.51428571241939,1.0002844764880575e-10
88,1.0488893643119237,1.0241529984879816,20.32174565384752,0.049080870241836175
89,0.9752171570068167,0.9875308385092674,10.754141390360306,0.08314326423466036
90,2.0174603055904607,1.420373297971509,13.453174609958124,0.1304057859682821
91,1.8374101081632891e-09,4.2865021966205605e-05,14.34999999882313,1.2804251624241896e-10
92,1.7084137110584419,1.3070630095976405,16.538412030660243,0.09362799509573905
93,0.012539545811580247,0.11198011346475877,14.973174739332567,0.0008367666414146924
94,1.3863818868292177,1.177447190675326,18.24696044365644,0.07061364608696881
95,1.1590480309591749,1.0765909301861942,11.064761634435532,0.0948188872934115
96,0.3058734190471587,0.5530582420027377,18.04174566007757,0.016671014245939444
97,2.2512512694078493,1.500417031830767,15.350328175115378,0.1279005260012806
98,0.7460733731967774,0.8637553896774117,10.562667649888112,0.06597315931753979
99,1.3147525456717957e-08,0.00011466265938272127,17.417460305472027,7.548474471139192e-10
100,0.2595236497939661,0.5094346374108911,21.086508086978167,0.012157934223759862
101,0.48587277032131587,0.6970457447838814,17.476031961614968,0.027050180789425615
102,1.042222685945725,1.0208930825241813,20.856983755960748,0.04759180149794472
103,0.7961891459102812,0.8922943157446881,19.904604283168847,0.038461769527724794
104,0.36650773439914264,0.6053988225947773,11.893809698935744,0.029893820970951005
105,0.5619047720945333,0.7496030763641071,15.564285705654052,0.03484423508886781
106,3.7568794437053694,1.9382671239293539,14.805828800610943,0.20238854127633465
107,7.494897356850428e-08,0.0002737681018097329,18.600793580011537,4.029342777452761e-09
108,2.0728479457526977e-09,4.552853990358902e-05,20.699206347510064,1.0014142140258751e-10
109,0.6144443760786448,0.7838650241455124,26.1133333945026,0.02298898102763156
110,4.119460746639778e-09,6.418302537774125e-05,24.557936504407476,1.6774458005498266e-10
111,1.8464122371474655e-07,0.00042969899198711946,20.004761813862398,9.229863555915232e-09
112,2.5227642595065108e-08,0.00015883212079130944,18.550793627555166,1.3599225492587324e-09
113,0.6512694506427933,0.8070126706829288,23.77412732769539,0.02666361805923152
114,2.496628602354564e-09,4.9966274649553015e-05,24.961111109259697,1.0002073189677394e-10
115,3.669993137666075e-09,6.0580468285298647e-05,14.799206346026029,2.479858075457849e-10
116,6.802842449754327e-08,0.0002608225919998942,16.984920568402114,4.005224749277355e-09
117,1.7131754098872833,1.308883268243308,16.475713754950597,0.0941880174408415
118,0.28158708391424786,0.5306477964848698,13.215238291953346,0.02086320864888178
119,0.3512699971361849,0.5926803498819452,18.501904619551716,0.018631875229398128
120,0.02380921981302298,0.15430236489770005,20.65000030225402,0.0011516609837973607
121,1.3168809581684272e-09,3.6288854462058e-05,12.796825395697507,1.0290684738698295e-10
122,1.9295614674852765e-09,4.39267739253098e-05,19.293650792050787,1.0001017889715838e-10
123,1.7103660194795103,1.3078096266198342,14.01981110853074,0.10873151685202026
124,2.1749215854225725,1.4747615351040901,19.817142243419887,0.09889574722724184
125,1.5652542842131387,1.2511012286034806,15.949830409717594,0.08936606996570935
126,0.6122216819812842,0.7824459610613913,17.867936969161132,0.033128594485493636
127,3.785991448975789e-09,6.153041076553763e-05,21.386507933228575,1.7702709858598315e-10
128,1.5441588336623773,1.242641876673395,19.40743753241943,0.07370124961753227
129,4.9785196252764414e-08,0.00022312596499010244,17.269047570543723,2.8829149902949987e-09
130,1.1050792664002835,1.0512275045870345,18.641746107863863,0.05596237599996823
131,1.1212885443987137,1.0589091294340198,14.837446743395606,0.07026174218556692
132,2.091891155686719e-09,4.5737196631261945e-05,20.918253966525743,1.0000314360964611e-10
133,0.23698406413459686,0.4868100904198647,21.79952386913325,0.010754156913257078
134,0.23253930807378273,0.48222329690070215,23.51428607110804,0.009792437698962635
135,0.308094996539471,0.5550630563633928,13.610952597948707,0.0221347757055931
136,1.7519279006374166e-09,4.185603780385115e-05,17.365873014507727,1.0088337620556638e-10
137,1.0074819111683466,1.003733984264928,12.770301974994048,0.07312365468151978
138,1.5854278557261714,1.2591377429519661,19.728866752893108,0.07438331339780961
139,3.3443667153219507e-09,5.783049987093273e-05,23.445238092371817,1.426458840668809e-10
140,0.3484130715666855,0.590265255259604,18.742856801436673,0.01824986362271116
141,0.5634920762328427,0.7506610927927747,16.97142856050177,0.032135422104640744
142,1.603809515227162,1.2664160119120265,14.204126989612472,0.10145596895180799
143,0.5547613887035913,0.7448230586545983,14.631746465563575,0.03652988521305852
144,2.6149589031168574,1.617083455829308,10.601728896247096,0.19785281628901766
145,1.932420613716329e-09,4.395930633797955e-05,19.311111109724614,1.000678108340351e-10
146,1.3060323149502906,1.1428177085389823,11.924126616523711,0.09871629824818609
147,1.5663945096777208e-09,3.957770217783898e-05,15.657936506657846,1.0003837407662121e-10
148,0.8993918728095659,0.9483627327186396,9.030775764163938,0.09057167065949762
149,1.4238375369859213e-09,3.773377183619365e-05,14.227777776601666,1.0007448522178971e-10
150,1.3545658889995869e-08,0.00011638581911038762,14.216666654524499,9.528013286278045e-10
151,0.0022249377287317565,0.047169245581541334,23.12475919056113,9.620526897885155e-05
152,0.20317504924047528,0.45074943066017875,15.062697994815842,0.013309101199395887
153,2.2099265052363066e-09,4.700985540539671e-05,22.046825395023664,1.0023785581000726e-10
154,0.45269839168922554,0.6728286495752285,10.875079382469124,0.03996356573325
155,1.2425610971505152,1.1147022459610079,8.83046362000759,0.12335531104514931
156,1.4359266825170317e-08,0.00011983015824561995,20.865873002798878,6.881699516412564e-10
157,0.6447627056852197,0.8029711736327897,15.875078699348574,0.03902959416358275
158,1.0473041717208825e-08,0.00010233788016765261,21.961904755420044,4.768731049901235e-10
159,4.27027477970058e-09,6.534733949978821e-05,15.423015869321326,2.768767674688355e-10
160,0.9252381529633023,0.9618930049456136,15.269999955696852,0.057130259324100055
161,1.7312738987919777e-09,4.160857962959055e-05,17.303968252249682,1.000506862576843e-10
162,1.6153417156285013,1.270960941818631,22.53464374383327,0.06688789599231924
163,1.8922222373225457,1.375580690952932,11.5680952297886,0.14057783123956694
164,0.3277779481946937,0.5725189500747496,14.116666513976481,0.022692319462553057
165,0.43000024326073394,0.6557440379147446,25.375555331295747,0.016663087993528867
166,1.6092071691218763,1.268545296440721,15.509840729986205,0.0940009735708326
167,0.2260317012904116,0.47542791387381916,14.449365120860822,0.015402084456703512
168,1.6329134666725085e-09,4.040932400662635e-05,16.32857142744893,1.0000344939938982e-10
169,2.2868983173818365e-09,4.782152566974245e-05,22.868253966514075,1.0000318872187787e-10
170,8.309147319349048e-08,0.00028825591614655625,14.881745952554114,5.583449213181381e-09
171,0.336666294515935,0.5802295188250379,15.087936842734486,0.021826577417923047
172,1.8106328578866796e-09,4.255153179248286e-05,18.034920633582736,1.0039594265434852e-10
173,1.1345587844047242e-07,0.00033683212204371543,17.87460306607403,6.347322919616067e-09
174,0.32238113603507723,0.5677861710495221,18.191904593198934,0.01741256134586052
175,1.8457142562794144,1.3585706666491126,12.016984143633179,0.1331424952800713
176,0.9220629950697126,0.9602411129865834,18.62793690633002,0.04716434781177135
177,1.6620855220121298e-09,4.0768683103727175e-05,16.611904760664093,1.0005387978033332e-10
178,1.4080569700897526e-09,3.7524085199905306e-05,14.080158729191245,1.0000291879023587e-10
179,0.39793665865977523,0.6308222084389351,20.07269827556804,0.01943939012826648
180,6.893400626786714e-08,0.00026255286375864793,23.298412631218717,2.958742604272576e-09
181,5.6399554747108774e-08,0.00023748590431246392,17.172222167136404,3.28434806007859e-09
182,1.3051218735951415e-07,0.000361264705388603,19.328571303503953,6.752293505242047e-09
183,0.9039688356674657,0.9507727571125846,19.917459843350297,0.04341531263790827
184,1.5293366744434218,1.236663525152829,20.53414768155976,0.06931528355933997
185,2.3032697121395107,1.5176526981294207,11.123762793934896,0.1715397435060583
186,1.167208304879054e-08,0.00010803741504122792,16.103968243332172,7.247954581109833e-10
187,0.727618363488583,0.8530054885454038,19.260476765912983,0.03640258657856245
188,2.091150586535336e-09,4.572909999699684e-05,20.898412696850922,1.0006265148745937e-10
189,0.03301584196453559,0.18170261958633285,21.378888919702295,0.001541938577255536
190,1.5030279885812623e-08,0.00012259804193302852,19.756349192642446,7.607822542423652e-10
191,1.557302073588603,1.2479190973731442,14.389523493983237,0.0976559295133575
192,1.3765853007464498e-08,0.0001173279719737135,24.163492050994012,5.696963406849904e-10
193,0.2180951590875396,0.4670065942655838,14.677142930686443,0.014641938435161256
194,9.939171155132717e-08,0.00031526451045324965,22.827777683711062,4.353981035547725e-09
195,6.110164742291509e-09,7.816754276738849e-05,18.834920629564845,3.24406184686455e-10
196,2.0871135426653346e-09,4.5684937809581556e-05,20.861904760328272,1.0004424650741667e-10
197,0.014920881901907851,0.12215106181244538,14.851745785999208,0.0010036467646189842
198,0.9574769858491919,0.9785075297866603,13.964749491781609,0.06416448559365455
199,1.3255980449148037,1.1513461881271,14.745050052088763,0.08248566186711329
200,1.7920983219069896e-09,4.2333182279471854e-05,17.789682538285795,1.0073807207462077e-10
201,2.405016655415079e-09,4.9040969152485956e-05,23.79761904522815,1.0106123014244461e-10
202,0.3225394581246968,0.5679255744590983,14.925079567610307,0.021153431075390406
203,2.987619075869855,1.7284730474814627,18.733809508091806,0.1375424762842628
204,0.3250794878161652,0.570157423713982,16.35904750740352,0.019484357072402203
205,0.8453966206769301,0.9194545234414425,17.121270005454917,0.04705361535719332
206,5.441646138843051e-09,7.376751411592403e-05,21.374603169909115,2.5458466265789534e-10
207,1.5064186176027074e-09,3.881260900278037e-05,15.045238094134012,1.0012594071470451e-10
208,1.6840562831991802e-09,4.103725482045772e-05,16.836507935329482,1.0002408394302092e-10
209,1.162866128117503,1.0783627071247888,17.514120238332715,0.062261978742265335
210,8.01304987587708e-08,0.00028307330986649163,16.14365075175177,4.963592163460338e-09
211,1.9479512603080353,1.395690245114594,8.53935818757693,0.18574366189803715
212,2.942498412324518e-09,5.424480078610777e-05,16.86349206115806,1.7448926954984522e-10
213,1.6168257835489401,1.271544644732909,15.29269815971085,0.09561628044492723
214,0.8201736448733925,0.9056343880801968,12.289353896343558,0.06256317340916591
215,3.041255800559893e-09,5.514758200102606e-05,21.79444444201562,1.395427081533005e-10
216,0.23999999294595112,0.48989794135712705,19.10365080028793,0.012407171506109876
217,0.5012696100978568,0.7080039619224293,21.969365286864722,0.022307763549912638
218,2.136783319095275e-09,4.622535363948311e-05,21.359523807985752,1.0003890246292043e-10
219,6.41077805678593e-08,0.0002531951432548802,15.924603114061027,4.025706628328753e-09
220,0.9053967978637373,0.9515234089940916,17.42238097423543,0.049400249671405626
221,0.8806349826308003,0.9384215378127253,14.67174598406102,0.05662380470982778
222,0.20730137268087392,0.45530360495044836,18.775238298630324,0.010920634239167367
223,3.5581451616587007e-09,5.965018995492555e-05,19.557936504870145,1.8192845447296317e-10
224,1.9154136305971616,1.3839846930501658,13.651259964874201,0.12304578873898861
225,1.1657356273453536,1.079692376256012,14.34855625198241,0.07513946729973892
226,8.936587357901432e-09,9.45335250474742e-05,19.71349205563734,4.5332340554522557e-10
227,0.11571426121122673,0.34016798969219125,18.0914285951723,0.006355432157805949
228,3.035877154995237e-09,5.5098794496751354e-05,28.999999996978747,1.04685419137714e-10
229,2.2063756765583056e-09,4.697207336874013e-05,22.038888887092977,1.0011283634310519e-10
230,2.635059719201804e-09,5.1332832760347485e-05,18.13253968043758,1.453221537224443e-10
231,2.447904535384202e-09,4.9476302765912105e-05,23.84761904666849,1.0264775407316405e-10
232,1.7767878392474086,1.3329620546915086,13.84700700592814,0.11372319317134791
233,1.1057145639602177,1.0515296305669268,10.24904743830073,0.09737892909953103
234,3.11482847402225,1.764887666119929,10.955051875752188,0.22138272654693794
235,1.0326759202224332,1.0162066326404453,13.718905230774899,0.07000442255321325
236,0.4584125074806592,0.6770616718443447,13.997936672003709,0.03171011586599003
237,6.284564571577556e-09,7.927524564186197e-05,24.436507932579627,2.571793231381678e-10
238,2.2549275899659222e-09,4.7486077854102904e-05,22.45317460134936,1.0042800761028913e-10
239,0.3560319466200625,0.5966841263349164,21.045555370610963,0.01663577291453569
240,1.5661573218747962,1.251462073686133,12.208432896915847,0.11369901369104386
241,1.1203987313659368e-07,0.0003347235772045251,17.676190369020155,6.338462648761563e-09
242,4.743829062464792e-08,0.0002178033301505005,17.35873013851163,2.7328203224821286e-09
243,2.415981505865001,1.5543427890478345,12.119628466187711,0.1662112226807237
244,1.3082848155206823,1.1438027869876355,17.225057008133643,0.07059087497382166
245,7.056284001596735e-08,0.0002656366691855011,21.51190469298722,3.28017629268839e-09
246,1.8576449291806915e-09,4.310040520900809e-05,18.53730158580295,1.002111834020782e-10
247,0.16539678973473823,0.4066900413518116,14.445714319445349,0.011319932378778522
248,2.624479921105786e-09,5.122967812807129e-05,21.845238093064612,1.2013968030971918e-10
249,1.5943421390297994e-09,3.992921410483556e-05,15.869841268689443,1.004636474855737e-10
250,2.2656204689341866e-09,4.759853431497851e-05,22.600793649124732,1.0024517297403893e-10
251,8.623754385409923e-09,9.28641716993692e-05,14.669047613740762,5.878878170837823e-10
252,2.0862421690881405e-09,4.567540004300062e-05,20.85238095091612,1.0004815151757332e-10
253,2.356026521629185e-09,4.853891759845068e-05,23.500793648912868,1.0025306194295163e-10
254,1.9497311038943923,1.396327720807115,11.535860023014662,0.1445788386690675
255,0.48349192921262846,0.6953358391544538,18.080793769236855,0.02604419782512884
256,0.007936357060735887,0.08908623384527986,17.40714300767547,0.00045571753619488045
257,1.587847437791036e-08,0.00012600981857740435,17.199999985773708,9.231671149061117e-10
258,2.4211016049427565e-09,4.920469088352e-05,22.366666664593925,1.082459733936683e-10
259,7.852327548087888e-09,8.861335987359857e-05,16.326984120078794,4.809417028007424e-10
260,1.1550794235892305,1.0747462135728745,18.724285669568587,0.058104442379137734
261,7.026842978495667e-09,8.382626663818249e-05,19.196031741720695,3.6605706171298347e-10
262,0.9433333739654953,0.9712535065396136,15.059047588106552,0.05894956358065288
263,2.932637224586831,1.712494445125832,13.97693652456921,0.17343058246711862
264,5.061671277884381e-08,0.00022498158319925613,15.369047571504769,3.293418956291638e-09
265,1.7379506894150912e-09,4.168873576177492e-05,17.37936507792689,1.0000081599348088e-10
266,1.291332827647471e-09,3.593511969713571e-05,12.886507935519374,1.0020812728937519e-10
267,1.4621767267349197,1.2092049978125792,17.10452384661575,0.0787526421810036
268,2.0650167930275943e-09,4.544245584283044e-05,17.828571427175905,1.1582626242508289e-10
269,2.8103136287652764e-09,5.301239127567513e-05,18.376984124956405,1.5292572541971296e-10
270,0.1198410238630906,0.3461806231768188,22.105555795042086,0.0053920757788743934
271,0.759682597054274,0.8715977266229381,12.725238051054822,0.05633571133848677
272,0.4982538880554981,0.7058710137521572,20.208888960285837,0.024061933203663045
273,0.7258729961854063,0.8519818050788446,16.70031747649033,0.041654141065631936
274,0.18095211189930915,0.42538466345098663,17.546032001891422,0.010207721219682102
275,2.2353950399183113,1.4951237540479088,9.554286537147995,0.18960605723793922
276,1.335578411850577,1.1556722770104753,16.280301252275155,0.0758167311150772
277,8.267444893071309e-08,0.0002875316485723147,15.723809445149458,5.257914679290497e-09
278,1.7782748174368693e-09,4.216959588894432e-05,17.71904761774103,1.0035950326573542e-10
279,1.5506827233039403e-08,0.00012452641178898314,17.783333319452137,8.719865359862347e-10
280,2.6950612051273197e-08,0.0001641664157228061,21.15158727731446,1.2741649911937717e-09
281,1.193753981011431e-07,0.000345507450138406,20.65555544167053,5.7793361087935e-09
282,0.05507936280622227,0.23468992906859526,13.336190478417626,0.004113079899014901
283,0.5060318147536574,0.7113591320519175,12.299523752526852,0.03951658419620777
284,0.6495237883976557,0.805930386818648,12.529841286618835,0.04928338995851384
285,5.727219624106222e-08,0.00023931610109029902,14.041269787163609,4.078847346115047e-09
286,0.7626986009974992,0.8733261710251784,15.205555405012154,0.04776343116225841
287,2.3261724990998065,1.525179497337873,13.430094696905424,0.14763474560075837
288,0.6230156247622766,0.7893133881813209,17.14365100373174,0.035066545559147816
289,0.24428565545416295,0.49425262311308266,15.077142911565526,0.015944052108822458
290,0.4468251901634565,0.6684498411724372,15.023809703718038,0.02888214951929168
291,1.7723809512761795,1.3313079851319827,15.44746031816235,0.10292667182837335
292,1.1790620245705967,1.0858462251030745,17.719354270125493,0.062389461962561635
293,2.309265273456139e-09,4.805481529936557e-05,23.05396825168292,1.0016779966096511e-10
294,1.5367271200352209e-09,3.920111120918922e-05,13.888095237376975,1.1065067553176e-10
295,0.9166666922212855,0.9574271211018025,18.976984106400803,0.04607835442073697
296,0.4728568832889069,0.6876458996379655,15.34460339951688,0.029894614864493848
297,1.0226601114367978e-08,0.00010112665877189841,22.030158720901074,4.6420914343745635e-10
298,0.4626980456559355,0.6802191159148172,20.250000329408703,0.02233885886220228
299,0.09492088643343984,0.3080923342659467,18.540793405558343,0.005093493329323558
300,0.7615872089864391,0.87268964070077,16.088412773290806,0.04519805399332185
301,1.4690692419138849,1.2120516663549805,14.92379503311944,0.08961638535318736
302,0.024603153687320373,0.15685392467936649,17.923809544582806,0.0013707704464412964
303,3.3091070672461147e-09,5.752483869813208e-05,14.144444442411112,2.339510102319624e-10
304,1.524879791403732,1.2348602315257107,20.63860125389262,0.06880145714868874
305,0.6920628041715727,0.8319031218667068,18.572222802077466,0.03592465447808135
306,4.126753736516921e-08,0.00020314412953656625,24.157142834083576,1.7082954543965044e-09
307,0.8498558460112073,0.9218762639374155,12.375544705032063,0.06425936535768419
308,6.896555250540676e-08,0.0002626129328601445,21.822222157515604,3.1603359084904475e-09
309,6.469656611004712e-08,0.000254355196742758,14.41904755776607,4.486882060730551e-09
310,1.7495783256356496e-09,4.1827961050422353e-05,17.28809523635883,1.012013354588091e-10
311,2.0292726276040146e-09,4.5047448624800216e-05,20.27777777625229,1.000737186190816e-10
312,1.366819086511777,1.169110382518168,9.792702129290342,0.12248008315771937
313,1.8483415475652223e-09,4.299234289458092e-05,16.22222222090053,1.1393886251744485e-10
314,2.402486710728489e-09,4.90151681699501e-05,18.86190475991583,1.2737243353747053e-10
315,1.1165023108093945,1.0566467294272928,11.544606966629168,0.08818360906172286
316,1.0739683005036507,1.0363244185599656,16.728412663185328,0.060327228290091864
317,2.4670264170304775e-09,4.966916968332043e-05,22.845238092773293,1.0798864983352785e-10
318,2.955830903859171e-09,5.436755377850994e-05,22.01666666406523,1.3425424241384976e-10
319,1.5087569475257745,1.22831467772952,18.486488911322887,0.07545578374862001
320,2.329876480169849e-09,4.826879406169009e-05,23.234920633093477,1.0027477677792366e-10
321,0.2979368516685528,0.5458359200973795,22.172698090606293,0.013258942278842023
322,0.14031710712419165,0.374589251212834,16.389841608536315,0.008488551715553502
323,0.6950795877112832,0.8337143321973559,18.922380764294175,0.03543168051517058
324,1.5420204152312e-09,3.926856777667349e-05,14.113492062780235,1.0925860220868374e-10
325,2.1246651662780076,1.4576231221677323,9.978541402822456,0.175545641904707
326,1.399524411055364,1.1830149665390393,12.801269452340616,0.09855254745037764
327,1.0875323168969493,1.042848175381704,16.663239994843444,0.06126676055540712
328,3.039710665048247e-09,5.513357112547896e-05,18.599999997431762,1.634253045683439e-10
329,1.9191014997853832e-09,4.380755071657606e-05,18.313492061581524,1.0479167452777692e-10
330,2.223483548309581e-09,4.715382856470491e-05,22.232539680883004,1.0001032630559551e-10
331,0.06666631420866208,0.258198207214268,18.250000346135923,0.003639653188262362
332,2.020886069682938e-08,0.00014215787244057002,20.292063473551615,9.958997370101527e-10
333,1.6463080789922426e-09,4.057472216777636e-05,16.453968252739,1.0005538199294075e-10
334,1.8130158439059638,1.3464827677716353,11.913174619705599,0.1320844154619819
335,0.841269655450308,0.9172075312873897,15.52380967001347,0.05140639032169597
336,0.6184121793535585,0.7863918739111936,15.854603608952816,0.037540920697262246
337,1.8525602475909506e-09,4.30413783189032e-05,18.520634919147856,1.0002682173116786e-10
338,4.084485743797589e-09,6.390998156624354e-05,23.769047616474783,1.7184053012980938e-10
339,1.626500826979632e-09,4.032989991283926e-05,13.450793649697001,1.2092229418890766e-10
340,1.1277954433837705,1.0619771388235109,13.592844656997011,0.07661320674191319
341,1.118729634339079,1.0577001627772773,18.670952784457103,0.05653095439654518
342,0.03492046639426339,0.18687018594271101,17.883333500230222,0.0019488766293472648
343,0.7998415827518832,0.8943386286814873,17.384285459896628,0.0439857014238824
344,2.205836355998678e-09,4.696633215398748e-05,22.014285712614196,1.002002238261906e-10
345,1.6355983128452807,1.2789051226909995,16.47235238023832,0.09032487113354044
346,0.6561900389736866,0.8100555777066698,22.161270222104502,0.028758241779126024
347,0.015714821527911215,0.12535877124442157,26.011269307069917,0.0006037895689437235
348,1.326835357784575,1.1518833959149577,13.858088501902245,0.08737846630282282
349,1.407333416179614,1.1863108429832436,18.111723108774765,0.07210048366735304
350,1.6754012226302888,1.2943729070983712,13.872219480581286,0.10775933209408767
351,0.8528699321201816,0.9235095733776567,12.259831781067863,0.06504151095440623
352,3.9513169699360633,1.9877919835677131,15.33036622179997,0.2049259356999271
353,4.755633386280769e-09,6.8961100529797e-05,21.631746027721647,2.198451007672149e-10
354,1.2686216385645829e-08,0.00011263310519401403,11.94365078225942,1.0621724130627157e-09
355,2.3025388419014186e-09,4.798477718924428e-05,18.423809521829742,1.2497626177069713e-10
356,6.675818167056613e-08,0.0002583760470139717,15.084126948896818,4.425723915032101e-09
357,0.39634926357623756,0.6295627558681005,19.55523804327687,0.01986555041864247
358,0.9595233825711157,0.9795526441039888,20.44127018706383,0.04483587860650923
359,1.6150794407092801,1.2708577578585576,25.086507879294984,0.060486270773097324
360,1.2547611891518944,1.1201612335516233,19.646032288430867,0.06003414131131884
361,4.6864391261683236e-08,0.00021648184972806203,12.184920590717986,3.8460973735961605e-09
362,2.2482539882926766,1.4994178831442142,13.854126973064442,0.13962245668439285
363,1.2832290192923552e-07,0.00035822186132233126,17.653174538369896,7.2691118935875765e-09
364,0.05571437880026311,0.23603893492443806,18.009364987697037,0.0030840926668491996
365,1.31763498815028e-09,3.6299242253114324e-05,13.157936506924857,1.0013994119251733e-10
366,0.7049214837498677,0.8395960241389115,17.26174532684728,0.03923496167547834
367,2.344706063565038,1.5312433064555868,11.795663170276184,0.16581646665587815
368,0.8961910363106368,0.9466736693869946,24.406190002955785,0.035419237221977255
369,1.3055091521632597e-07,0.00036131830180095495,18.149999874666786,7.192887888638877e-09
370,0.5355551013937395,0.7318163030390479,17.11127023397627,0.030348523953501818
371,7.655599716969235e-08,0.0002766875442980626,15.24047611773145,5.0232024376238094e-09
372,0.13920628538738236,0.3731035853317177,15.739365140481343,0.008766927556253147
373,1.8189815042093392e-09,4.26495193901331e-05,18.134920633631186,1.0030270001036518e-10
374,2.367486304636497e-09,4.8656821768756094e-05,23.67222222046607,1.000111557905572e-10
375,0.648570802177448,0.8053389362109894,20.133175142671693,0.031208677264106362
376,1.619841259401854,1.2727298454117646,10.791269847233405,0.13051541038383344
377,0.8595677696250252,0.9271287772607564,12.103142162715452,0.066310808010947
378,2.5558165470945497e-09,5.055508428530754e-05,25.549999997918544,1.0003195878853615e-10
379,0.020634983210732632,0.14364881903702736,14.345238033109133,0.0014363890859463227
380,2.4876603849491876e-09,4.987645120644799e-05,20.76587301420805,1.1979560806083687e-10
381,2.307282041079814e-09,4.803417576142859e-05,12.961111109117338,1.7801575970180917e-10
382,1.2993372007762636,1.1398847313550013,17.17525832264139,0.07033102289732275
383,0.21412656539087827,0.462738117503711,21.489841668705782,0.00986577952387933
384,0.8995237139927903,0.948432240063986,15.394127058057986,0.05520700833577355
385,1.466701853495679e-09,3.8297543700551855e-05,14.623015871554987,1.0030091372612323e-10
386,3.1742601636663564e-08,0.00017816453529438333,18.001587272201395,1.7633223726726047e-09
387,1.5365951260931097e-07,0.000391994276245599,17.564285565930795,8.748406571291822e-09
388,0.9547623176717897,0.977119397858721,18.279364751959857,0.04963897317592559
389,0.6917469359530839,0.8317132534432068,17.19317385040209,0.038677662832078845
390,9.03837179838068e-08,0.00030063884975798917,21.835714197180096,4.1392608821266464e-09
391,1.5966673063344017,1.2635930145163046,15.289047198810902,0.09455728425633843
392,2.1380109957888704,1.462193898150608,14.749321892563877,0.12660442059879473
393,0.9125399628997243,0.9552695760358562,21.356507705501205,0.040977951840957684
394,1.594937253951207e-09,3.993666553370733e-05,14.887301586580897,1.0713407292144723e-10
395,2.3296333802252063,1.5263136572229203,15.782250506402473,0.1286245757099412
396,1.0669844357259854,1.0329493868171786,19.439364837108034,0.052031905900456074
397,0.47111101294987645,0.6863752712254984,17.80031754700689,0.02578402730820688
398,6.145838962257249e-08,0.0002479080265392238,21.94206345875677,2.8009393722678384e-09
399,1.6230074666050447e-09,4.028656682574286e-05,13.30079364943251,1.220233550857506e-10
400,1.434611706058122,1.1977527733460365,15.044756127701419,0.08705502058878646
401,1.1714285800585744,1.0823255425511191,7.1936507888939,0.1400379516309679
402,1.1801581976440394,1.086350863047496,22.49603216789117,0.04984578090578135
403,3.8120502963275267,1.9524472582703807,11.533179577732453,0.24841923696246002
404,1.0277314703621342e-07,0.0003205825120561217,20.029364981649756,5.131123557987438e-09
405,2.0406849364435185e-09,4.517394090007555e-05,20.399999998587628,1.0003357531277774e-10
406,2.1771505605315062e-09,4.665994599794889e-05,21.69444444272566,1.0035521149485051e-10
407,1.0612938729103498,1.0301911826987988,13.664109674641024,0.07207231159969317
408,2.069441237760369e-09,4.549111163469595e-05,20.624603172556025,1.003384753751971e-10
409,1.6171322368749311e-09,4.0213582741095466e-05,16.16825396700627,1.0001897793127115e-10
410,7.600869474646276e-08,0.0002756967441709509,19.066666592363294,3.986470003828559e-09
411,1.876763907960954,1.3699503304722234,15.247876312193728,0.10959435549204208
412,7.4053769954353454e-09,8.605450014633369e-05,16.043650789235777,4.6157680002519823e-10
413,1.4295247515322065,1.1956273464304028,13.883173981321523,0.09335550685557013
414,2.406767414674099e-09,4.905881587109598e-05,23.4499999975956,1.026340048901431e-10
415,0.0865077514825378,0.2941220010174992,20.20714303829074,0.0042627988615105295
416,1.796826897070622,1.3404577192401936,17.58412599119405,0.09271096769233754
417,0.6241264126868944,0.7900167167135733,16.3988893689715,0.03666368055414512
418,1.4668313150987018,1.2111281167154455,16.65142446280678,0.08095874862785889
419,0.9231745192037896,0.9608197121228257,15.663333398191043,0.055658160464001294
420,2.3146935430818298e-09,4.811126212314358e-05,23.06746031559407,1.003445334328714e-10
421,0.8522218473742138,0.9231586252504029,16.224762201640647,0.049904704772701175
422,1.1703180630850987,1.081812397361529,10.980475797257949,0.09631618119246553
423,4.801390777393688e-08,0.00021912076070956143,24.82698408245285,1.9339404061976253e-09
424,2.742860788253967,1.6561584429800087,14.001506917336533,0.16380796435437803
425,1.9362279887329785e-09,4.400259070478667e-05,19.129365077948194,1.0121757730312902e-10
426,1.7762490390498588e-08,0.00013327599330148918,21.719841259338377,8.178001930992701e-10
427,5.677304757442399e-08,0.00023827095411405895,15.96269835724639,3.55660716640254e-09
428,0.6922221331833218,0.8319988781142207,16.60698420066664,0.04001467580791996
429,3.4033245057608768,1.8448101543955346,14.637940590048801,0.1886411228750995
430,1.6898185848687328e-08,0.000129993022307689,18.74603173057871,9.014273568037526e-10
431,2.4974932320081103e-09,4.997492603304291e-05,22.43174602987159,1.1133744240881737e-10
432,0.9166670560341637,0.9574273110968601,17.96031715011202,0.048560037240254976
433,1.814721761973621e-09,4.259955119450933e-05,16.085714284867276,1.1281574008038307e-10
434,1.8074193018470617,1.3444029536738833,14.263199710747386,0.11246731071345777
435,1.033809773992524,1.0167643650288518,18.863809327436524,0.05195645613289863
436,2.2250750980199906e-09,4.7170701690986014e-05,22.24920634747853,1.0000694240716736e-10
437,1.015099498370322,1.0075214629824627,12.661890389691392,0.07421951077527489
438,2.2544444104420376,1.5014807392844032,14.578888908064753,0.13392739083729016
439,1.5366626273002673,1.2396219695133945,12.404605668975428,0.11022401941082902
440,0.35158750838963315,0.5929481498323721,20.983333142517164,0.01647943829473252
441,1.845307818407881e-09,4.295704620208285e-05,16.33412698258007,1.129725402629345e-10
442,2.4404458195719412e-09,4.940086861151271e-05,23.810317458290662,1.024953079099772e-10
443,2.5439733469142154e-08,0.00015949838077279076,16.249206325709945,1.565598523360633e-09
444,1.5760505897862895e-07,0.00039699503646598526,19.823015721083518,7.950609531018322e-09
445,1.649307513539561,1.2842536795896522,14.932530982219285,0.09946469530271967
446,0.10428604866243965,0.3229335050168063,22.367936181177036,0.004640664710228997
447,0.9214285732452735,0.9599107110795636,21.762698411199107,0.040619970690392554
448,1.0222221293705909,1.011050013288458,17.29285721452614,0.05581314228437856
449,0.697778394657768,0.8353313083189017,18.787935987669353,0.03580974148377281
450,0.2161904729964908,0.46496287270758596,16.246507939502667,0.013132140769361972
451,1.1499979510299099,1.0723795741387048,12.426985527795933,0.08470202183153598
452,1.1944670531806216,1.0929167640678872,17.588078360453366,0.06359452496324458
453,1.3092124775915857,1.1442082317443734,14.321741825785969,0.08375768057288029
454,1.1066374983771841e-07,0.0003326616146141878,19.776984021507396,5.595582678235662e-09
455,2.019433095846715e-09,4.493810294000755e-05,20.18968253817005,1.0002302373139554e-10
456,0.31174607094541296,0.5583422525166916,14.97317456767118,0.02039566173198191
457,0.8346025034618125,0.9135658178050515,21.1185719889771,0.03801739487604699
458,1.9394993847948047e-07,0.0004403974778305167,18.573015684593877,1.0442565695727321e-08
459,1.6818973433608329,1.2968798492384839,17.366512934732675,0.08829594274830835
460,1.4463690574300945,1.2026508460189493,20.636969427178858,0.06549594203965789
461,0.011904989924946922,0.10910999003275054,15.772221995059361,0.0007542380985829833
462,1.3460255129450591,1.1601833962546866,13.850004194738776,0.08857744679614864
463,0.2461908130250079,0.49617619151366776,14.683174292394144,0.016490373923245004
464,1.1197082007176855,1.058162653242726,14.481886255316862,0.0717688313122761
465,1.0569843199591378,1.0280974272699732,19.346190324620732,0.05180489499166871
466,0.5742858696638868,0.7578165145098692,19.64555541999164,0.028402095814554763
467,1.0814450659259132,1.0399255097966937,12.993162955828442,0.07683660278526994
468,2.108095204523202,1.4519280989509096,13.689523828491422,0.13344385632528566
469,2.1961097158460174e-09,4.6862668680368786e-05,21.957936506423597,1.0001439411139215e-10
470,0.3838092981203822,0.6195234443670249,14.75666686638343,0.025349882919812418
471,0.34174583193873154,0.5845903111912919,23.28523828138544,0.014464217282222146
472,2.282389660631972e-08,0.00015107579755314787,22.498412684978256,1.0144669716368344e-09
473,1.9774800503425574,1.4062290177430408,14.08760745266557,0.12309176965094537
474,4.729121431399479e-09,6.876860789196972e-05,24.103968249934542,1.9619679969021212e-10
475,2.497334134689649e-09,4.9973334236266936e-05,18.269841267719183,1.3669161640505336e-10
476,6.67868264153945e-09,8.172320748440709e-05,18.87698412095998,3.5380029968669004e-10
477,2.6259835657414357,1.6204886811519035,12.867803225392445,0.16948623349097078
478,1.5818693316359784,1.2577238693910433,12.452243889800055,0.11271601608712933
479,1.1952603674059197,1.0932796382471959,17.905538856877612,0.06257645836548778
480,0.8644608775688714,0.9297638826975757,12.735543286436291,0.06356328035963557
481,3.749870789979117e-09,6.123618856508884e-05,17.2634920611053,2.172139203291936e-10
482,2.6765081254733127,1.636003705825055,11.367936421144387,0.19057415311721185
483,0.35317472854007936,0.5942850566353485,13.457936397112698,0.02557178240960585
484,1.2312362789467726,1.1096108682537191,16.853675376528628,0.0680808567054295
485,0.5673016444821374,0.7531942939787432,18.218412648935487,0.03019856661404223
486,2.0909989186736528e-09,4.572744163709197e-05,18.94682539506426,1.1036143917743617e-10
487,1.6569464229554316,1.2872243094952145,13.08272149786877,0.11241409452749596
488,1.0366710654676816,1.0181704501053257,10.60698117213896,0.0890331525120137
489,0.1880955580426953,0.43369984787026994,20.093650488008816,0.009274130423268667
490,0.6244441724763535,0.7902178006577386,13.362857363315348,0.04464364844630549
491,3.679284134324492e-09,6.0657102917337655e-05,21.32063491749525,1.7256916353229333e-10
492,2.228449475794545e-09,4.720645586987594e-05,20.202380951354225,1.1030627929028104e-10
493,1.855262140022434e-09,4.3072754033407636e-05,18.53571428439491,1.0009121371700637e-10
494,1.3347289609411331e-07,0.0003653394258687574,18.622222093937165,7.1673989529377695e-09
495,9.785399695459463e-08,0.0003128162351199097,15.017460223784845,6.516015015774379e-09
496,1.8978308602864683e-09,4.356410059081294e-05,17.9246031737859,1.0587854256439213e-10
497,0.7660317603882693,0.8752324036438947,18.445079353191396,0.03987441204516214
498,2.08413057900841e-09,4.5652279012207153e-05,20.832539681093838,1.0004207891615446e-10
499,0.9647856929417672,0.9822350497420499,12.769347813704174,0.07024729244658266
