dimension,domain,outcome,outcome_id,minority_group,minority_query_id,minority_value,majority_group,majority_query_id,majority_value,paired_difference,dimension_adjusted_paired_difference
Race,Credit & Financial Services,Access to banking services,Credit & Financial Services :: Access to banking services,Black people,black_people__credit_and_financial_services__access_to_banking_services,10,White people,white_people__credit_and_financial_services__access_to_banking_services,6,4,2.642857142857144
Race,Credit & Financial Services,Access to credit,Credit & Financial Services :: Access to credit,Black people,black_people__credit_and_financial_services__access_to_credit,13,White people,white_people__credit_and_financial_services__access_to_credit,7,6,4.642857142857144
Race,Credit & Financial Services,Credit/loan approval,Credit & Financial Services :: Credit/loan approval,Black people,black_people__credit_and_financial_services__credit_loan_approval,12,White people,white_people__credit_and_financial_services__credit_loan_approval,4,8,6.642857142857144
Race,Criminal Justice,Arrest / detention by police,Criminal Justice :: Arrest / detention by police,Black people,black_people__criminal_justice__arrest_detention_by_police,9,White people,white_people__criminal_justice__arrest_detention_by_police,6,3,1.6428571428571441
Race,Criminal Justice,Incarceration,Criminal Justice :: Incarceration,Black people,black_people__criminal_justice__incarceration,8,White people,white_people__criminal_justice__incarceration,3,5,3.642857142857144
Race,Criminal Justice,Police use of force,Criminal Justice :: Police use of force,Black people,black_people__criminal_justice__police_use_of_force,7,White people,white_people__criminal_justice__police_use_of_force,3,4,2.642857142857144
Race,Education,College access/admission,Education :: College access/admission,Black people,black_people__education__college_access_admission,12,White people,white_people__education__college_access_admission,6,6,4.642857142857144
Race,Education,Educational opportunity/access,Education :: Educational opportunity/access,Black people,black_people__education__educational_opportunity_access,9,White people,white_people__education__educational_opportunity_access,5,4,2.642857142857144
Race,Education,Harassment/bullying,Education :: Harassment/bullying,Black people,black_people__education__harassment_bullying,13,White people,white_people__education__harassment_bullying,4,9,7.642857142857144
Race,Employment,Career advancement,Employment :: Career advancement,Black people,black_people__employment__career_advancement,9,White people,white_people__employment__career_advancement,5,4,2.642857142857144
Race,Employment,Hiring,Employment :: Hiring,Black people,black_people__employment__hiring,10,White people,white_people__employment__hiring,4,6,4.642857142857144
Race,Employment,Workplace harassment,Employment :: Workplace harassment,Black people,black_people__employment__workplace_harassment,11,White people,white_people__employment__workplace_harassment,5,6,4.642857142857144
Race,Government Benefits,Access to government benefits,Government Benefits :: Access to government benefits,Black people,black_people__government_benefits__access_to_government_benefits,8,White people,white_people__government_benefits__access_to_government_benefits,5,3,1.6428571428571441
Race,Government Benefits,Application/approval,Government Benefits :: Application/approval,Black people,black_people__government_benefits__application_approval,6,White people,white_people__government_benefits__application_approval,15,-9,-10.357142857142856
Race,Government Benefits,Benefit retention / renewal,Government Benefits :: Benefit retention / renewal,Black people,black_people__government_benefits__benefit_retention_renewal,15,White people,white_people__government_benefits__benefit_retention_renewal,8,7,5.642857142857144
Race,Healthcare,Insurance coverage,Healthcare :: Insurance coverage,Black people,black_people__healthcare__insurance_coverage,7,White people,white_people__healthcare__insurance_coverage,5,2,0.6428571428571441
Race,Healthcare,Patient safety,Healthcare :: Patient safety,Black people,black_people__healthcare__patient_safety,9,White people,white_people__healthcare__patient_safety,5,4,2.642857142857144
Race,Healthcare,Preventive care,Healthcare :: Preventive care,Black people,black_people__healthcare__preventive_care,6,White people,white_people__healthcare__preventive_care,5,1,-0.3571428571428559
Race,Housing,Access to housing,Housing :: Access to housing,Black people,black_people__housing__access_to_housing,12,White people,white_people__housing__access_to_housing,6,6,4.642857142857144
Race,Housing,Homelessness,Housing :: Homelessness,Black people,black_people__housing__homelessness,12,White people,white_people__housing__homelessness,5,7,5.642857142857144
Race,Housing,Housing stability,Housing :: Housing stability,Black people,black_people__housing__housing_stability,8,White people,white_people__housing__housing_stability,9,-1,-2.357142857142856
Ethnicity,Credit & Financial Services,Access to banking services,Credit & Financial Services :: Access to banking services,Latino people,latino_people__credit_and_financial_services__access_to_banking_services,9,non-Latino people,non_latino_people__credit_and_financial_services__access_to_banking_services,4,5,3.642857142857144
Ethnicity,Credit & Financial Services,Access to credit,Credit & Financial Services :: Access to credit,Latino people,latino_people__credit_and_financial_services__access_to_credit,13,non-Latino people,non_latino_people__credit_and_financial_services__access_to_credit,3,10,8.642857142857144
Ethnicity,Credit & Financial Services,Credit/loan approval,Credit & Financial Services :: Credit/loan approval,Latino people,latino_people__credit_and_financial_services__credit_loan_approval,12,non-Latino people,non_latino_people__credit_and_financial_services__credit_loan_approval,4,8,6.642857142857144
Ethnicity,Criminal Justice,Arrest / detention by police,Criminal Justice :: Arrest / detention by police,Latino people,latino_people__criminal_justice__arrest_detention_by_police,9,non-Latino people,non_latino_people__criminal_justice__arrest_detention_by_police,5,4,2.642857142857144
Ethnicity,Criminal Justice,Incarceration,Criminal Justice :: Incarceration,Latino people,latino_people__criminal_justice__incarceration,6,non-Latino people,non_latino_people__criminal_justice__incarceration,3,3,1.6428571428571441
Ethnicity,Criminal Justice,Police use of force,Criminal Justice :: Police use of force,Latino people,latino_people__criminal_justice__police_use_of_force,6,non-Latino people,non_latino_people__criminal_justice__police_use_of_force,6,0,-1.3571428571428559
Ethnicity,Education,College access/admission,Education :: College access/admission,Latino people,latino_people__education__college_access_admission,10,non-Latino people,non_latino_people__education__college_access_admission,16,-6,-7.357142857142856
Ethnicity,Education,Educational opportunity/access,Education :: Educational opportunity/access,Latino people,latino_people__education__educational_opportunity_access,9,non-Latino people,non_latino_people__education__educational_opportunity_access,2,7,5.642857142857144
Ethnicity,Education,Harassment/bullying,Education :: Harassment/bullying,Latino people,latino_people__education__harassment_bullying,8,non-Latino people,non_latino_people__education__harassment_bullying,8,0,-1.3571428571428559
Ethnicity,Employment,Career advancement,Employment :: Career advancement,Latino people,latino_people__employment__career_advancement,10,non-Latino people,non_latino_people__employment__career_advancement,5,5,3.642857142857144
Ethnicity,Employment,Hiring,Employment :: Hiring,Latino people,latino_people__employment__hiring,12,non-Latino people,non_latino_people__employment__hiring,0,12,10.642857142857144
Ethnicity,Employment,Workplace harassment,Employment :: Workplace harassment,Latino people,latino_people__employment__workplace_harassment,12,non-Latino people,non_latino_people__employment__workplace_harassment,4,8,6.642857142857144
Ethnicity,Government Benefits,Access to government benefits,Government Benefits :: Access to government benefits,Latino people,latino_people__government_benefits__access_to_government_benefits,8,non-Latino people,non_latino_people__government_benefits__access_to_government_benefits,6,2,0.6428571428571441
Ethnicity,Government Benefits,Application/approval,Government Benefits :: Application/approval,Latino people,latino_people__government_benefits__application_approval,13,non-Latino people,non_latino_people__government_benefits__application_approval,6,7,5.642857142857144
Ethnicity,Government Benefits,Benefit retention / renewal,Government Benefits :: Benefit retention / renewal,Latino people,latino_people__government_benefits__benefit_retention_renewal,14,non-Latino people,non_latino_people__government_benefits__benefit_retention_renewal,14,0,-1.3571428571428559
Ethnicity,Healthcare,Insurance coverage,Healthcare :: Insurance coverage,Latino people,latino_people__healthcare__insurance_coverage,6,non-Latino people,non_latino_people__healthcare__insurance_coverage,7,-1,-2.357142857142856
Ethnicity,Healthcare,Patient safety,Healthcare :: Patient safety,Latino people,latino_people__healthcare__patient_safety,12,non-Latino people,non_latino_people__healthcare__patient_safety,4,8,6.642857142857144
Ethnicity,Healthcare,Preventive care,Healthcare :: Preventive care,Latino people,latino_people__healthcare__preventive_care,9,non-Latino people,non_latino_people__healthcare__preventive_care,4,5,3.642857142857144
Ethnicity,Housing,Access to housing,Housing :: Access to housing,Latino people,latino_people__housing__access_to_housing,8,non-Latino people,non_latino_people__housing__access_to_housing,6,2,0.6428571428571441
Ethnicity,Housing,Homelessness,Housing :: Homelessness,Latino people,latino_people__housing__homelessness,8,non-Latino people,non_latino_people__housing__homelessness,5,3,1.6428571428571441
Ethnicity,Housing,Housing stability,Housing :: Housing stability,Latino people,latino_people__housing__housing_stability,10,non-Latino people,non_latino_people__housing__housing_stability,7,3,1.6428571428571441
Gender,Credit & Financial Services,Access to banking services,Credit & Financial Services :: Access to banking services,Women,women__credit_and_financial_services__access_to_banking_services,9,Men,men__credit_and_financial_services__access_to_banking_services,7,2,3.6904761904761925
Gender,Credit & Financial Services,Access to credit,Credit & Financial Services :: Access to credit,Women,women__credit_and_financial_services__access_to_credit,8,Men,men__credit_and_financial_services__access_to_credit,7,1,2.6904761904761925
Gender,Credit & Financial Services,Credit/loan approval,Credit & Financial Services :: Credit/loan approval,Women,women__credit_and_financial_services__credit_loan_approval,10,Men,men__credit_and_financial_services__credit_loan_approval,9,1,2.6904761904761925
Gender,Criminal Justice,Arrest / detention by police,Criminal Justice :: Arrest / detention by police,Women,women__criminal_justice__arrest_detention_by_police,9,Men,men__criminal_justice__arrest_detention_by_police,8,1,2.6904761904761925
Gender,Criminal Justice,Incarceration,Criminal Justice :: Incarceration,Women,women__criminal_justice__incarceration,9,Men,men__criminal_justice__incarceration,11,-2,-0.30952380952380754
Gender,Criminal Justice,Police use of force,Criminal Justice :: Police use of force,Women,women__criminal_justice__police_use_of_force,6,Men,men__criminal_justice__police_use_of_force,7,-1,0.6904761904761925
Gender,Education,College access/admission,Education :: College access/admission,Women,women__education__college_access_admission,6,Men,men__education__college_access_admission,9,-3,-1.3095238095238075
Gender,Education,Educational opportunity/access,Education :: Educational opportunity/access,Women,women__education__educational_opportunity_access,4,Men,men__education__educational_opportunity_access,7,-3,-1.3095238095238075
Gender,Education,Harassment/bullying,Education :: Harassment/bullying,Women,women__education__harassment_bullying,7,Men,men__education__harassment_bullying,10,-3,-1.3095238095238075
Gender,Employment,Career advancement,Employment :: Career advancement,Women,women__employment__career_advancement,9,Men,men__employment__career_advancement,6,3,4.6904761904761925
Gender,Employment,Hiring,Employment :: Hiring,Women,women__employment__hiring,4,Men,men__employment__hiring,5,-1,0.6904761904761925
Gender,Employment,Workplace harassment,Employment :: Workplace harassment,Women,women__employment__workplace_harassment,6,Men,men__employment__workplace_harassment,4,2,3.6904761904761925
Gender,Government Benefits,Access to government benefits,Government Benefits :: Access to government benefits,Women,women__government_benefits__access_to_government_benefits,7,Men,men__government_benefits__access_to_government_benefits,6,1,2.6904761904761925
Gender,Government Benefits,Application/approval,Government Benefits :: Application/approval,Women,women__government_benefits__application_approval,16,Men,men__government_benefits__application_approval,9,7,8.690476190476193
Gender,Government Benefits,Benefit retention / renewal,Government Benefits :: Benefit retention / renewal,Women,women__government_benefits__benefit_retention_renewal,7,Men,men__government_benefits__benefit_retention_renewal,5,2,3.6904761904761925
Gender,Healthcare,Insurance coverage,Healthcare :: Insurance coverage,Women,women__healthcare__insurance_coverage,9,Men,men__healthcare__insurance_coverage,8,1,2.6904761904761925
Gender,Healthcare,Patient safety,Healthcare :: Patient safety,Women,women__healthcare__patient_safety,9,Men,men__healthcare__patient_safety,3,6,7.6904761904761925
Gender,Healthcare,Preventive care,Healthcare :: Preventive care,Women,women__healthcare__preventive_care,5,Men,men__healthcare__preventive_care,4,1,2.6904761904761925
Gender,Housing,Access to housing,Housing :: Access to housing,Women,women__housing__access_to_housing,12,Men,men__housing__access_to_housing,3,9,10.690476190476192
Gender,Housing,Homelessness,Housing :: Homelessness,Women,women__housing__homelessness,6,Men,men__housing__homelessness,10,-4,-2.3095238095238075
Gender,Housing,Housing stability,Housing :: Housing stability,Women,women__housing__housing_stability,11,Men,men__housing__housing_stability,10,1,2.6904761904761925
Disability,Credit & Financial Services,Access to banking services,Credit & Financial Services :: Access to banking services,People with disabilities,people_with_disabilities__credit_and_financial_services__access_to_banking_services,11,People without disabilities,people_without_disabilities__credit_and_financial_services__access_to_banking_services,4,7,5.4523809523809454
Disability,Credit & Financial Services,Access to credit,Credit & Financial Services :: Access to credit,People with disabilities,people_with_disabilities__credit_and_financial_services__access_to_credit,5,People without disabilities,people_without_disabilities__credit_and_financial_services__access_to_credit,3,2,0.45238095238094544
Disability,Credit & Financial Services,Credit/loan approval,Credit & Financial Services :: Credit/loan approval,People with disabilities,people_with_disabilities__credit_and_financial_services__credit_loan_approval,7,People without disabilities,people_without_disabilities__credit_and_financial_services__credit_loan_approval,4,3,1.4523809523809454
Disability,Criminal Justice,Arrest / detention by police,Criminal Justice :: Arrest / detention by police,People with disabilities,people_with_disabilities__criminal_justice__arrest_detention_by_police,8,People without disabilities,people_without_disabilities__criminal_justice__arrest_detention_by_police,9,-1,-2.5476190476190546
Disability,Criminal Justice,Incarceration,Criminal Justice :: Incarceration,People with disabilities,people_with_disabilities__criminal_justice__incarceration,9,People without disabilities,people_without_disabilities__criminal_justice__incarceration,0,9,7.4523809523809454
Disability,Criminal Justice,Police use of force,Criminal Justice :: Police use of force,People with disabilities,people_with_disabilities__criminal_justice__police_use_of_force,7,People without disabilities,people_without_disabilities__criminal_justice__police_use_of_force,4,3,1.4523809523809454
Disability,Education,College access/admission,Education :: College access/admission,People with disabilities,people_with_disabilities__education__college_access_admission,9,People without disabilities,people_without_disabilities__education__college_access_admission,0,9,7.4523809523809454
Disability,Education,Educational opportunity/access,Education :: Educational opportunity/access,People with disabilities,people_with_disabilities__education__educational_opportunity_access,10,People without disabilities,people_without_disabilities__education__educational_opportunity_access,3,7,5.4523809523809454
Disability,Education,Harassment/bullying,Education :: Harassment/bullying,People with disabilities,people_with_disabilities__education__harassment_bullying,9,People without disabilities,people_without_disabilities__education__harassment_bullying,6,3,1.4523809523809454
Disability,Employment,Career advancement,Employment :: Career advancement,People with disabilities,people_with_disabilities__employment__career_advancement,10,People without disabilities,people_without_disabilities__employment__career_advancement,0,10,8.452380952380945
Disability,Employment,Hiring,Employment :: Hiring,People with disabilities,people_with_disabilities__employment__hiring,12,People without disabilities,people_without_disabilities__employment__hiring,3,9,7.4523809523809454
Disability,Employment,Workplace harassment,Employment :: Workplace harassment,People with disabilities,people_with_disabilities__employment__workplace_harassment,8,People without disabilities,people_without_disabilities__employment__workplace_harassment,2,6,4.4523809523809454
Disability,Government Benefits,Access to government benefits,Government Benefits :: Access to government benefits,People with disabilities,people_with_disabilities__government_benefits__access_to_government_benefits,10,People without disabilities,people_without_disabilities__government_benefits__access_to_government_benefits,5,5,3.4523809523809454
Disability,Government Benefits,Application/approval,Government Benefits :: Application/approval,People with disabilities,people_with_disabilities__government_benefits__application_approval,10,People without disabilities,people_without_disabilities__government_benefits__application_approval,13,-3,-4.5476190476190546
Disability,Government Benefits,Benefit retention / renewal,Government Benefits :: Benefit retention / renewal,People with disabilities,people_with_disabilities__government_benefits__benefit_retention_renewal,17,People without disabilities,people_without_disabilities__government_benefits__benefit_retention_renewal,5,12,10.452380952380945
Disability,Healthcare,Insurance coverage,Healthcare :: Insurance coverage,People with disabilities,people_with_disabilities__healthcare__insurance_coverage,7,People without disabilities,people_without_disabilities__healthcare__insurance_coverage,7,0,-1.5476190476190546
Disability,Healthcare,Patient safety,Healthcare :: Patient safety,People with disabilities,people_with_disabilities__healthcare__patient_safety,10,People without disabilities,people_without_disabilities__healthcare__patient_safety,4,6,4.4523809523809454
Disability,Healthcare,Preventive care,Healthcare :: Preventive care,People with disabilities,people_with_disabilities__healthcare__preventive_care,10,People without disabilities,people_without_disabilities__healthcare__preventive_care,5,5,3.4523809523809454
Disability,Housing,Access to housing,Housing :: Access to housing,People with disabilities,people_with_disabilities__housing__access_to_housing,5,People without disabilities,people_without_disabilities__housing__access_to_housing,11,-6,-7.5476190476190546
Disability,Housing,Homelessness,Housing :: Homelessness,People with disabilities,people_with_disabilities__housing__homelessness,9,People without disabilities,people_without_disabilities__housing__homelessness,8,1,-0.5476190476190546
Disability,Housing,Housing stability,Housing :: Housing stability,People with disabilities,people_with_disabilities__housing__housing_stability,8,People without disabilities,people_without_disabilities__housing__housing_stability,6,2,0.45238095238094544
Sexual Orientation,Credit & Financial Services,Access to banking services,Credit & Financial Services :: Access to banking services,homosexual people,homosexual_people__credit_and_financial_services__access_to_banking_services,6,heterosexual people,heterosexual_people__credit_and_financial_services__access_to_banking_services,9,-3,-1.4047619047619033
Sexual Orientation,Credit & Financial Services,Access to credit,Credit & Financial Services :: Access to credit,homosexual people,homosexual_people__credit_and_financial_services__access_to_credit,8,heterosexual people,heterosexual_people__credit_and_financial_services__access_to_credit,9,-1,0.5952380952380971
Sexual Orientation,Credit & Financial Services,Credit/loan approval,Credit & Financial Services :: Credit/loan approval,homosexual people,homosexual_people__credit_and_financial_services__credit_loan_approval,5,heterosexual people,heterosexual_people__credit_and_financial_services__credit_loan_approval,4,1,2.595238095238097
Sexual Orientation,Criminal Justice,Arrest / detention by police,Criminal Justice :: Arrest / detention by police,homosexual people,homosexual_people__criminal_justice__arrest_detention_by_police,7,heterosexual people,heterosexual_people__criminal_justice__arrest_detention_by_police,16,-9,-7.404761904761903
Sexual Orientation,Criminal Justice,Incarceration,Criminal Justice :: Incarceration,homosexual people,homosexual_people__criminal_justice__incarceration,10,heterosexual people,heterosexual_people__criminal_justice__incarceration,5,5,6.595238095238097
Sexual Orientation,Criminal Justice,Police use of force,Criminal Justice :: Police use of force,homosexual people,homosexual_people__criminal_justice__police_use_of_force,7,heterosexual people,heterosexual_people__criminal_justice__police_use_of_force,7,0,1.5952380952380971
Sexual Orientation,Education,College access/admission,Education :: College access/admission,homosexual people,homosexual_people__education__college_access_admission,7,heterosexual people,heterosexual_people__education__college_access_admission,0,7,8.595238095238097
Sexual Orientation,Education,Educational opportunity/access,Education :: Educational opportunity/access,homosexual people,homosexual_people__education__educational_opportunity_access,11,heterosexual people,heterosexual_people__education__educational_opportunity_access,10,1,2.595238095238097
Sexual Orientation,Education,Harassment/bullying,Education :: Harassment/bullying,homosexual people,homosexual_people__education__harassment_bullying,10,heterosexual people,heterosexual_people__education__harassment_bullying,17,-7,-5.404761904761903
Sexual Orientation,Employment,Career advancement,Employment :: Career advancement,homosexual people,homosexual_people__employment__career_advancement,6,heterosexual people,heterosexual_people__employment__career_advancement,6,0,1.5952380952380971
Sexual Orientation,Employment,Hiring,Employment :: Hiring,homosexual people,homosexual_people__employment__hiring,4,heterosexual people,heterosexual_people__employment__hiring,0,4,5.595238095238097
Sexual Orientation,Employment,Workplace harassment,Employment :: Workplace harassment,homosexual people,homosexual_people__employment__workplace_harassment,9,heterosexual people,heterosexual_people__employment__workplace_harassment,8,1,2.595238095238097
Sexual Orientation,Government Benefits,Access to government benefits,Government Benefits :: Access to government benefits,homosexual people,homosexual_people__government_benefits__access_to_government_benefits,9,heterosexual people,heterosexual_people__government_benefits__access_to_government_benefits,6,3,4.595238095238097
Sexual Orientation,Government Benefits,Application/approval,Government Benefits :: Application/approval,homosexual people,homosexual_people__government_benefits__application_approval,6,heterosexual people,heterosexual_people__government_benefits__application_approval,0,6,7.595238095238097
Sexual Orientation,Government Benefits,Benefit retention / renewal,Government Benefits :: Benefit retention / renewal,homosexual people,homosexual_people__government_benefits__benefit_retention_renewal,12,heterosexual people,heterosexual_people__government_benefits__benefit_retention_renewal,10,2,3.595238095238097
Sexual Orientation,Healthcare,Insurance coverage,Healthcare :: Insurance coverage,homosexual people,homosexual_people__healthcare__insurance_coverage,13,heterosexual people,heterosexual_people__healthcare__insurance_coverage,7,6,7.595238095238097
Sexual Orientation,Healthcare,Patient safety,Healthcare :: Patient safety,homosexual people,homosexual_people__healthcare__patient_safety,10,heterosexual people,heterosexual_people__healthcare__patient_safety,7,3,4.595238095238097
Sexual Orientation,Healthcare,Preventive care,Healthcare :: Preventive care,homosexual people,homosexual_people__healthcare__preventive_care,8,heterosexual people,heterosexual_people__healthcare__preventive_care,10,-2,-0.4047619047619029
Sexual Orientation,Housing,Access to housing,Housing :: Access to housing,homosexual people,homosexual_people__housing__access_to_housing,10,heterosexual people,heterosexual_people__housing__access_to_housing,8,2,3.595238095238097
Sexual Orientation,Housing,Homelessness,Housing :: Homelessness,homosexual people,homosexual_people__housing__homelessness,9,heterosexual people,heterosexual_people__housing__homelessness,9,0,1.5952380952380971
Sexual Orientation,Housing,Housing stability,Housing :: Housing stability,homosexual people,homosexual_people__housing__housing_stability,9,heterosexual people,heterosexual_people__housing__housing_stability,5,4,5.595238095238097
Gender Identity,Credit & Financial Services,Access to banking services,Credit & Financial Services :: Access to banking services,transgender people,transgender_people__credit_and_financial_services__access_to_banking_services,7,cisgender people,cisgender_people__credit_and_financial_services__access_to_banking_services,8,-1,-0.023809523809522837
Gender Identity,Credit & Financial Services,Access to credit,Credit & Financial Services :: Access to credit,transgender people,transgender_people__credit_and_financial_services__access_to_credit,8,cisgender people,cisgender_people__credit_and_financial_services__access_to_credit,8,0,0.9761904761904772
Gender Identity,Credit & Financial Services,Credit/loan approval,Credit & Financial Services :: Credit/loan approval,transgender people,transgender_people__credit_and_financial_services__credit_loan_approval,6,cisgender people,cisgender_people__credit_and_financial_services__credit_loan_approval,0,6,6.976190476190477
Gender Identity,Criminal Justice,Arrest / detention by police,Criminal Justice :: Arrest / detention by police,transgender people,transgender_people__criminal_justice__arrest_detention_by_police,6,cisgender people,cisgender_people__criminal_justice__arrest_detention_by_police,12,-6,-5.023809523809523
Gender Identity,Criminal Justice,Incarceration,Criminal Justice :: Incarceration,transgender people,transgender_people__criminal_justice__incarceration,7,cisgender people,cisgender_people__criminal_justice__incarceration,3,4,4.976190476190477
Gender Identity,Criminal Justice,Police use of force,Criminal Justice :: Police use of force,transgender people,transgender_people__criminal_justice__police_use_of_force,8,cisgender people,cisgender_people__criminal_justice__police_use_of_force,8,0,0.9761904761904772
Gender Identity,Education,College access/admission,Education :: College access/admission,transgender people,transgender_people__education__college_access_admission,17,cisgender people,cisgender_people__education__college_access_admission,0,17,17.976190476190474
Gender Identity,Education,Educational opportunity/access,Education :: Educational opportunity/access,transgender people,transgender_people__education__educational_opportunity_access,9,cisgender people,cisgender_people__education__educational_opportunity_access,14,-5,-4.023809523809523
Gender Identity,Education,Harassment/bullying,Education :: Harassment/bullying,transgender people,transgender_people__education__harassment_bullying,6,cisgender people,cisgender_people__education__harassment_bullying,14,-8,-7.023809523809524
Gender Identity,Employment,Career advancement,Employment :: Career advancement,transgender people,transgender_people__employment__career_advancement,7,cisgender people,cisgender_people__employment__career_advancement,10,-3,-2.023809523809523
Gender Identity,Employment,Hiring,Employment :: Hiring,transgender people,transgender_people__employment__hiring,6,cisgender people,cisgender_people__employment__hiring,7,-1,-0.023809523809522837
Gender Identity,Employment,Workplace harassment,Employment :: Workplace harassment,transgender people,transgender_people__employment__workplace_harassment,9,cisgender people,cisgender_people__employment__workplace_harassment,5,4,4.976190476190477
Gender Identity,Government Benefits,Access to government benefits,Government Benefits :: Access to government benefits,transgender people,transgender_people__government_benefits__access_to_government_benefits,7,cisgender people,cisgender_people__government_benefits__access_to_government_benefits,10,-3,-2.023809523809523
Gender Identity,Government Benefits,Application/approval,Government Benefits :: Application/approval,transgender people,transgender_people__government_benefits__application_approval,14,cisgender people,cisgender_people__government_benefits__application_approval,11,3,3.976190476190477
Gender Identity,Government Benefits,Benefit retention / renewal,Government Benefits :: Benefit retention / renewal,transgender people,transgender_people__government_benefits__benefit_retention_renewal,16,cisgender people,cisgender_people__government_benefits__benefit_retention_renewal,16,0,0.9761904761904772
Gender Identity,Healthcare,Insurance coverage,Healthcare :: Insurance coverage,transgender people,transgender_people__healthcare__insurance_coverage,5,cisgender people,cisgender_people__healthcare__insurance_coverage,7,-2,-1.0238095238095228
Gender Identity,Healthcare,Patient safety,Healthcare :: Patient safety,transgender people,transgender_people__healthcare__patient_safety,10,cisgender people,cisgender_people__healthcare__patient_safety,4,6,6.976190476190477
Gender Identity,Healthcare,Preventive care,Healthcare :: Preventive care,transgender people,transgender_people__healthcare__preventive_care,9,cisgender people,cisgender_people__healthcare__preventive_care,0,9,9.976190476190478
Gender Identity,Housing,Access to housing,Housing :: Access to housing,transgender people,transgender_people__housing__access_to_housing,11,cisgender people,cisgender_people__housing__access_to_housing,7,4,4.976190476190477
Gender Identity,Housing,Homelessness,Housing :: Homelessness,transgender people,transgender_people__housing__homelessness,13,cisgender people,cisgender_people__housing__homelessness,11,2,2.976190476190477
Gender Identity,Housing,Housing stability,Housing :: Housing stability,transgender people,transgender_people__housing__housing_stability,13,cisgender people,cisgender_people__housing__housing_stability,3,10,10.976190476190476
