dimension,condition,group,n_queries,mean_fetch_coverage,mean_available_sources,mean_evidence_alignment,mean_evidence_semantic_gap,mean_answer_support_alignment,mean_answer_support_gap,mean_evidence_match_rate,mean_source_match_rate,mean_contributing_sources
Control,control,people,21,0.5589684125398411,4.857142857142857,0.6995144453088352,0.3004855546911648,0.6955802809624445,0.3044197190375555,0.7519652305366591,0.9118480725623583,2.5238095238095237
Disability,majority,People without disabilities,21,0.5739192905859573,2.8095238095238093,0.6748309844713888,0.3251690155286112,0.6636104716195,0.33638952838049996,0.6727366255144033,0.8472222222222222,1.7222222222222223
Disability,minority,People with disabilities,21,0.5574096305188742,5.0476190476190474,0.7259875307846547,0.27401246921534533,0.7103936899276007,0.28960631007239934,0.8334189231248055,0.9793083900226757,2.9047619047619047
Ethnicity,majority,non-Latino people,21,0.50625,2.9523809523809526,0.7220239372629869,0.27797606273701314,0.6848068143192091,0.31519318568079097,0.8690058479532162,0.9736842105263158,2.0
Ethnicity,minority,Latino people,21,0.602689109831967,5.9523809523809526,0.7381587547788355,0.2618412452211644,0.7431961269605727,0.25680387303942726,0.8867283950617284,0.9518707482993197,3.3333333333333335
Gender,majority,Men,21,0.5797378547378548,4.142857142857143,0.6807985295457815,0.31920147045421854,0.6808107410158429,0.319189258984157,0.6823166303558461,0.8730158730158729,2.0476190476190474
Gender,minority,Women,21,0.4548082869511441,3.8095238095238093,0.679204350000336,0.3207956499996639,0.678869861013749,0.3211301389862509,0.6295518207282913,0.8170868347338935,2.235294117647059
Gender Identity,majority,cisgender people,21,0.6019630832130832,4.380952380952381,0.710569000733559,0.28943099926644095,0.6932425565189786,0.30675744348102146,0.8413947677836567,0.9310185185185185,2.8333333333333335
Gender Identity,minority,transgender people,21,0.6248920275180779,5.857142857142857,0.7397457495839552,0.26025425041604483,0.7278286275409517,0.2721713724590483,0.8784317534317535,0.9705794205794205,3.2857142857142856
Race,majority,White people,21,0.46749811035525324,2.7142857142857144,0.7276910985273028,0.2723089014726972,0.709528386592865,0.290471613407135,0.9116402116402117,1.0,1.6666666666666667
Race,minority,Black people,21,0.5666784273927131,5.714285714285714,0.7623041755139995,0.2376958244860004,0.7646480628422329,0.23535193715776717,0.9489355001259764,0.9804421768707483,3.0952380952380953
Sexual Orientation,majority,heterosexual people,21,0.6025573192239859,4.285714285714286,0.6910807476709129,0.3089192523290871,0.6852945486704508,0.31470545132954914,0.7241181657848325,0.9043650793650794,2.611111111111111
Sexual Orientation,minority,homosexual people,21,0.550078096506668,4.666666666666667,0.769505619772978,0.23049438022702187,0.7457754952566964,0.25422450474330355,0.9732804232804233,0.9880952380952381,2.8095238095238093
