location,dimension,outcome_id,majority,minority,difference
dallas,Disability,Criminal Justice :: Arrest / detention by police,0.2567840456962585,0.2343321442604065,-0.022451901435852017
dallas,Disability,Education :: Educational opportunity/access,0.2665500044822693,0.2553132942744663,-0.01123671020780298
dallas,Disability,Education :: Harassment/bullying,0.2337361574172973,0.2068250519888741,-0.026911105428423204
dallas,Disability,Government Benefits :: Access to government benefits,0.3013118306795755,0.3309623769351414,0.0296505462555659
dallas,Disability,Housing :: Homelessness,0.2470468953251838,0.2003180265426636,-0.04672886878252022
dallas,Disability,Housing :: Housing stability,0.2498929947614669,0.2929802685976028,0.04308727383613589
dallas,Ethnicity,Credit & Financial Services :: Access to banking services,0.2890300552050272,0.3675804018974304,0.07855034669240318
dallas,Ethnicity,Criminal Justice :: Arrest / detention by police,0.2608297020196914,0.2339981098969777,-0.026831592122713716
dallas,Ethnicity,Education :: College access/admission,0.2535795629024505,0.2534130215644836,-0.00016654133796689674
dallas,Ethnicity,Employment :: Workplace harassment,0.2400961518287658,0.3080105185508728,0.06791436672210699
dallas,Ethnicity,Government Benefits :: Access to government benefits,0.2531656821568807,0.2537154108285904,0.000549728671709715
dallas,Ethnicity,Healthcare :: Insurance coverage,0.2883496433496475,0.2264030933380126,-0.06194655001163493
dallas,Ethnicity,Housing :: Homelessness,0.2364440560340881,0.2485500744410923,0.012106018407004204
dallas,Gender,Credit & Financial Services :: Access to credit,0.3691219265262285,0.3520101457834244,-0.017111780742804117
dallas,Gender,Credit & Financial Services :: Credit/loan approval,0.2720315059026083,0.3109031438827514,0.03887163798014315
dallas,Gender,Criminal Justice :: Arrest / detention by police,0.2567537188529968,0.3407894472281138,0.08403572837511697
dallas,Gender,Employment :: Hiring,0.2964517772197723,0.3991484642028808,0.10269668698310852
dallas,Gender,Employment :: Workplace harassment,0.2232009967168172,0.3086105783780416,0.08540958166122442
dallas,Gender,Housing :: Homelessness,0.2963573866420321,0.234067752957344,-0.062289633684688095
dallas,Gender Identity,Credit & Financial Services :: Access to banking services,0.3275604248046875,0.3037461161613464,-0.02381430864334111
dallas,Gender Identity,Credit & Financial Services :: Access to credit,0.3177608847618103,0.2445886532465616,-0.07317223151524871
dallas,Gender Identity,Education :: Educational opportunity/access,0.2530208528041839,0.2391533493995666,-0.013867503404617315
dallas,Gender Identity,Education :: Harassment/bullying,0.2141816345128145,0.2488595843315124,0.0346779498186979
dallas,Gender Identity,Employment :: Career advancement,0.3027913059507098,0.3306383252143859,0.02784701926367611
dallas,Gender Identity,Employment :: Hiring,0.2709011912345886,0.2072937041521072,-0.0636074870824814
dallas,Gender Identity,Employment :: Workplace harassment,0.1729718446731567,0.1759327173233031,0.0029608726501463845
dallas,Gender Identity,Government Benefits :: Access to government benefits,0.2914020419120788,0.3662951469421387,0.07489310503005991
dallas,Gender Identity,Government Benefits :: Application/approval,0.3403736684057448,0.3403870314359665,1.3363030221702488e-05
dallas,Gender Identity,Housing :: Access to housing,0.2633005857467652,0.2202621772885322,-0.04303840845823298
dallas,Gender Identity,Housing :: Homelessness,0.3151054605841636,0.2101914510130882,-0.10491400957107541
dallas,Race,Credit & Financial Services :: Access to banking services,0.3177563746770223,0.2470649679501851,-0.07069140672683719
dallas,Race,Criminal Justice :: Arrest / detention by police,0.3073605298995971,0.2249691401209149,-0.08239138977868221
dallas,Race,Education :: College access/admission,0.2506740093231201,0.225951506031884,-0.024722503291236125
dallas,Race,Education :: Educational opportunity/access,0.2695123751958211,0.2767918195043292,0.007279444308508076
dallas,Race,Healthcare :: Preventive care,0.3107707500457763,0.2061688701311747,-0.10460187991460163
dallas,Race,Housing :: Homelessness,0.2242333889007568,0.2067646756768226,-0.0174687132239342
dallas,Sexual Orientation,Credit & Financial Services :: Access to banking services,0.3940828442573547,0.2763947486877441,-0.11768809556961057
dallas,Sexual Orientation,Credit & Financial Services :: Access to credit,0.3493789987904685,0.2501343011856078,-0.09924469760486071
dallas,Sexual Orientation,Credit & Financial Services :: Credit/loan approval,0.402324914932251,0.2460755705833435,-0.15624934434890747
dallas,Sexual Orientation,Criminal Justice :: Police use of force,0.3551822066307067,0.2498740196228027,-0.10530818700790401
dallas,Sexual Orientation,Education :: Harassment/bullying,0.1986772060394287,0.1735687553882599,-0.025108450651168818
dallas,Sexual Orientation,Employment :: Workplace harassment,0.235433354973793,0.2018212750554084,-0.03361207991838461
dallas,Sexual Orientation,Government Benefits :: Access to government benefits,0.3061916828155517,0.2454610347747803,-0.06073064804077141
dallas,Sexual Orientation,Healthcare :: Insurance coverage,0.2922265380620956,0.2153672575950622,-0.07685928046703339
dallas,Sexual Orientation,Housing :: Access to housing,0.2552260309457779,0.1903649171193441,-0.06486111382643378
dallas,Sexual Orientation,Housing :: Homelessness,0.3266613930463791,0.1678065359592437,-0.1588548570871354
dallas,Sexual Orientation,Housing :: Housing stability,0.3223972916603088,0.2338750600814819,-0.08852223157882688
la,Disability,Criminal Justice :: Incarceration,0.3263268045016697,0.2788189947605133,-0.04750780974115637
la,Disability,Education :: Educational opportunity/access,0.4127390086650848,0.3271408677101135,-0.08559814095497126
la,Disability,Employment :: Hiring,0.3751466572284698,0.3081945989813123,-0.0669520582471575
la,Disability,Government Benefits :: Access to government benefits,0.3808653950691223,0.3560205221176147,-0.024844872951507613
la,Disability,Housing :: Access to housing,0.1938693076372146,0.2380657792091369,0.0441964715719223
la,Disability,Housing :: Homelessness,0.2360598444938659,0.2242610454559326,-0.011798799037933322
la,Ethnicity,Criminal Justice :: Arrest / detention by police,0.2593273917833963,0.231354022026062,-0.027973369757334304
la,Ethnicity,Criminal Justice :: Incarceration,0.2327077388763427,0.2278380632400513,-0.0048696756362913984
la,Ethnicity,Education :: College access/admission,0.2378501551491874,0.2852757096290588,0.0474255544798714
la,Ethnicity,Employment :: Hiring,0.3330625414848327,0.2790860533714294,-0.05397648811340333
la,Ethnicity,Healthcare :: Patient safety,0.294872502485911,0.3097993731498718,0.014926870663960812
la,Ethnicity,Housing :: Homelessness,0.1979205310344696,0.2582207222779592,0.06030019124348962
la,Gender,Credit & Financial Services :: Credit/loan approval,0.3052905797958374,0.3562471526009696,0.050956572805132216
la,Gender,Criminal Justice :: Incarceration,0.2542555232842763,0.3396975696086883,0.08544204632441199
la,Gender,Healthcare :: Insurance coverage,0.2944435179233551,0.3439182341098785,0.04947471618652338
la,Gender,Housing :: Access to housing,0.2702591270208359,0.3698624074459076,0.09960328042507172
la,Gender,Housing :: Homelessness,0.1966124922037124,0.2637115240097045,0.06709903180599208
la,Gender Identity,Credit & Financial Services :: Access to banking services,0.3613547086715698,0.2777298291524251,-0.08362487951914471
la,Gender Identity,Credit & Financial Services :: Access to credit,0.376959353685379,0.2947888672351837,-0.08217048645019526
la,Gender Identity,Credit & Financial Services :: Credit/loan approval,0.294504702091217,0.3076273458344596,0.013122643743242624
la,Gender Identity,Government Benefits :: Access to government benefits,0.3287069002787272,0.3485079308350881,0.0198010305563609
la,Gender Identity,Housing :: Homelessness,0.2517684598763784,0.247780168056488,-0.0039882918198904105
la,Race,Credit & Financial Services :: Access to credit,0.3229449987411499,0.2652873158454895,-0.05765768289566042
la,Race,Education :: Educational opportunity/access,0.2402315735816955,0.3372862331569195,0.09705465957522402
la,Race,Education :: Harassment/bullying,0.1954103906949361,0.1996934950351715,0.004283104340235405
la,Race,Employment :: Hiring,0.2530461549758911,0.2546574132783072,0.0016112583024160965
la,Race,Housing :: Homelessness,0.2243833422660828,0.2049983399254935,-0.01938500234058932
la,Race,Housing :: Housing stability,0.3405839800834656,0.2457256615161895,-0.09485831856727608
la,Sexual Orientation,Credit & Financial Services :: Access to credit,0.3333870768547058,0.2701618313789368,-0.06322524547576902
la,Sexual Orientation,Credit & Financial Services :: Credit/loan approval,0.3893735334277153,0.3680794934431711,-0.02129403998454421
la,Sexual Orientation,Housing :: Access to housing,0.3105343778928121,0.1859614968299865,-0.12457288106282557
la,Sexual Orientation,Housing :: Homelessness,0.5596129205077887,0.157553382217884,-0.40205953828990465
la,Sexual Orientation,Housing :: Housing stability,0.3456238865852356,0.2139282673597335,-0.13169561922550208
ny,Disability,Credit & Financial Services :: Access to credit,0.2117428481578827,0.2875615954399109,0.0758187472820282
ny,Disability,Employment :: Hiring,0.210481333732605,0.230222150683403,0.01974081695079799
ny,Disability,Government Benefits :: Access to government benefits,0.3545562525590261,0.2733709692955017,-0.08118528326352442
ny,Disability,Government Benefits :: Application/approval,0.3718355447053909,0.3059750114168439,-0.06586053328854696
ny,Disability,Healthcare :: Insurance coverage,0.2977992296218872,0.3142372369766235,0.016438007354736273
ny,Disability,Housing :: Homelessness,0.2236565606934684,0.2486327171325684,0.024976156439100006
ny,Ethnicity,Criminal Justice :: Arrest / detention by police,0.2604978680610657,0.2102032701174417,-0.05029459794362398
ny,Ethnicity,Criminal Justice :: Incarceration,0.2270380059878031,0.2124732613563538,-0.0145647446314493
ny,Ethnicity,Education :: College access/admission,0.2413260111441979,0.2558088302612304,0.014482819117032503
ny,Ethnicity,Education :: Educational opportunity/access,0.2621723175048828,0.2191156148910522,-0.0430567026138306
ny,Gender,Credit & Financial Services :: Access to credit,0.4062622487545013,0.3700998663902283,-0.036162382364272994
ny,Gender,Credit & Financial Services :: Credit/loan approval,0.3119459350903829,0.3161056190729141,0.004159683982531248
ny,Gender,Criminal Justice :: Incarceration,0.2622823119163513,0.3086417019367218,0.04635939002037048
ny,Gender,Education :: College access/admission,0.2594258387883504,0.3100369572639465,0.05061111847559607
ny,Gender,Education :: Harassment/bullying,0.2694447437922159,0.2799493074417114,0.010504563649495535
ny,Gender,Government Benefits :: Access to government benefits,0.3250802010297775,0.3557019531726837,0.03062175214290619
ny,Gender,Healthcare :: Insurance coverage,0.2757065147161484,0.297178253531456,0.021471738815307617
ny,Gender,Healthcare :: Patient safety,0.3316258788108825,0.4006678660710653,0.06904198726018279
ny,Gender,Healthcare :: Preventive care,0.3923255205154419,0.3101128041744232,-0.08221271634101868
ny,Gender,Housing :: Homelessness,0.2117543561117989,0.298091284930706,0.08633692881890712
ny,Gender Identity,Credit & Financial Services :: Access to banking services,0.3380582928657532,0.321912924448649,-0.016145368417104178
ny,Gender Identity,Criminal Justice :: Arrest / detention by police,0.2996242046356201,0.2295926570892333,-0.07003154754638682
ny,Gender Identity,Education :: Harassment/bullying,0.1910070095743451,0.2849569809105661,0.09394997133622099
ny,Gender Identity,Employment :: Career advancement,0.3135686384307014,0.2589440584182739,-0.05462458001242748
ny,Gender Identity,Government Benefits :: Access to government benefits,0.3241689801216125,0.2938231229782104,-0.0303458571434021
ny,Gender Identity,Government Benefits :: Application/approval,0.333357036113739,0.3004390788929802,-0.0329179572207588
ny,Gender Identity,Housing :: Homelessness,0.3184524377187093,0.2278645719800677,-0.09058786573864158
ny,Race,Credit & Financial Services :: Access to banking services,0.3508295565843582,0.2910384436448415,-0.05979111293951672
ny,Race,Credit & Financial Services :: Credit/loan approval,0.2820924997329712,0.277653263674842,-0.004439236058129181
ny,Race,Criminal Justice :: Arrest / detention by police,0.2906049887339273,0.2101522535085678,-0.0804527352253595
ny,Race,Criminal Justice :: Incarceration,0.2512208700180054,0.2368366599082947,-0.014384210109710721
ny,Race,Education :: Educational opportunity/access,0.3368144571781158,0.2618298259648409,-0.07498463121327492
ny,Race,Employment :: Hiring,0.2787103205919266,0.2405958652496338,-0.03811445534229277
ny,Race,Housing :: Access to housing,0.2668029467264811,0.2152329683303833,-0.05156997839609778
ny,Race,Housing :: Homelessness,0.2341477530343192,0.1836547425815037,-0.05049301045281551
ny,Sexual Orientation,Credit & Financial Services :: Access to credit,0.3194630146026611,0.2649436831474304,-0.05451933145523069
ny,Sexual Orientation,Credit & Financial Services :: Credit/loan approval,0.4270464837551116,0.2645354270935058,-0.1625110566616058
ny,Sexual Orientation,Criminal Justice :: Arrest / detention by police,0.355934263103538,0.2182016235131484,-0.1377326395903896
ny,Sexual Orientation,Education :: College access/admission,0.3010219803878239,0.23477170864741,-0.0662502717404139
ny,Sexual Orientation,Employment :: Workplace harassment,0.2546011937989129,0.2231906414031982,-0.03141055239571469
ny,Sexual Orientation,Housing :: Homelessness,0.2699733546801975,0.1691877543926239,-0.1007856002875736
ny,Sexual Orientation,Housing :: Housing stability,0.3406303524971008,0.2088119983673095,-0.1318183541297913
