group,condition,dimension,domain,outcome,outcome_id,fetch_coverage,n_available_sources,url_jaccard_distance,domain_jaccard_distance,url_generic_coverage,domain_generic_coverage,dense_distance_subject_normalized,generic_coverage_distance,group_novelty_distance,symmetric_sentence_distance,evidence_alignment_source_balanced,evidence_semantic_gap_source_balanced,answer_support_alignment,answer_support_semantic_gap,n_locations
Black people,minority,Race,Credit & Financial Services,Access to banking services,Credit & Financial Services :: Access to banking services,0.8785714285714286,7.5,1.0,1.0,0.0,0.0,0.37628626823425293,0.7099495008587837,0.3577117919921875,0.5338306464254856,0.7309482942024866,0.2690517057975133,0.746267557144165,0.2537324428558349,2
Black people,minority,Race,Credit & Financial Services,Access to credit,Credit & Financial Services :: Access to credit,0.6201923076923077,6.5,1.0,0.8990384615384617,0.0,0.2833333333333333,0.210216999053955,0.4271622747182846,0.41865116357803345,0.422906719148159,0.7428599007427692,0.25714009925723075,0.7292620837688446,0.27073791623115534,2
Black people,minority,Race,Credit & Financial Services,Credit/loan approval,Credit & Financial Services :: Credit/loan approval,0.7083333333333333,8.5,1.0,1.0,0.0,0.0,0.43722796440124506,0.6765153408050537,0.41547372937202454,0.5459945350885391,0.7198912120527692,0.2801087879472308,0.7411851584911346,0.2588148415088653,2
Black people,minority,Race,Criminal Justice,Arrest / detention by police,Criminal Justice :: Arrest / detention by police,0.8148148148148149,4.666666666666667,0.9814814814814815,0.8629629629629628,0.03333333333333333,0.2222222222222222,0.21247325340906775,0.532908707857132,0.33557744820912677,0.4342430780331294,0.7949351878866316,0.20506481211336833,0.7896988789240519,0.210301121075948,3
Black people,minority,Race,Criminal Justice,Incarceration,Criminal Justice :: Incarceration,0.6256613756613757,5.0,1.0,0.8376068376068376,0.0,0.2526455026455026,0.17120746771494544,0.40824422240257263,0.23057522376378373,0.3194097230831782,0.786707799302207,0.21329220069779287,0.7874182065327963,0.21258179346720374,3
Black people,minority,Race,Criminal Justice,Police use of force,Criminal Justice :: Police use of force,0.5357142857142857,4.0,0.9333333333333332,0.8257575757575757,0.11805555555555555,0.25396825396825395,0.20096486806869507,0.4766910970211029,0.292252629995346,0.3844718635082245,0.7910897210240364,0.20891027897596354,0.7575640082359314,0.2424359917640686,2
Black people,minority,Race,Education,College access/admission,Education :: College access/admission,0.75,9.0,1.0,1.0,0.0,0.0,0.2252360582351684,0.5169063210487366,0.317943811416626,0.4174250662326813,0.7740484939681159,0.225951506031884,0.7669468522071838,0.2330531477928161,1
Black people,minority,Race,Education,Educational opportunity/access,Education :: Educational opportunity/access,0.8212250712250713,9.333333333333334,0.9855072463768115,0.9444444444444445,0.0303030303030303,0.11616161616161613,0.2340781291325887,0.5012607276439667,0.32834903399149573,0.4148048808177312,0.7080307071246367,0.2919692928753632,0.7995171348253886,0.20048286517461142,3
Black people,minority,Race,Education,Harassment/bullying,Education :: Harassment/bullying,0.6391941391941391,9.666666666666666,1.0,0.8760971055088702,0.0,0.28690476190476194,0.2121519049008687,0.47547486424446106,0.38361408313115436,0.42954447368780774,0.7918699670018571,0.20813003299814278,0.7825983365376791,0.21740166346232093,3
Black people,minority,Race,Employment,Career advancement,Employment :: Career advancement,0.5,5.0,1.0,1.0,0.0,0.0,0.4913531541824341,0.6025438904762268,0.4266265630722046,0.5145852267742157,0.7917350888252258,0.2082649111747742,0.7354270815849304,0.2645729184150696,1
Black people,minority,Race,Employment,Hiring,Employment :: Hiring,0.6416666666666666,6.0,1.0,0.9791666666666666,0.0,0.041666666666666664,0.4680674771467845,0.6088926494121552,0.47854504982630414,0.5437188496192297,0.7671435131913139,0.232856486808686,0.7755881945292155,0.22441180547078451,3
Black people,minority,Race,Employment,Workplace harassment,Employment :: Workplace harassment,0.5227272727272727,5.0,0.9348739495798319,0.7922077922077922,0.1428571428571428,0.3571428571428571,0.1925196647644043,0.5318895280361176,0.2384694218635559,0.38517947494983673,0.7695455650488536,0.23045443495114637,0.780452698469162,0.219547301530838,2
Black people,minority,Race,Government Benefits,Application/approval,Government Benefits :: Application/approval,0.5,3.0,1.0,0.9411764705882352,0.0,0.0833333333333333,0.2645648121833801,0.6896818578243256,0.3047864437103271,0.4972341507673263,0.6981714765230814,0.3018285234769186,0.7032824158668518,0.2967175841331482,1
Black people,minority,Race,Government Benefits,Benefit retention / renewal,Government Benefits :: Benefit retention / renewal,0.5,6.0,1.0,1.0,0.0,0.0,0.1964260339736938,0.5014065206050873,0.5196298360824585,0.5105181783437729,0.7155893941720327,0.2844106058279673,0.6532878875732422,0.3467121124267578,1
Black people,minority,Race,Healthcare,Insurance coverage,Healthcare :: Insurance coverage,0.5,3.0,1.0,0.9090909090909092,0.0,0.1666666666666666,0.2732235789299011,0.5652732849121094,0.3096802830696106,0.43747678399086,0.7650322914123535,0.2349677085876464,0.7436652779579163,0.2563347220420837,1
Black people,minority,Race,Healthcare,Preventive care,Healthcare :: Preventive care,0.5,3.0,1.0,0.875,0.0,0.3333333333333333,0.2711577415466308,0.4840949177742004,0.3229312896728515,0.403513103723526,0.7938311298688253,0.2061688701311747,0.7800927758216858,0.2199072241783142,1
Black people,minority,Race,Housing,Access to housing,Housing :: Access to housing,0.5419580419580419,6.5,1.0,0.9181286549707602,0.0,0.175,0.23194554448127747,0.48771682381629944,0.31529766321182245,0.401507243514061,0.7769888128553117,0.2230111871446882,0.7584806084632874,0.24151939153671265,2
Black people,minority,Race,Housing,Homelessness,Housing :: Homelessness,0.7731481481481483,7.333333333333333,0.9639376218323586,0.9069444444444444,0.07792207792207789,0.17129629629629628,0.2610775828361511,0.5113851428031921,0.3673257033030192,0.43935542305310565,0.8015274139387266,0.19847258606127327,0.8064534068107605,0.19354659318923942,3
Black people,minority,Race,Housing,Housing stability,Housing :: Housing stability,0.5714285714285714,4.0,1.0,0.9230769230769232,0.0,0.125,0.2726432085037231,0.4941469430923462,0.5417107045650482,0.5179288238286972,0.7542743384838104,0.2457256615161895,0.7732349634170532,0.2267650365829467,1
Latino people,minority,Ethnicity,Credit & Financial Services,Access to banking services,Credit & Financial Services :: Access to banking services,0.608994708994709,5.333333333333333,0.9791666666666666,0.9791666666666666,0.041666666666666664,0.041666666666666664,0.3072938521703084,0.6030199527740479,0.3930976986885071,0.49805882573127747,0.6584376093887148,0.34156239061128524,0.6588115294774374,0.3411884705225627,3
Latino people,minority,Ethnicity,Credit & Financial Services,Access to credit,Credit & Financial Services :: Access to credit,0.8404928404928405,8.666666666666666,1.0,1.0,0.0,0.0,0.22926946481068924,0.46652041872342426,0.38972808917363483,0.42812425394852954,0.6909229204510198,0.3090770795489802,0.7202063600222269,0.279793639977773,3
Latino people,minority,Ethnicity,Credit & Financial Services,Credit/loan approval,Credit & Financial Services :: Credit/loan approval,0.8240740740740741,9.0,1.0,1.0,0.0,0.0,0.4026006857554118,0.623110294342041,0.41921403010686237,0.5211621622244517,0.6978641723593076,0.3021358276406923,0.7470866839090983,0.2529133160909017,3
Latino people,minority,Ethnicity,Criminal Justice,Arrest / detention by police,Criminal Justice :: Arrest / detention by police,0.7555555555555555,4.666666666666667,1.0,0.9060606060606061,0.0,0.16666666666666663,0.26351970434188837,0.5269681811332703,0.34259506066640216,0.43478162089983624,0.7748148659865062,0.2251851340134938,0.7838375568389893,0.21616244316101074,3
Latino people,minority,Ethnicity,Criminal Justice,Incarceration,Criminal Justice :: Incarceration,0.5277777777777778,5.0,1.0,0.9305555555555556,0.0,0.12698412698412695,0.18097937107086182,0.4271351099014282,0.29439145326614374,0.360763281583786,0.7798443377017974,0.22015566229820255,0.7808754742145538,0.21912452578544614,2
Latino people,minority,Ethnicity,Education,College access/admission,Education :: College access/admission,0.753030303030303,7.333333333333333,1.0,1.0,0.0,0.0,0.23425443967183424,0.5112672547499338,0.34265925486882526,0.4269632548093796,0.7351674795150757,0.2648325204849243,0.75777800877889,0.24222199122111,3
Latino people,minority,Ethnicity,Education,Educational opportunity/access,Education :: Educational opportunity/access,0.8042328042328042,6.666666666666667,1.0,0.9368386243386243,0.0,0.11919191919191917,0.337891419728597,0.5382306476434072,0.40466394027074176,0.47144729395707446,0.7741505101559655,0.2258494898440345,0.7725374301274618,0.22746256987253824,3
Latino people,minority,Ethnicity,Education,Harassment/bullying,Education :: Harassment/bullying,0.5,3.0,1.0,0.9166666666666666,0.0,0.1428571428571428,0.3362690806388855,0.4871788620948791,0.4429282546043396,0.4650535583496094,0.7661752899487814,0.2338247100512186,0.7464120984077454,0.2535879015922546,1
Latino people,minority,Ethnicity,Employment,Career advancement,Employment :: Career advancement,0.55,4.5,1.0,0.9142857142857144,0.0,0.2,0.4298403859138489,0.6558408737182617,0.43020984530448914,0.5430253595113754,0.7415630867083868,0.2584369132916132,0.7005539834499359,0.29944601655006403,2
Latino people,minority,Ethnicity,Employment,Hiring,Employment :: Hiring,0.6825396825396824,6.333333333333333,1.0,0.9722222222222222,0.0,0.06666666666666667,0.4647219777107239,0.5588288009166718,0.4977532724539439,0.5282910366853079,0.7091361016035079,0.29086389839649196,0.7535570661226908,0.24644293387730917,3
Latino people,minority,Ethnicity,Employment,Workplace harassment,Employment :: Workplace harassment,0.6547619047619048,6.0,0.9814814814814815,0.9317810457516339,0.03333333333333333,0.12857142857142853,0.2767217953999837,0.5487759212652842,0.3203443090120951,0.4345601151386896,0.7359029869238536,0.2640970130761464,0.7401299873987833,0.2598700126012166,3
Latino people,minority,Ethnicity,Government Benefits,Access to government benefits,Government Benefits :: Access to government benefits,0.5793650793650794,4.0,1.0,0.9373219373219374,0.0,0.09722222222222221,0.28680366277694697,0.608503520488739,0.41773001352945965,0.5131167670090994,0.7384172032276789,0.26158279677232105,0.7487311363220215,0.2512688636779785,3
Latino people,minority,Ethnicity,Government Benefits,Application/approval,Government Benefits :: Application/approval,0.6574074074074074,8.0,0.9616977225672878,0.9137759170653909,0.0833333333333333,0.17777777777777773,0.31871630748112995,0.5419808725516001,0.5130375921726227,0.5275092323621114,0.7421680591724537,0.25783194082754624,0.7170729239781698,0.28292707602183026,3
Latino people,minority,Ethnicity,Government Benefits,Benefit retention / renewal,Government Benefits :: Benefit retention / renewal,0.6298701298701298,8.666666666666666,1.0,0.9681818181818181,0.0,0.04999999999999997,0.1998852690060933,0.49273788928985596,0.42898525794347125,0.46086157361666363,0.7092276403197536,0.29077235968024645,0.6846509774525961,0.31534902254740393,3
Latino people,minority,Ethnicity,Healthcare,Insurance coverage,Healthcare :: Insurance coverage,0.7916666666666667,4.0,1.0,0.9444444444444444,0.0,0.0714285714285714,0.2719798684120178,0.5250767767429352,0.3739163279533386,0.4494965523481369,0.7698351661364238,0.23016483386357614,0.7679060697555542,0.23209393024444575,2
Latino people,minority,Ethnicity,Healthcare,Patient safety,Healthcare :: Patient safety,0.5,4.5,1.0,0.8869047619047619,0.0,0.1714285714285714,0.48893359303474426,0.50899538397789,0.5287666618824005,0.5188810229301453,0.7159159580866497,0.2840840419133504,0.7375045418739319,0.2624954581260681,2
Latino people,minority,Ethnicity,Healthcare,Preventive care,Healthcare :: Preventive care,0.5277777777777778,5.0,1.0,0.8541666666666667,0.0,0.41666666666666663,0.23579034209251398,0.3900323808193207,0.4604418873786926,0.4252371340990066,0.748080438375473,0.251919561624527,0.7513686418533325,0.24863135814666742,2
Latino people,minority,Ethnicity,Housing,Access to housing,Housing :: Access to housing,0.55,5.0,1.0,0.96875,0.0,0.05,0.2898785173892975,0.45719023048877716,0.4448600113391876,0.4510251209139824,0.7572417308886845,0.2427582691113154,0.7402233481407166,0.25977665185928345,2
Latino people,minority,Ethnicity,Housing,Homelessness,Housing :: Homelessness,0.8009259259259259,6.666666666666667,1.0,0.903968253968254,0.0,0.17129629629629628,0.21015504995981849,0.4530552923679352,0.3158163428306579,0.38443581759929657,0.7487452063295575,0.25125479367044234,0.7540314197540283,0.24596858024597168,3
Latino people,minority,Ethnicity,Housing,Housing stability,Housing :: Housing stability,0.5,4.0,1.0,0.9285714285714286,0.0,0.1,0.5378405451774597,0.833046019077301,0.4613332748413086,0.6471896469593048,0.781489372253418,0.218510627746582,0.7727450132369995,0.2272549867630005,1
Men,majority,Gender,Credit & Financial Services,Access to credit,Credit & Financial Services :: Access to credit,0.9285714285714286,5.0,0.8590909090909091,0.788888888888889,0.23809523809523805,0.34285714285714286,0.2503154873847961,0.4654099941253662,0.32224947214126587,0.39382973313331604,0.6123079123596351,0.3876920876403649,0.7479000389575958,0.2520999610424042,2
Men,majority,Gender,Credit & Financial Services,Credit/loan approval,Credit & Financial Services :: Credit/loan approval,0.6444444444444444,5.0,0.8074074074074075,0.8074074074074075,0.28679653679653677,0.28679653679653677,0.25773276885350543,0.48025651772816974,0.3301372528076172,0.4051968852678935,0.7035773264037237,0.2964226735962762,0.6830181876818339,0.3169818123181661,3
Men,majority,Gender,Criminal Justice,Arrest / detention by police,Criminal Justice :: Arrest / detention by police,0.625,5.0,0.7142857142857143,0.5714285714285714,0.4,0.5,0.1645110249519348,0.3251839280128479,0.2635930180549621,0.294388473033905,0.7432462811470032,0.2567537188529968,0.7408891916275024,0.2591108083724975,1
Men,majority,Gender,Criminal Justice,Incarceration,Criminal Justice :: Incarceration,0.7516835016835017,7.0,0.8995098039215685,0.6853146853146853,0.19074074074074074,0.4682539682539682,0.10034211476643873,0.33831705649693805,0.3075812856356303,0.3229491710662842,0.7441088292333814,0.2558911707666185,0.7527718742688497,0.24722812573115024,3
Men,majority,Gender,Education,College access/admission,Education :: College access/admission,0.5777777777777777,5.5,0.9705882352941175,0.8869047619047619,0.0625,0.22619047619047616,0.18194657564163205,0.4748493582010269,0.383142352104187,0.42899585515260696,0.716717501481374,0.28328249851862586,0.707931786775589,0.292068213224411,2
Men,majority,Gender,Education,Harassment/bullying,Education :: Harassment/bullying,0.75,6.0,0.9097222222222222,0.6309523809523809,0.14545454545454545,0.4107142857142857,0.1352101862430572,0.42780306935310364,0.2573381662368774,0.34257061779499054,0.7282562851905823,0.2717437148094177,0.7741594016551971,0.2258405983448028,2
Men,majority,Gender,Employment,Career advancement,Employment :: Career advancement,0.8888888888888888,4.0,1.0,0.9666666666666667,0.0,0.06666666666666667,0.3328919410705566,0.48509984215100604,0.3707752625147502,0.4279375523328781,0.6432913422584533,0.3567086577415466,0.6808813214302063,0.31911867856979365,3
Men,majority,Gender,Employment,Hiring,Employment :: Hiring,0.7666666666666666,5.333333333333333,1.0,1.0,0.0,0.0,0.3094115853309631,0.5202728509902954,0.41990232467651367,0.47008758783340454,0.6985665630726587,0.30143343692734126,0.7198083599408468,0.28019164005915326,3
Men,majority,Gender,Employment,Workplace harassment,Employment :: Workplace harassment,0.6574074074074074,4.0,0.7671957671957673,0.7314814814814815,0.3238095238095238,0.37142857142857144,0.15329887469609574,0.3995799819628398,0.3041956226030985,0.3518878022829692,0.7716876768403583,0.22831232315964167,0.7187092900276184,0.2812907099723816,3
Men,majority,Gender,Government Benefits,Access to government benefits,Government Benefits :: Access to government benefits,0.5,4.0,0.75,0.6666666666666667,0.4285714285714285,0.5,0.4070796966552734,0.7367570102214813,0.4501641988754272,0.5934606045484543,0.6749197989702225,0.3250802010297775,0.6412667036056519,0.3587332963943481,1
Men,majority,Gender,Government Benefits,Application/approval,Government Benefits :: Application/approval,0.5714285714285714,4.0,1.0,1.0,0.0,0.0,0.2302500009536743,0.3848671913146972,0.4086498022079468,0.396758496761322,0.670512780547142,0.3294872194528579,0.6623553037643433,0.3376446962356567,1
Men,majority,Gender,Government Benefits,Benefit retention / renewal,Government Benefits :: Benefit retention / renewal,0.9,3.5,1.0,0.96875,0.0,0.04166666666666665,0.1393681764602661,0.480493426322937,0.4584930837154388,0.4694932550191879,0.6251674120624859,0.374832587937514,0.5867713689804077,0.4132286310195923,2
Men,majority,Gender,Healthcare,Insurance coverage,Healthcare :: Insurance coverage,0.557142857142857,4.666666666666667,0.933882783882784,0.867845117845118,0.1399267399267399,0.22539682539682537,0.1582830945650736,0.43394418557484943,0.3570977449417114,0.39552096525828045,0.7087356199820837,0.2912643800179164,0.7203214565912882,0.27967854340871173,3
Men,majority,Gender,Healthcare,Patient safety,Healthcare :: Patient safety,0.6666666666666666,8.0,0.9047619047619048,0.8,0.1818181818181818,0.4,0.3177140355110168,0.5665085911750793,0.3075776100158691,0.4370431005954742,0.6683741211891174,0.3316258788108825,0.7011436223983765,0.2988563776016235,1
Men,majority,Gender,Healthcare,Preventive care,Healthcare :: Preventive care,0.625,3.0,1.0,0.95,0.0,0.1,0.1735855937004089,0.4908371716737747,0.36930021643638605,0.4300686940550804,0.5858703056971233,0.4141296943028767,0.6253582835197449,0.3746417164802551,2
Men,majority,Gender,Housing,Access to housing,Housing :: Access to housing,0.6666666666666666,4.0,0.8461538461538461,0.7,0.2222222222222222,0.375,0.1630957126617431,0.3429669737815857,0.3457373976707458,0.3443521857261657,0.7297408729791641,0.2702591270208359,0.7641429901123047,0.2358570098876953,1
Men,majority,Gender,Housing,Homelessness,Housing :: Homelessness,0.8555555555555555,8.0,0.547008547008547,0.4707070707070707,0.6180856180856181,0.7268518518518517,0.10715148846308387,0.41218119859695435,0.2899003624916076,0.351040780544281,0.7650919216808187,0.23490807831918115,0.7447012464205424,0.2552987535794576,3
Men,majority,Gender,Housing,Housing stability,Housing :: Housing stability,0.8285714285714285,7.0,0.5608974358974359,0.45,0.5833333333333333,0.6333333333333333,0.2731622457504272,0.5636385306715965,0.2979253530502319,0.43078194186091423,0.7335330645243328,0.26646693547566724,0.7226020395755768,0.2773979604244232,2
People with disabilities,minority,Disability,Credit & Financial Services,Access to banking services,Credit & Financial Services :: Access to banking services,0.6098484848484849,7.0,1.0,1.0,0.0,0.0,0.24272370338439941,0.5557177513837814,0.4770723581314087,0.5163950547575951,0.6757626065186092,0.3242373934813908,0.6910951137542725,0.30890488624572754,2
People with disabilities,minority,Disability,Credit & Financial Services,Access to credit,Credit & Financial Services :: Access to credit,0.6232804232804233,4.333333333333333,1.0,0.9474747474747475,0.0,0.10317460317460314,0.24244976043701164,0.438982625802358,0.4546547532081604,0.4468186895052592,0.6781691379017301,0.32183086209826994,0.6627960403760275,0.3372039596239726,3
People with disabilities,minority,Disability,Credit & Financial Services,Credit/loan approval,Credit & Financial Services :: Credit/loan approval,0.6,3.0,1.0,1.0,0.0,0.0,0.4426871538162231,0.4967675805091858,0.4586744904518127,0.4777210354804992,0.6855540871620178,0.3144459128379822,0.7151409387588501,0.2848590612411499,1
People with disabilities,minority,Disability,Criminal Justice,Arrest / detention by police,Criminal Justice :: Arrest / detention by police,0.5988095238095238,4.0,1.0,0.9410256410256411,0.0,0.10317460317460314,0.325252632300059,0.44129300117492676,0.5088629225889841,0.47507796188195545,0.7665271659692129,0.23347283403078714,0.7186705668767294,0.28132943312327063,3
People with disabilities,minority,Disability,Criminal Justice,Incarceration,Criminal Justice :: Incarceration,0.6565656565656566,6.333333333333333,1.0,0.9151143790849673,0.0,0.167989417989418,0.30249502261479694,0.3899064064025879,0.4331921935081482,0.41154929995536804,0.7321911454200745,0.26780885457992554,0.7214775482813517,0.27852245171864826,3
People with disabilities,minority,Disability,Education,College access/admission,Education :: College access/admission,0.6833333333333333,6.5,1.0,0.9337606837606838,0.0,0.1333333333333333,0.32948368787765503,0.41078814864158625,0.5188912749290466,0.46483971178531647,0.7425453336465926,0.2574546663534073,0.742533951997757,0.25746604800224304,2
People with disabilities,minority,Disability,Education,Educational opportunity/access,Education :: Educational opportunity/access,0.6416666666666666,7.0,1.0,0.975,0.0,0.04545454545454545,0.28969651460647583,0.43806207180023193,0.4427550435066223,0.4404085576534271,0.7087729190077101,0.2912270809922899,0.7011661529541016,0.29883384704589844,2
People with disabilities,minority,Disability,Education,Harassment/bullying,Education :: Harassment/bullying,0.6666666666666667,6.0,1.0,0.9078431372549018,0.0,0.1714285714285714,0.23742190003395075,0.44360029697418213,0.42146763205528254,0.43253396451473236,0.8051846393517086,0.1948153606482914,0.7449150085449219,0.2550849914550781,2
People with disabilities,minority,Disability,Employment,Career advancement,Employment :: Career advancement,0.682142857142857,5.666666666666667,1.0,0.9743589743589745,0.0,0.06666666666666667,0.28436545530954993,0.4265604615211487,0.44308451811472577,0.4348224898179372,0.6550352057767292,0.3449647942232707,0.6533790032068888,0.34662099679311115,3
People with disabilities,minority,Disability,Employment,Hiring,Employment :: Hiring,0.646031746031746,6.333333333333333,1.0,1.0,0.0,0.0,0.470391829808553,0.5150892535845438,0.521322121222814,0.5182056874036789,0.7190381006470749,0.2809618993529251,0.7331218520800272,0.2668781479199727,3
People with disabilities,minority,Disability,Employment,Workplace harassment,Employment :: Workplace harassment,0.7375,6.5,1.0,0.9736842105263158,0.0,0.05,0.287123441696167,0.44843336939811707,0.42878973484039307,0.43861155211925507,0.7196714587154842,0.2803285412845158,0.7488446831703186,0.2511553168296814,2
People with disabilities,minority,Disability,Government Benefits,Access to government benefits,Government Benefits :: Access to government benefits,0.6797619047619047,5.666666666666667,1.0,0.9393939393939394,0.0,0.1111111111111111,0.19341377417246497,0.3922431270281474,0.41393468777338654,0.403088907400767,0.679882043883914,0.3201179561160859,0.6711385448773702,0.32886145512262976,3
People with disabilities,minority,Disability,Government Benefits,Application/approval,Government Benefits :: Application/approval,0.7777777777777778,7.0,1.0,0.9166666666666666,0.0,0.2,0.3445897102355957,0.5008233189582825,0.5237747430801392,0.5122990310192108,0.6940249885831561,0.3059750114168439,0.6619765758514404,0.3380234241485595,1
People with disabilities,minority,Disability,Government Benefits,Benefit retention / renewal,Government Benefits :: Benefit retention / renewal,0.5574229691876751,8.0,0.9761904761904763,0.9412121212121213,0.051282051282051266,0.10555555555555553,0.21954335769017533,0.4553569555282593,0.47568458318710327,0.4655207693576813,0.6899354546158403,0.3100645453841598,0.6671008467674255,0.3328991532325744,3
People with disabilities,minority,Disability,Healthcare,Insurance coverage,Healthcare :: Insurance coverage,0.7095238095238096,5.666666666666667,1.0,0.8981481481481483,0.0,0.1587301587301587,0.21749601761500037,0.4276586373647054,0.42499897877375287,0.4263288080692291,0.7174820403258005,0.2825179596741994,0.7136631011962891,0.28633689880371094,3
People with disabilities,minority,Disability,Housing,Access to housing,Housing :: Access to housing,0.6222222222222222,5.0,1.0,0.9803921568627451,0.0,0.041666666666666664,0.19403429826100663,0.39688464005788165,0.4095613161722819,0.4032229781150818,0.755708227554957,0.24429177244504288,0.7533488670984904,0.24665113290150956,3
People with disabilities,minority,Disability,Housing,Homelessness,Housing :: Homelessness,0.5601851851851852,5.0,1.0,0.8854700854700855,0.0,0.20833333333333334,0.20500032107035313,0.4165482521057129,0.3768879969914754,0.3967181245485942,0.7755960702896117,0.22440392971038822,0.7521293759346008,0.24787062406539914,3
People with disabilities,minority,Disability,Housing,Housing stability,Housing :: Housing stability,0.5,4.0,1.0,1.0,0.0,0.0,0.1943771839141845,0.378958523273468,0.3258551359176636,0.3524068295955658,0.7070197314023972,0.2929802685976028,0.7641169428825378,0.2358830571174621,1
People without disabilities,majority,Disability,Credit & Financial Services,Access to credit,Credit & Financial Services :: Access to credit,0.5714285714285714,4.0,0.9230769230769232,0.9166666666666666,0.1428571428571428,0.1428571428571428,0.335844337940216,0.5248661637306213,0.3989391326904297,0.4619026482105255,0.7882571518421173,0.2117428481578827,0.7074021697044373,0.2925978302955627,1
People without disabilities,majority,Disability,Credit & Financial Services,Credit/loan approval,Credit & Financial Services :: Credit/loan approval,0.875,3.0,1.0,1.0,0.0,0.0,0.4477836787700653,0.5364300310611725,0.5390231683850288,0.5377265997231007,0.5607109467188517,0.4392890532811482,0.6196464598178864,0.3803535401821136,2
People without disabilities,majority,Disability,Criminal Justice,Arrest / detention by police,Criminal Justice :: Arrest / detention by police,0.5555555555555556,5.0,0.8125,0.625,0.3,0.5,0.1223904490470886,0.3277544975280761,0.3314371109008789,0.3295958042144775,0.7432159543037414,0.2567840456962585,0.7527176141738892,0.2472823858261108,1
People without disabilities,majority,Disability,Criminal Justice,Incarceration,Criminal Justice :: Incarceration,1.0,7.0,1.0,0.9285714285714286,0.0,0.1111111111111111,0.1591335535049438,0.3811125755310058,0.2507936358451843,0.3159531056880951,0.6736731954983303,0.3263268045016697,0.7008147835731506,0.2991852164268493,1
People without disabilities,majority,Disability,Education,Educational opportunity/access,Education :: Educational opportunity/access,0.746031746031746,3.6666666666666665,0.936111111111111,0.9,0.09393939393939393,0.1272727272727273,0.1931187113126119,0.3563901384671529,0.3435380458831787,0.3499640921751657,0.6799021313587824,0.32009786864121753,0.6498858133951823,0.3501141866048177,3
People without disabilities,majority,Disability,Education,Harassment/bullying,Education :: Harassment/bullying,0.6666666666666666,4.0,1.0,0.8461538461538461,0.0,0.2,0.2381621599197387,0.4243826866149902,0.3472781181335449,0.3858304023742676,0.7662638425827026,0.2337361574172973,0.7572861909866333,0.2427138090133667,1
People without disabilities,majority,Disability,Employment,Hiring,Employment :: Hiring,0.8571428571428572,4.0,1.0,1.0,0.0,0.0,0.46296966075897217,0.5091573894023895,0.4444553256034851,0.4768063575029373,0.7071860045194626,0.2928139954805374,0.6466992199420929,0.35330078005790705,2
People without disabilities,majority,Disability,Government Benefits,Access to government benefits,Government Benefits :: Access to government benefits,0.688095238095238,4.666666666666667,0.8696581196581197,0.797979797979798,0.21746031746031744,0.31666666666666665,0.15533324082692462,0.44645728667577106,0.40313881635665894,0.424798051516215,0.6544221738974253,0.34557782610257465,0.6612033843994141,0.33879661560058594,3
People without disabilities,majority,Disability,Government Benefits,Application/approval,Government Benefits :: Application/approval,0.6794871794871795,6.5,0.9583333333333333,0.9444444444444444,0.0714285714285714,0.1,0.18187606334686274,0.5026039928197861,0.49958960711956024,0.5010967999696732,0.6343299208415879,0.36567007915841204,0.609697163105011,0.390302836894989,2
People without disabilities,majority,Disability,Healthcare,Insurance coverage,Healthcare :: Insurance coverage,0.8,4.0,0.9090909090909092,0.7142857142857143,0.1428571428571428,0.3333333333333333,0.168924868106842,0.3689457178115845,0.4000594019889831,0.3845025599002838,0.7022007703781128,0.2977992296218872,0.652642548084259,0.3473574519157409,1
People without disabilities,majority,Disability,Healthcare,Patient safety,Healthcare :: Patient safety,0.8333333333333334,5.0,0.4545454545454546,0.6,0.5454545454545454,0.4,0.0926295518875122,0.2552024722099304,0.2645817995071411,0.2598921358585357,0.6877200722694397,0.3122799277305603,0.7057934403419495,0.2942065596580505,1
People without disabilities,majority,Disability,Healthcare,Preventive care,Healthcare :: Preventive care,0.7,5.0,0.9166666666666666,0.8166666666666667,0.15555555555555556,0.3666666666666667,0.09527155756950376,0.3148480355739593,0.2974898219108581,0.30616892874240875,0.6609487682580948,0.3390512317419052,0.7204301953315735,0.2795698046684265,2
People without disabilities,majority,Disability,Housing,Access to housing,Housing :: Access to housing,0.5,4.0,1.0,0.9333333333333332,0.0,0.125,0.2721213102340698,0.4237971901893616,0.3977828621864319,0.4107900261878967,0.8061306923627853,0.1938693076372146,0.7768858671188354,0.2231141328811645,1
People without disabilities,majority,Disability,Housing,Homelessness,Housing :: Homelessness,0.8250000000000001,7.0,0.6972402597402597,0.5555555555555556,0.45310245310245306,0.5740740740740741,0.11450425783793129,0.32121459643046063,0.27904641628265375,0.3001305063565572,0.7644122331624938,0.23558776683750604,0.7573654452959696,0.2426345547040303,3
People without disabilities,majority,Disability,Housing,Housing stability,Housing :: Housing stability,0.6746031746031745,4.333333333333333,0.7478354978354979,0.7023809523809524,0.3444444444444444,0.38611111111111107,0.21158681313196814,0.443737397591273,0.37195120255152386,0.40784430007139844,0.7108182195160125,0.2891817804839875,0.71735018491745,0.28264981508255,3
White people,majority,Race,Credit & Financial Services,Access to banking services,Credit & Financial Services :: Access to banking services,0.5714285714285715,4.0,0.9444444444444445,0.9444444444444445,0.08333333333333333,0.08333333333333333,0.3510690728823344,0.547723243633906,0.417072872320811,0.4823980579773585,0.6698957963122262,0.33010420368777377,0.6884180704752604,0.31158192952473956,3
White people,majority,Race,Credit & Financial Services,Access to credit,Credit & Financial Services :: Access to credit,0.5634920634920635,4.5,0.8452380952380953,0.8333333333333334,0.2857142857142857,0.30952380952380953,0.30451029539108276,0.5020850598812103,0.4376371502876282,0.46986110508441925,0.6796332001686096,0.3203667998313904,0.6975472867488861,0.3024527132511139,2
White people,majority,Race,Credit & Financial Services,Credit/loan approval,Credit & Financial Services :: Credit/loan approval,0.6458333333333333,4.5,1.0,1.0,0.0,0.0,0.3826025426387787,0.44359806180000305,0.4476276934146881,0.4456128776073455,0.7225249245762825,0.2774750754237175,0.6426425278186798,0.35735747218132013,2
White people,majority,Race,Criminal Justice,Arrest / detention by police,Criminal Justice :: Arrest / detention by police,0.5,3.0,1.0,0.9045454545454545,0.0,0.1666666666666666,0.18172171711921692,0.410887211561203,0.33052220940589905,0.370704710483551,0.7010172406832378,0.2989827593167622,0.6954554915428162,0.30454450845718384,2
White people,majority,Race,Criminal Justice,Incarceration,Criminal Justice :: Incarceration,0.8333333333333334,5.0,1.0,0.8888888888888888,0.0,0.1428571428571428,0.1220800876617431,0.3351321220397949,0.3147624731063843,0.3249472975730896,0.7487791299819946,0.2512208700180054,0.7207720875740051,0.2792279124259949,1
White people,majority,Race,Criminal Justice,Police use of force,Criminal Justice :: Police use of force,0.6,3.0,0.9166666666666666,0.8181818181818181,0.125,0.25,0.1220704317092895,0.3850764036178589,0.3196879029273987,0.3523821532726288,0.7606770793596903,0.2393229206403097,0.7713921666145325,0.2286078333854675,1
White people,majority,Race,Education,College access/admission,Education :: College access/admission,0.6777777777777777,3.6666666666666665,1.0,0.9696969696969697,0.0,0.047619047619047596,0.207424521446228,0.43057046333948773,0.3945440649986267,0.4125572641690572,0.7465507321887546,0.2534492678112454,0.7665188908576965,0.23348110914230344,3
White people,majority,Race,Education,Educational opportunity/access,Education :: Educational opportunity/access,0.7555555555555555,4.333333333333333,0.923611111111111,0.9199074074074073,0.11919191919191917,0.11919191919191917,0.2870110074679057,0.4265529115994771,0.35288699467976886,0.389719953139623,0.7178138646814558,0.28218613531854414,0.7741909623146057,0.22580903768539426,3
White people,majority,Race,Education,Harassment/bullying,Education :: Harassment/bullying,0.75,3.0,1.0,0.7777777777777778,0.0,0.2857142857142857,0.2198362350463867,0.4961453676223755,0.3496125936508178,0.4228789806365967,0.8045896093050638,0.1954103906949361,0.7611180543899536,0.2388819456100464,1
White people,majority,Race,Employment,Hiring,Employment :: Hiring,0.7083333333333333,3.5,1.0,1.0,0.0,0.0,0.465746134519577,0.5420629233121872,0.4537789821624756,0.4979209527373314,0.7341217622160912,0.26587823778390884,0.7322686910629272,0.2677313089370727,2
White people,majority,Race,Government Benefits,Access to government benefits,Government Benefits :: Access to government benefits,0.5888888888888889,3.3333333333333335,1.0,1.0,0.0,0.0,0.22468622525533036,0.5032918453216553,0.42150773604710895,0.46239979068438214,0.6837549259265264,0.31624507407347363,0.6635545293490092,0.3364454706509908,3
White people,majority,Race,Government Benefits,Benefit retention / renewal,Government Benefits :: Benefit retention / renewal,0.5,4.0,1.0,0.9444444444444444,0.0,0.0833333333333333,0.2910235524177551,0.533144623041153,0.5336578786373138,0.5334012508392334,0.6929517388343811,0.3070482611656189,0.7400007843971252,0.2599992156028747,1
White people,majority,Race,Healthcare,Preventive care,Healthcare :: Preventive care,0.6,3.0,1.0,0.8166666666666667,0.0,0.26666666666666666,0.20620471239089966,0.3912867307662964,0.33228734135627747,0.3617870360612869,0.6907989084720612,0.30920109152793884,0.6874763369560242,0.31252366304397583,2
White people,majority,Race,Housing,Access to housing,Housing :: Access to housing,0.55,3.0,1.0,1.0,0.0,0.0,0.30463987588882446,0.4570561647415161,0.4186323285102844,0.4378442466259002,0.7333517571290334,0.26664824287096656,0.7541350722312927,0.24586492776870722,2
White people,majority,Race,Housing,Homelessness,Housing :: Homelessness,0.8111111111111112,5.0,0.8792207792207792,0.8282828282828283,0.17556517556517556,0.21296296296296294,0.22864526510238645,0.42407727241516113,0.29733711481094355,0.36070719361305237,0.7724118385996137,0.2275881614003863,0.7197542190551758,0.28024578094482416,3
White people,majority,Race,Housing,Housing stability,Housing :: Housing stability,0.5634920634920635,4.5,1.0,0.9642857142857143,0.0,0.0625,0.2654123306274414,0.47199778258800507,0.4483897984027862,0.46019379049539566,0.6883968830108642,0.31160311698913573,0.7212813794612885,0.27871862053871155,2
Women,minority,Gender,Credit & Financial Services,Access to banking services,Credit & Financial Services :: Access to banking services,0.6220538720538721,6.666666666666667,0.9814814814814815,0.9761904761904763,0.047619047619047596,0.05555555555555553,0.22680884599685666,0.4897601405779521,0.437633216381073,0.4636966784795125,0.6388146062692006,0.36118539373079933,0.6632834076881409,0.33671659231185913,3
Women,minority,Gender,Credit & Financial Services,Access to credit,Credit & Financial Services :: Access to credit,0.6111111111111112,4.666666666666667,1.0,1.0,0.0,0.0,0.23209663232167563,0.4293416738510132,0.4915458659331004,0.46044376989205676,0.64987533390522,0.35012466609478005,0.6643886764844259,0.33561132351557416,3
Women,minority,Gender,Credit & Financial Services,Credit/loan approval,Credit & Financial Services :: Credit/loan approval,0.6222222222222222,6.666666666666667,1.0,0.9791666666666666,0.0,0.047619047619047596,0.31852833429972327,0.45340357224146527,0.4439854621887207,0.44869451721509296,0.6722480281477883,0.3277519718522117,0.6955970525741577,0.3044029474258423,3
Women,minority,Gender,Criminal Justice,Arrest / detention by police,Criminal Justice :: Arrest / detention by police,0.6686507936507936,5.333333333333333,1.0,0.8643023643023643,0.0,0.26190476190476186,0.21307275692621863,0.38904229799906415,0.40447549025217694,0.39675889412562054,0.6574479745493995,0.34255202545060043,0.7135341366132101,0.28646586338679,3
Women,minority,Gender,Criminal Justice,Incarceration,Criminal Justice :: Incarceration,0.7136363636363636,7.5,1.0,0.8395833333333333,0.0,0.30952380952380953,0.1410538554191589,0.34098789095878596,0.3473900854587555,0.34418898820877075,0.6758303642272949,0.3241696357727051,0.7166991233825684,0.28330087661743164,2
Women,minority,Gender,Education,College access/admission,Education :: College access/admission,0.6923076923076923,9.0,0.9166666666666667,0.8935574229691876,0.1875,0.24285714285714285,0.21878615021705625,0.4240373373031616,0.38138458132743835,0.4027109593153,0.6952504085169898,0.3047495914830102,0.7262824475765228,0.2737175524234772,2
Women,minority,Gender,Education,Educational opportunity/access,Education :: Educational opportunity/access,0.746031746031746,6.0,1.0,1.0,0.0,0.0,0.3107956647872925,0.45770156383514404,0.4829317331314087,0.47031664848327637,0.729965249981199,0.270034750018801,0.7403835356235504,0.2596164643764496,2
Women,minority,Gender,Education,Harassment/bullying,Education :: Harassment/bullying,0.6428571428571428,4.5,0.9705882352941175,0.8854166666666667,0.04545454545454545,0.175,0.14810961484909055,0.3968604803085327,0.37649282813072205,0.3866766542196274,0.7343979179859161,0.26560208201408386,0.6802637279033661,0.3197362720966339,2
Women,minority,Gender,Employment,Hiring,Employment :: Hiring,0.75,3.0,1.0,1.0,0.0,0.0,0.4057550430297851,0.4305773973464966,0.4447311758995056,0.4376542866230011,0.6008515357971191,0.3991484642028808,0.6322246789932251,0.3677753210067749,1
Women,minority,Gender,Employment,Workplace harassment,Employment :: Workplace harassment,0.5,3.0,0.9166666666666666,0.9166666666666666,0.1428571428571428,0.1428571428571428,0.088785171508789,0.3798437118530273,0.3397887945175171,0.3598162531852722,0.6913894216219584,0.3086105783780416,0.6280071139335632,0.3719928860664367,1
Women,minority,Gender,Government Benefits,Access to government benefits,Government Benefits :: Access to government benefits,0.6190476190476191,4.333333333333333,1.0,0.9629629629629629,0.0,0.06666666666666667,0.32137564818064374,0.5414718488852183,0.4976925849914551,0.5195822169383367,0.6557750768131679,0.344224923186832,0.6717019279797872,0.32829807202021277,3
Women,minority,Gender,Government Benefits,Application/approval,Government Benefits :: Application/approval,0.6586538461538461,9.5,1.0,0.9705882352941175,0.0,0.1,0.24656826257705686,0.5245392024517059,0.49268458783626556,0.5086118951439857,0.6049598871005906,0.39504011289940943,0.6467894315719604,0.35321056842803955,2
Women,minority,Gender,Government Benefits,Benefit retention / renewal,Government Benefits :: Benefit retention / renewal,0.5882352941176471,10.0,0.9117647058823528,0.925925925925926,0.15,0.1333333333333333,0.0915818810462951,0.4394547939300537,0.4248785376548767,0.4321666657924652,0.6429769158363342,0.3570230841636658,0.6786671876907349,0.3213328123092651,1
Women,minority,Gender,Healthcare,Insurance coverage,Healthcare :: Insurance coverage,0.6666666666666666,5.0,1.0,0.95,0.0,0.0833333333333333,0.1574466228485107,0.39300844073295593,0.38572031259536743,0.3893643766641617,0.6794517561793327,0.32054824382066727,0.7169480621814728,0.2830519378185272,2
Women,minority,Gender,Healthcare,Patient safety,Healthcare :: Patient safety,0.6333333333333333,4.5,0.9285714285714286,0.7083333333333333,0.0909090909090909,0.3714285714285714,0.399320587515831,0.4461219608783722,0.4840845763683319,0.46510326862335205,0.6460798333088557,0.35392016669114434,0.6553977131843567,0.3446022868156433,2
Women,minority,Gender,Healthcare,Preventive care,Healthcare :: Preventive care,1.0,4.0,1.0,0.8333333333333334,0.0,0.2,0.2033040523529052,0.3941687345504761,0.3590429425239563,0.3766058385372162,0.6898871958255768,0.3101128041744232,0.705653965473175,0.2943460345268249,1
Women,minority,Gender,Housing,Access to housing,Housing :: Access to housing,0.6611111111111111,7.0,1.0,0.9628482972136223,0.0,0.08888888888888886,0.14241967598597202,0.3484877149264018,0.3661644458770752,0.35732608040173847,0.6520556927358032,0.3479443072641968,0.7285359700520834,0.27146402994791663,3
Women,minority,Gender,Housing,Homelessness,Housing :: Homelessness,0.6498316498316498,5.666666666666667,0.9841269841269842,0.9399509803921569,0.0303030303030303,0.11574074074074074,0.16599021355311072,0.38591233889261883,0.37238524357477826,0.37914879123369855,0.7347098127007484,0.2652901872992515,0.7051059603691101,0.2948940396308899,3
Women,minority,Gender,Housing,Housing stability,Housing :: Housing stability,0.5,4.0,0.9333333333333332,0.9230769230769232,0.125,0.125,0.0931830406188964,0.3605679273605346,0.4293030500411987,0.3949354887008667,0.6313704252243042,0.3686295747756958,0.6398317813873291,0.3601682186126709,1
cisgender people,majority,Gender Identity,Credit & Financial Services,Access to banking services,Credit & Financial Services :: Access to banking services,0.5988095238095238,5.0,1.0,0.9743589743589745,0.0,0.041666666666666664,0.345908522605896,0.6259769002596537,0.39407046635945636,0.510023683309555,0.6576755245526632,0.34232447544733685,0.6466123263041178,0.35338767369588214,3
cisgender people,majority,Gender Identity,Credit & Financial Services,Access to credit,Credit & Financial Services :: Access to credit,0.5,4.0,1.0,1.0,0.0,0.0,0.29380130767822266,0.4249868392944336,0.36533886194229126,0.3951628506183624,0.6526398807764053,0.34736011922359467,0.6743432581424713,0.3256567418575287,2
cisgender people,majority,Gender Identity,Credit & Financial Services,Credit/loan approval,Credit & Financial Services :: Credit/loan approval,0.8,4.0,1.0,1.0,0.0,0.0,0.3370105028152466,0.4291074872016907,0.419049322605133,0.4240784049034118,0.705495297908783,0.294504702091217,0.6962336301803589,0.3037663698196411,1
cisgender people,majority,Gender Identity,Criminal Justice,Arrest / detention by police,Criminal Justice :: Arrest / detention by police,0.5,10.0,0.925925925925926,0.8125,0.2222222222222222,0.5,0.1723024249076843,0.4206789135932922,0.3181717991828918,0.369425356388092,0.7003757953643799,0.2996242046356201,0.7218014001846313,0.2781985998153686,1
cisgender people,majority,Gender Identity,Criminal Justice,Incarceration,Criminal Justice :: Incarceration,0.75,3.0,1.0,0.8,0.0,0.2222222222222222,0.1277536153793335,0.3521490097045898,0.3613179922103882,0.356733500957489,0.66434379418691,0.3356562058130899,0.6954494714736938,0.3045505285263061,1
cisgender people,majority,Gender Identity,Education,Educational opportunity/access,Education :: Educational opportunity/access,0.5773809523809523,7.5,1.0,0.9428104575163399,0.0,0.12878787878787876,0.4543972313404083,0.5530040264129639,0.46868252754211426,0.5108432769775391,0.7290309433426176,0.27096905665738236,0.7271888554096222,0.2728111445903778,2
cisgender people,majority,Gender Identity,Education,Harassment/bullying,Education :: Harassment/bullying,0.7817460317460317,9.0,1.0,0.9160839160839163,0.0,0.1625,0.18417122960090637,0.45883773267269135,0.33934250473976135,0.39909011870622635,0.7974056779564201,0.2025943220435798,0.7970255613327026,0.20297443866729736,2
cisgender people,majority,Gender Identity,Employment,Career advancement,Employment :: Career advancement,0.6499999999999999,8.0,0.9444444444444444,0.9087301587301587,0.2,0.30000000000000004,0.5297745764255524,0.5776296257972717,0.4901791363954544,0.5339043810963631,0.6918200278092944,0.3081799721907056,0.7165127098560333,0.2834872901439667,2
cisgender people,majority,Gender Identity,Employment,Hiring,Employment :: Hiring,0.7142857142857143,5.0,1.0,1.0,0.0,0.0,0.4355404376983642,0.570921003818512,0.4770815968513489,0.5240013003349304,0.7290988087654113,0.2709011912345886,0.7669275403022766,0.2330724596977234,1
cisgender people,majority,Gender Identity,Employment,Workplace harassment,Employment :: Workplace harassment,0.675,3.0,0.9160839160839163,0.9115384615384616,0.1214285714285714,0.1214285714285714,0.1651137471199035,0.42533184587955475,0.29189616441726685,0.3586140051484108,0.7989299098650615,0.2010700901349385,0.7440495193004608,0.2559504806995392,2
cisgender people,majority,Gender Identity,Government Benefits,Access to government benefits,Government Benefits :: Access to government benefits,0.5333333333333333,5.666666666666667,1.0,0.8786324786324787,0.0,0.2611111111111111,0.3534802595774333,0.5636934240659078,0.4748918016751607,0.5192926128705343,0.6852406925625272,0.3147593074374728,0.6655330459276835,0.33446695407231647,3
cisgender people,majority,Gender Identity,Government Benefits,Application/approval,Government Benefits :: Application/approval,0.6445221445221446,7.666666666666667,0.967304625199362,0.8788011695906434,0.07539682539682536,0.3,0.3407130241394043,0.5271415611108144,0.4628753860791524,0.4950084735949834,0.6731706846643378,0.3268293153356623,0.671744684378306,0.3282553156216939,3
cisgender people,majority,Gender Identity,Healthcare,Insurance coverage,Healthcare :: Insurance coverage,0.5,3.0,1.0,0.8888888888888888,0.0,0.1428571428571428,0.3318245410919189,0.4770789742469787,0.3376213312149048,0.4073501527309418,0.6646151343981425,0.3353848656018575,0.5743898153305054,0.4256101846694946,1
cisgender people,majority,Gender Identity,Healthcare,Patient safety,Healthcare :: Patient safety,1.0,4.0,0.9285714285714286,0.75,0.0909090909090909,0.2857142857142857,0.2520325779914856,0.5438681244850159,0.3789109587669372,0.4613895416259765,0.6589774489402771,0.3410225510597229,0.6835839748382568,0.3164160251617431,1
cisgender people,majority,Gender Identity,Housing,Access to housing,Housing :: Access to housing,0.7142857142857143,5.0,1.0,0.75,0.0,0.3333333333333333,0.2260431051254272,0.5266807079315186,0.2338526248931884,0.3802666664123535,0.7366994142532348,0.2633005857467652,0.7534178495407104,0.2465821504592895,1
cisgender people,majority,Gender Identity,Housing,Homelessness,Housing :: Homelessness,0.6924242424242424,5.666666666666667,0.9583333333333334,0.8603341103341103,0.09523809523809523,0.22685185185185186,0.14819761117299396,0.49577796459198,0.24271760384241736,0.36924778421719867,0.7048912139402495,0.29510878605975044,0.6919732292493185,0.3080267707506816,3
heterosexual people,majority,Sexual Orientation,Credit & Financial Services,Access to banking services,Credit & Financial Services :: Access to banking services,0.7777777777777778,7.0,0.8666666666666667,0.75,0.25,0.375,0.3211333751678467,0.5449121594429016,0.3428797721862793,0.4438959658145904,0.6059171557426453,0.3940828442573547,0.6463505029678345,0.3536494970321655,1
heterosexual people,majority,Sexual Orientation,Credit & Financial Services,Access to credit,Credit & Financial Services :: Access to credit,0.8306878306878307,5.333333333333333,0.8519480519480519,0.7609427609427609,0.24603174603174596,0.4063492063492063,0.4637930989265442,0.619520902633667,0.45225287477175397,0.5358868887027105,0.6659236365840548,0.33407636341594515,0.7075892090797424,0.2924107909202575,3
heterosexual people,majority,Sexual Orientation,Credit & Financial Services,Credit/loan approval,Credit & Financial Services :: Credit/loan approval,0.7103174603174603,4.0,0.7974358974358974,0.7931623931623931,0.28679653679653677,0.28679653679653677,0.26342119773228956,0.5294551253318787,0.33321728308995563,0.4313362042109172,0.593751689294974,0.40624831070502593,0.6383326848347982,0.36166731516520184,3
heterosexual people,majority,Sexual Orientation,Criminal Justice,Arrest / detention by police,Criminal Justice :: Arrest / detention by police,0.5772058823529411,9.5,0.9383333333333332,0.7963800904977375,0.15555555555555556,0.5,0.21795746684074396,0.41081300377845764,0.336310863494873,0.3735619336366653,0.6883529062900279,0.3116470937099721,0.7407213151454926,0.2592786848545074,2
heterosexual people,majority,Sexual Orientation,Criminal Justice,Police use of force,Criminal Justice :: Police use of force,0.7142857142857143,5.0,0.9333333333333332,0.8461538461538461,0.1111111111111111,0.2222222222222222,0.128676176071167,0.4316457509994507,0.3518833518028259,0.3917645514011383,0.6448177933692932,0.3551822066307067,0.6504464745521545,0.3495535254478454,1
heterosexual people,majority,Sexual Orientation,Education,College access/admission,Education :: College access/admission,0.7,14.0,0.8333333333333334,0.8125,0.5,0.4285714285714285,0.3618361949920654,0.4759095311164856,0.4376426935195923,0.4567761123180389,0.6989780196121761,0.3010219803878239,0.7628994584083557,0.2371005415916443,1
heterosexual people,majority,Sexual Orientation,Education,Educational opportunity/access,Education :: Educational opportunity/access,0.625,5.0,1.0,0.9375,0.0,0.1,0.4412718415260315,0.532453864812851,0.5003689527511597,0.5164114087820053,0.7103882789611816,0.2896117210388184,0.7786139249801636,0.2213860750198364,1
heterosexual people,majority,Sexual Orientation,Education,Harassment/bullying,Education :: Harassment/bullying,0.625,10.0,0.9230769230769232,0.85,0.1666666666666666,0.3,0.2171521782875061,0.5313006043434143,0.3372167944908142,0.4342586994171142,0.8013227939605713,0.1986772060394287,0.8124362826347351,0.1875637173652649,1
heterosexual people,majority,Sexual Orientation,Employment,Career advancement,Employment :: Career advancement,0.6666666666666667,4.0,1.0,1.0,0.0,0.0,0.4675747752189636,0.6676295846700668,0.41815242171287537,0.5428910031914711,0.662844463189443,0.33715553681055704,0.7136423885822296,0.2863576114177704,2
heterosexual people,majority,Sexual Orientation,Employment,Workplace harassment,Employment :: Workplace harassment,0.53125,6.5,0.7697368421052632,0.71875,0.49999999999999994,0.5714285714285714,0.22104430198669428,0.550198882818222,0.3198231160640716,0.4350109994411468,0.754982725613647,0.24501727438635296,0.7281752526760101,0.2718247473239898,2
heterosexual people,majority,Sexual Orientation,Government Benefits,Access to government benefits,Government Benefits :: Access to government benefits,0.8333333333333334,5.0,0.9333333333333332,0.8181818181818181,0.1,0.25,0.373645544052124,0.6522469818592072,0.3852670192718506,0.5187570005655289,0.6938083171844482,0.3061916828155517,0.6695229411125183,0.3304770588874817,1
heterosexual people,majority,Sexual Orientation,Government Benefits,Application/approval,Government Benefits :: Application/approval,0.5,3.0,1.0,0.9,0.0,0.2,0.1564642786979675,0.5680122673511505,0.3014673590660095,0.43473981320858,0.6342242360115051,0.3657757639884949,0.6624221205711365,0.3375778794288635,1
heterosexual people,majority,Sexual Orientation,Healthcare,Insurance coverage,Healthcare :: Insurance coverage,0.5714285714285714,4.0,1.0,0.9,0.0,0.1428571428571428,0.2466663718223571,0.5985371768474579,0.2649967074394226,0.4317669421434402,0.7077734619379044,0.2922265380620956,0.7056501507759094,0.2943498492240906,1
heterosexual people,majority,Sexual Orientation,Healthcare,Patient safety,Healthcare :: Patient safety,0.5714285714285714,4.0,0.875,0.7777777777777778,0.1818181818181818,0.2857142857142857,0.3992342948913574,0.5322149693965912,0.4420036673545837,0.4871093183755874,0.668905034661293,0.3310949653387069,0.6593714952468872,0.3406285047531128,1
heterosexual people,majority,Sexual Orientation,Housing,Access to housing,Housing :: Access to housing,0.55,3.5,1.0,0.9583333333333333,0.0,0.0833333333333333,0.26468056440353394,0.49200698733329773,0.4030427038669586,0.4475248456001282,0.7171197955807049,0.28288020441929496,0.7345978915691376,0.2654021084308624,2
heterosexual people,majority,Sexual Orientation,Housing,Homelessness,Housing :: Homelessness,0.736111111111111,5.666666666666667,0.9592592592592593,0.8968253968253969,0.07792207792207789,0.17129629629629628,0.14635531107584634,0.46149932344754535,0.2543697754542032,0.35793454945087433,0.6145841105885449,0.38541588941145505,0.6338270505269369,0.36617294947306317,3
heterosexual people,majority,Sexual Orientation,Housing,Housing stability,Housing :: Housing stability,0.688095238095238,4.666666666666667,0.9565826330532213,0.8535353535353535,0.075,0.19166666666666665,0.31334282954533893,0.5615382393201193,0.3245782454808553,0.44305824240048725,0.6637828230857848,0.33621717691421504,0.6615244547526041,0.3384755452473958,3
homosexual people,minority,Sexual Orientation,Credit & Financial Services,Access to banking services,Credit & Financial Services :: Access to banking services,0.7000000000000001,5.666666666666667,1.0,1.0,0.0,0.0,0.4723125696182251,0.706454465786616,0.48827364047368366,0.5973640531301498,0.7486543311013115,0.2513456688986884,0.699649453163147,0.30035054683685297,3
homosexual people,minority,Sexual Orientation,Credit & Financial Services,Access to credit,Credit & Financial Services :: Access to credit,0.5787037037037037,5.0,1.0,0.8933621933621932,0.0,0.23650793650793647,0.3850802183151245,0.5319453477859497,0.45224058628082275,0.49209296703338623,0.7382533947626749,0.261746605237325,0.7196075916290283,0.2803924083709716,3
homosexual people,minority,Sexual Orientation,Credit & Financial Services,Credit/loan approval,Credit & Financial Services :: Credit/loan approval,0.5944444444444444,5.333333333333333,1.0,1.0,0.0,0.0,0.45084168513615924,0.5656493405501047,0.5068554480870565,0.5362523943185806,0.7071031696266599,0.29289683037334013,0.6923395395278931,0.3076604604721069,3
homosexual people,minority,Sexual Orientation,Criminal Justice,Arrest / detention by police,Criminal Justice :: Arrest / detention by police,0.6375,9.0,1.0,0.9473684210526316,0.0,0.16666666666666666,0.40848988294601435,0.5474722534418106,0.5114448517560959,0.5294585525989532,0.7826034733882317,0.21739652661176825,0.7616244554519653,0.23837554454803467,2
homosexual people,minority,Sexual Orientation,Criminal Justice,Incarceration,Criminal Justice :: Incarceration,0.6,4.666666666666667,1.0,0.8436674436674436,0.0,0.2526455026455026,0.37059829632441205,0.5543741285800934,0.42033443848292035,0.48735428353150684,0.780241640787276,0.21975835921272394,0.7803674538930258,0.21963254610697427,3
homosexual people,minority,Sexual Orientation,Criminal Justice,Police use of force,Criminal Justice :: Police use of force,0.7774891774891776,6.0,1.0,1.0,0.0,0.0,0.40533649921417236,0.6229625443617502,0.40810386339823407,0.5155332038799921,0.7667152482050437,0.23328475179495634,0.7805254459381104,0.21947455406188965,3
homosexual people,minority,Sexual Orientation,Education,College access/admission,Education :: College access/admission,0.6626984126984127,5.333333333333333,1.0,0.9220779220779222,0.0,0.12222222222222219,0.3750696182250976,0.5818743407726288,0.4386721650759379,0.5102732529242834,0.7779365364048217,0.22206346359517834,0.7765410741170248,0.22345892588297522,3
homosexual people,minority,Sexual Orientation,Education,Educational opportunity/access,Education :: Educational opportunity/access,0.6666666666666666,4.0,1.0,0.9375,0.0,0.0909090909090909,0.420974850654602,0.5235225856304169,0.5403507351875305,0.5319366604089737,0.5949007086455822,0.4050992913544178,0.6946307420730591,0.3053692579269409,1
homosexual people,minority,Sexual Orientation,Education,Harassment/bullying,Education :: Harassment/bullying,0.5484848484848485,5.666666666666667,1.0,0.8507936507936508,0.0,0.25357142857142856,0.19544494152069092,0.4957308769226074,0.3119276960690816,0.40382928649584454,0.7263221725821495,0.27367782741785046,0.7852890690167745,0.21471093098322547,3
homosexual people,minority,Sexual Orientation,Employment,Hiring,Employment :: Hiring,0.5,3.0,1.0,1.0,0.0,0.0,0.4705164432525635,0.5592626631259918,0.4830248355865478,0.5211437493562698,0.816569983959198,0.183430016040802,0.773068904876709,0.226931095123291,1
homosexual people,minority,Sexual Orientation,Employment,Workplace harassment,Employment :: Workplace harassment,0.7037037037037037,5.666666666666667,1.0,1.0,0.0,0.0,0.31194184223810834,0.5177880922953287,0.37897972265879315,0.448383907477061,0.8035094146927197,0.19649058530728017,0.7725385626157125,0.22746143738428745,3
homosexual people,minority,Sexual Orientation,Government Benefits,Access to government benefits,Government Benefits :: Access to government benefits,0.6111111111111112,4.5,1.0,0.8833333333333333,0.0,0.225,0.42919930815696716,0.612077072262764,0.474226713180542,0.543151892721653,0.7308489963412285,0.2691510036587715,0.704142838716507,0.29585716128349304,2
homosexual people,minority,Sexual Orientation,Government Benefits,Application/approval,Government Benefits :: Application/approval,0.5,3.0,1.0,0.9411764705882352,0.0,0.0833333333333333,0.3418608903884887,0.6158662736415863,0.4470929503440857,0.531479611992836,0.7042832970619202,0.2957167029380798,0.6853785514831543,0.3146214485168457,1
homosexual people,minority,Sexual Orientation,Government Benefits,Benefit retention / renewal,Government Benefits :: Benefit retention / renewal,0.5192307692307692,6.5,1.0,0.8514492753623188,0.0,0.225,0.2661240398883819,0.49587444961071014,0.45773512125015253,0.47680478543043137,0.7207669629937127,0.2792330370062873,0.639291912317276,0.36070808768272394,2
homosexual people,minority,Sexual Orientation,Healthcare,Insurance coverage,Healthcare :: Insurance coverage,0.6153846153846154,8.0,1.0,0.9285714285714286,0.0,0.1428571428571428,0.3809035420417785,0.6194897592067719,0.4084486961364746,0.5139692276716232,0.7846327424049377,0.2153672575950622,0.7054095268249512,0.2945904731750488,1
homosexual people,minority,Sexual Orientation,Healthcare,Patient safety,Healthcare :: Patient safety,0.5555555555555556,5.0,1.0,0.8090909090909091,0.0,0.4,0.5329710245132446,0.6279199570417404,0.4896373450756073,0.5587786510586739,0.7562163412570954,0.24378365874290464,0.7497642040252686,0.2502357959747314,2
homosexual people,minority,Sexual Orientation,Housing,Access to housing,Housing :: Access to housing,0.6714285714285714,6.0,1.0,1.0,0.0,0.0,0.2739027142524719,0.47491884231567383,0.40482401847839355,0.4398714303970337,0.8147603280960567,0.18523967190394322,0.7884100874265035,0.2115899125734965,3
homosexual people,minority,Sexual Orientation,Housing,Homelessness,Housing :: Homelessness,0.7555555555555555,7.333333333333333,1.0,0.9576719576719577,0.0,0.09259259259259256,0.26990012327829993,0.5607565542062124,0.3998771508534749,0.48031685252984363,0.8351507758100828,0.1648492241899172,0.8371806740760803,0.16281932592391965,3
homosexual people,minority,Sexual Orientation,Housing,Housing stability,Housing :: Housing stability,0.5423280423280423,4.0,1.0,0.9521367521367522,0.0,0.075,0.40941666563351947,0.6753741006056467,0.44738980134328205,0.5613819509744644,0.7811282247304917,0.2188717752695083,0.7739505370457967,0.22604946295420328,3
non-Latino people,majority,Ethnicity,Credit & Financial Services,Access to banking services,Credit & Financial Services :: Access to banking services,0.75,3.0,0.9090909090909092,0.9090909090909092,0.125,0.125,0.1829952001571655,0.4354934096336365,0.3617381453514099,0.3986157774925232,0.7109699447949728,0.2890300552050272,0.7583290934562683,0.2416709065437317,1
non-Latino people,majority,Ethnicity,Criminal Justice,Arrest / detention by police,Criminal Justice :: Arrest / detention by police,0.6,3.3333333333333335,0.9761904761904763,0.7269841269841271,0.03333333333333333,0.31746031746031744,0.1804485122362772,0.39607882499694824,0.3909390370051066,0.3935089310010274,0.7397816793786155,0.26021832062138445,0.7569056351979574,0.24309436480204263,3
non-Latino people,majority,Ethnicity,Criminal Justice,Incarceration,Criminal Justice :: Incarceration,0.5857142857142856,3.5,1.0,0.797979797979798,0.0,0.25396825396825395,0.14776989817619318,0.3572271168231964,0.3080314099788666,0.3326292634010315,0.7701271275679271,0.22987287243207288,0.7688348889350891,0.23116511106491083,2
non-Latino people,majority,Ethnicity,Criminal Justice,Police use of force,Criminal Justice :: Police use of force,0.6666666666666666,4.0,1.0,1.0,0.0,0.0,0.1122603416442871,0.4043188691139221,0.2166903614997863,0.3105046153068542,0.7751921117305756,0.2248078882694244,0.8003021478652954,0.1996978521347046,1
non-Latino people,majority,Ethnicity,Education,College access/admission,Education :: College access/admission,0.7384259259259259,10.0,0.9841269841269842,0.9833333333333334,0.05555555555555553,0.05555555555555553,0.17298167943954465,0.40662888685862225,0.3981029192606608,0.40236590305964154,0.7557480902680548,0.24425190973194524,0.7627196311950684,0.2372803688049316,3
non-Latino people,majority,Ethnicity,Education,Educational opportunity/access,Education :: Educational opportunity/access,0.8333333333333334,5.0,1.0,0.9333333333333332,0.0,0.1,0.3117056488990783,0.4824737310409546,0.387417197227478,0.4349454641342163,0.7378276824951172,0.2621723175048828,0.7620417475700378,0.2379582524299621,1
non-Latino people,majority,Ethnicity,Education,Harassment/bullying,Education :: Harassment/bullying,0.75,6.0,1.0,0.9333333333333332,0.0,0.1,0.2259919643402099,0.4080697298049927,0.3635680675506592,0.3858188986778259,0.7823405861854553,0.2176594138145446,0.7553853988647461,0.2446146011352539,1
non-Latino people,majority,Ethnicity,Employment,Hiring,Employment :: Hiring,0.625,5.0,1.0,1.0,0.0,0.0,0.4648129940032959,0.4735806584358215,0.4076247811317444,0.4406027197837829,0.6669374585151673,0.3330625414848327,0.6547218561172485,0.3452781438827514,1
non-Latino people,majority,Ethnicity,Employment,Workplace harassment,Employment :: Workplace harassment,0.75,3.0,0.7777777777777778,0.7777777777777778,0.2857142857142857,0.2857142857142857,0.2345085144042968,0.3079177737236023,0.2532772421836853,0.2805975079536438,0.7599038481712341,0.2400961518287658,0.6577816605567932,0.3422183394432068,1
non-Latino people,majority,Ethnicity,Government Benefits,Access to government benefits,Government Benefits :: Access to government benefits,0.5,3.0,1.0,1.0,0.0,0.0,0.3115840554237366,0.4385036826133728,0.4349188208580017,0.4367112517356872,0.7468343178431193,0.2531656821568807,0.6531916856765747,0.3468083143234253,1
non-Latino people,majority,Ethnicity,Healthcare,Insurance coverage,Healthcare :: Insurance coverage,0.5714285714285714,4.0,1.0,0.9,0.0,0.1428571428571428,0.2425678968429565,0.3915424346923828,0.3524548411369324,0.3719986379146576,0.7116503566503525,0.2883496433496475,0.71062171459198,0.28937828540802,1
non-Latino people,majority,Ethnicity,Healthcare,Patient safety,Healthcare :: Patient safety,0.5,3.0,1.0,0.875,0.0,0.2,0.3180210590362549,0.4689763188362121,0.4559766054153442,0.4624764621257782,0.705127497514089,0.294872502485911,0.7130284309387207,0.2869715690612793,1
non-Latino people,majority,Ethnicity,Housing,Access to housing,Housing :: Access to housing,0.5,3.0,1.0,1.0,0.0,0.0,0.2420259714126587,0.4714422225952148,0.3975988030433655,0.4345205128192901,0.6766853729883829,0.323314627011617,0.7613800764083862,0.2386199235916137,1
non-Latino people,majority,Ethnicity,Housing,Homelessness,Housing :: Homelessness,0.8,4.0,0.9160839160839163,0.8875,0.12698412698412695,0.14583333333333331,0.193879097700119,0.3450158238410949,0.33362168073654175,0.33931875228881836,0.7828177064657211,0.21718229353427887,0.7517214417457581,0.24827855825424192,2
non-Latino people,majority,Ethnicity,Housing,Housing stability,Housing :: Housing stability,0.5714285714285714,4.0,1.0,1.0,0.0,0.0,0.2604307532310486,0.3890203833580017,0.3942809104919433,0.3916506469249725,0.7274671196937561,0.2725328803062439,0.7455440163612366,0.2544559836387634,1
transgender people,minority,Gender Identity,Credit & Financial Services,Access to banking services,Credit & Financial Services :: Access to banking services,0.688095238095238,4.666666666666667,1.0,1.0,0.0,0.0,0.4846817155679067,0.6149539748827616,0.5674087107181549,0.5911813428004583,0.6988703767458597,0.30112962325414017,0.7069113651911417,0.2930886348088582,3
transgender people,minority,Gender Identity,Credit & Financial Services,Access to credit,Credit & Financial Services :: Access to credit,0.7666666666666666,5.333333333333333,1.0,0.9107226107226108,0.0,0.1698412698412698,0.49661538004875183,0.4765586256980896,0.5438678165276846,0.510213221112887,0.7419798076152802,0.2580201923847198,0.7457922697067261,0.2542077302932739,3
transgender people,minority,Gender Identity,Credit & Financial Services,Credit/loan approval,Credit & Financial Services :: Credit/loan approval,0.6898148148148149,5.333333333333333,1.0,0.9777777777777777,0.0,0.047619047619047596,0.5728617608547211,0.5820383628209432,0.5621569057305654,0.5720976342757543,0.6950936281964891,0.30490637180351077,0.6969800790150961,0.303019920984904,3
transgender people,minority,Gender Identity,Criminal Justice,Arrest / detention by police,Criminal Justice :: Arrest / detention by police,0.7361111111111112,5.333333333333333,1.0,0.8792207792207792,0.0,0.21428571428571422,0.3961327274640401,0.4243351419766744,0.4541946252187093,0.4392648835976918,0.7602074457539452,0.23979255424605472,0.7487132747968038,0.2512867252031962,3
transgender people,minority,Gender Identity,Criminal Justice,Incarceration,Criminal Justice :: Incarceration,0.6428571428571428,4.5,1.0,0.8333333333333333,0.0,0.2589285714285714,0.34928894042968744,0.3699082136154175,0.38480210304260254,0.37735515832900995,0.7363172113895416,0.2636827886104583,0.7429009079933167,0.2570990920066833,2
transgender people,minority,Gender Identity,Criminal Justice,Police use of force,Criminal Justice :: Police use of force,0.725,7.666666666666667,1.0,0.935749299719888,0.0,0.1263227513227513,0.42420347531636554,0.5140456954638163,0.48978229363759357,0.501913994550705,0.7409300045834648,0.25906999541653525,0.7749161322911581,0.22508386770884192,3
transgender people,minority,Gender Identity,Education,College access/admission,Education :: College access/admission,0.6299019607843137,10.333333333333334,1.0,0.9481481481481482,0.0,0.12222222222222219,0.4156441887219747,0.4500596523284912,0.5063232183456421,0.47819143533706665,0.7390354211174185,0.2609645788825815,0.7674403190612793,0.23255968093872068,3
transgender people,minority,Gender Identity,Education,Educational opportunity/access,Education :: Educational opportunity/access,0.5277777777777778,5.0,1.0,0.9337606837606838,0.0,0.1333333333333333,0.49466289579868317,0.4765702188014984,0.479042649269104,0.47780643403530115,0.7182586997747421,0.28174130022525784,0.7437869906425476,0.2562130093574524,2
transgender people,minority,Gender Identity,Education,Harassment/bullying,Education :: Harassment/bullying,0.53125,6.0,1.0,0.9321266968325792,0.0,0.1125,0.23029935359954834,0.3722999393939972,0.4300506114959717,0.40117527544498444,0.7330917173789607,0.2669082826210393,0.7492977976799011,0.2507022023200989,2
transgender people,minority,Gender Identity,Employment,Career advancement,Employment :: Career advancement,0.7489177489177489,6.333333333333333,1.0,0.9696969696969697,0.0,0.06666666666666667,0.523774137099584,0.5244131684303284,0.5157455007235209,0.5200793345769247,0.7262452929108232,0.2737547070891768,0.7073058485984802,0.2926941514015197,3
transgender people,minority,Gender Identity,Employment,Hiring,Employment :: Hiring,0.696969696969697,6.0,1.0,1.0,0.0,0.0,0.5255305916070938,0.533014252781868,0.5786677896976471,0.5558410212397575,0.802892979234457,0.19710702076554296,0.7788156569004059,0.22118434309959412,2
transgender people,minority,Gender Identity,Employment,Workplace harassment,Employment :: Workplace harassment,0.5555555555555556,5.0,1.0,1.0,0.0,0.0,0.4156560897827148,0.4453310966491699,0.3819022178649902,0.4136166572570801,0.8240672826766968,0.1759327173233031,0.7669146656990051,0.2330853343009948,1
transgender people,minority,Gender Identity,Government Benefits,Access to government benefits,Government Benefits :: Access to government benefits,0.7103174603174603,5.666666666666667,1.0,0.9440559440559442,0.0,0.09722222222222221,0.3130778471628825,0.4890339970588684,0.4697175125281016,0.479375754793485,0.6637912664148543,0.33620873358514575,0.6630951762199402,0.33690482378005976,3
transgender people,minority,Gender Identity,Government Benefits,Application/approval,Government Benefits :: Application/approval,0.7194570135746606,11.0,1.0,0.9772727272727273,0.0,0.04166666666666665,0.4518175721168518,0.5135644972324371,0.5401352345943451,0.5268498659133911,0.6795869448355266,0.3204130551644734,0.68660768866539,0.31339231133461,2
transgender people,minority,Gender Identity,Government Benefits,Benefit retention / renewal,Government Benefits :: Benefit retention / renewal,0.6522435897435898,9.666666666666666,1.0,0.9432367149758454,0.0,0.09999999999999998,0.29514749844868976,0.4858284592628479,0.5025199949741364,0.4941742271184921,0.6916444067250599,0.30835559327494017,0.6461453835169474,0.35385461648305255,3
transgender people,minority,Gender Identity,Healthcare,Insurance coverage,Healthcare :: Insurance coverage,0.5,3.0,1.0,0.9,0.0,0.1666666666666666,0.5358232855796814,0.557258129119873,0.5117321014404297,0.5344951152801514,0.6854601899782816,0.3145398100217184,0.6673793196678162,0.3326206803321838,1
transgender people,minority,Gender Identity,Healthcare,Patient safety,Healthcare :: Patient safety,0.5,5.0,1.0,0.75,0.0,0.4,0.4282267093658447,0.4586905837059021,0.4734814167022705,0.4660860002040863,0.7437997937202454,0.2562002062797546,0.6783139109611511,0.3216860890388489,1
transgender people,minority,Gender Identity,Housing,Access to housing,Housing :: Access to housing,0.7840909090909092,8.0,1.0,0.9076923076923077,0.0,0.1722222222222222,0.28710709015528363,0.41589218378067017,0.4241307775179545,0.4200114806493123,0.7652823537509277,0.23471764624907224,0.7758796215057373,0.2241203784942626,3
transgender people,minority,Gender Identity,Housing,Homelessness,Housing :: Homelessness,0.631054131054131,6.666666666666667,1.0,0.764102564102564,0.0,0.4398148148148148,0.34117454290390015,0.44797490040461224,0.44169507424036664,0.44483498732248944,0.7713879363167854,0.22861206368321463,0.7651491761207581,0.23485082387924194,3
transgender people,minority,Gender Identity,Housing,Housing stability,Housing :: Housing stability,0.6988344988344988,8.0,1.0,0.9095022624434389,0.0,0.15,0.3607327938079834,0.5292152365048727,0.4680096705754598,0.4986124535401662,0.76196355405781,0.23803644594218995,0.7668619751930237,0.23313802480697624,3
