location_slug,location,metric,dimension,n,effect,ci_low,ci_high,p_display,significant,aggregate,rank_biserial
dallas,Dallas,citation_count,Disability,21,4.2380952381,2.2857142857,6.0952380952,0.0067232346,True,False,0.8095238095
dallas,Dallas,citation_count,Ethnicity,21,4.0476190476,2.2857142857,5.8095238095,0.0067232346,True,False,0.8596491228
dallas,Dallas,citation_count,Gender,21,1.0,-0.3333333333,2.4285714286,0.4438399343,False,False,0.2554112554
dallas,Dallas,citation_count,Gender Identity,21,1.7142857143,-0.6666666667,4.2380952381,0.4438399343,False,False,0.3274853801
dallas,Dallas,citation_count,Race,21,4.0476190476,2.3333333333,5.4285714286,0.0066684607,True,False,0.8095238095
dallas,Dallas,citation_count,Sexual Orientation,21,1.0952380952,-0.7142857143,2.7142857143,0.4307451211,False,False,0.3918128655
dallas,Dallas,citation_count,Overall,21,2.6904761904761902,1.8968253968253965,3.444444444444444,0.0001401089374715527,True,True,0.948051948051948
ny,New York,citation_count,Disability,21,3.380952381,1.619047619,5.1428571429,0.0143673675,True,False,0.7571428571
ny,New York,citation_count,Ethnicity,21,1.619047619,-0.1904761905,3.2857142857,0.1150385276,False,False,0.4978354978
ny,New York,citation_count,Gender,21,1.6666666667,0.0,3.5714285714,0.1150385276,False,False,0.568627451
ny,New York,citation_count,Gender Identity,21,2.3333333333,0.0476190476,4.2857142857,0.080985624,False,False,0.5757575758
ny,New York,citation_count,Race,21,2.9047619048,1.5238095238,4.380952381,0.0095402031,True,False,0.8692810458
ny,New York,citation_count,Sexual Orientation,21,0.5238095238,-1.5238095238,2.380952381,0.4421665067,False,False,0.1952380952
ny,New York,citation_count,Overall,21,2.0714285714285716,1.3888888888888884,2.7222222222222223,0.0004167642638468993,True,True,0.8787878787878788
la,Los Angeles,citation_count,Disability,21,4.4761904762,2.9523809524,5.8571428571,0.0018678076,True,False,0.9047619048
la,Los Angeles,citation_count,Ethnicity,21,1.9523809524,0.1416666667,3.5238095238,0.0488741293,True,False,0.6368421053
la,Los Angeles,citation_count,Gender,21,2.2857142857,0.7142857143,4.0,0.0488741293,True,False,0.6608187135
la,Los Angeles,citation_count,Gender Identity,21,4.0476190476,1.1428571429,6.8095238095,0.0488741293,True,False,0.6233766234
la,Los Angeles,citation_count,Race,21,4.380952381,2.8095238095,6.1428571429,0.0006306513,True,False,0.9857142857
la,Los Angeles,citation_count,Sexual Orientation,21,1.0,-1.6666666667,3.6666666667,0.5124396226,False,False,0.1754385965
la,Los Angeles,citation_count,Overall,21,3.0238095238095237,2.0,4.015873015873017,0.00036598955867302483,True,True,0.8874458874458875
