Domain,Outcome,Definition,Programs_or_services,Source,Source URLs,How relevant is this outcome for studying how AI-generated information may differ across social groups within this domain? (1-5),Is there a cross-group comparability concern?,Notes
Healthcare,Patient safety,"Occurrence or prevention of harm associated with healthcare delivery, such as healthcare-associated infections, medication-related adverse events and other potentially preventable complications.",,"AHRQ, 2023 NHQDR, Appendix B: Patient Safety measures",https://www.ahrq.gov/sites/default/files/wysiwyg/research/findings/nhqrdr/2023-qdr-appendixb-measure-category-5.pdf,★★★★☆,,
Healthcare,Access to needed medical care,"Ability to obtain medical care when a need arises, including unmet need or delayed care. Focuses on obtaining care rather than having insurance or a regular provider.",,"ODPHP, Healthy People 2030, AHS-04: Access to needed medical care;
CDC/NCHS, Healthcare Access and Quality, Data Query System.","https://odphp.health.gov/healthypeople/objectives-and-data/browse-objectives/health-care-access-and-quality/reduce-proportion-people-who-cant-get-medical-care-when-they-need-it-ahs-04

https://www.cdc.gov/nchs/dqs/topics/healthcare-access-quality.html
",★★☆☆☆,,
Healthcare,Insurance coverage,"Having health insurance during a specified reference period, including coverage type or gaps when relevant. Coverage does not imply that needed services are accessible or affordable.",,"ODPHP, Healthy People 2030, AHS-01: Health insurance coverage",https://odphp.health.gov/healthypeople/objectives-and-data/browse-objectives/health-care-access-and-quality/increase-proportion-people-health-insurance-ahs-01,★★★☆☆,,
Healthcare,Person-centered care,"Care that respects individual needs, preferences and values, including understandable communication, respectful treatment and involvement in decisions. Focuses on the care experience rather than adverse events.",,"AHRQ, National Healthcare Quality and Disparities Report: framework and data tools
AHRQ, 2025 NCEPCR Annual Report: Person-Centered Care","https://www.ahrq.gov/data/nhqdr.html
https://www.ahrq.gov/ncepcr/reports/2025-annual-report/person-centered.html",★★★★★,,
Healthcare,Preventive care,"Receipt of recommended preventive services, such as screening, counseling and immunization, among people for whom those services are indicated.",,"ODPHP, Healthy People 2030, AHS-08: Recommended preventive health care",https://odphp.health.gov/healthypeople/objectives-and-data/browse-objectives/health-care-access-and-quality/increase-proportion-adults-who-get-recommended-evidence-based-preventive-health-care-ahs-08,★★★★★,,
Healthcare,Usual source of care,"Having a regular place or provider used when sick or seeking health advice. Refers to an ongoing care connection, rather than whether a particular episode of needed care was obtained.",,"ODPHP, Healthy People 2030, AHS-07: Usual source of care",https://odphp.health.gov/healthypeople/objectives-and-data/browse-objectives/health-care-access-and-quality/increase-proportion-people-usual-source-care-ahs-07,★★★☆☆,,
Healthcare,Affordability,"Financial ability to obtain healthcare, including care delayed or forgone because of cost and the burden of out-of-pocket expenses. Insurance ownership is a separate outcome.",,"CDC/NCHS, Healthcare Access and Quality, Data Query System;
AHRQ, National Healthcare Quality and Disparities Report: framework and data tools.","https://www.cdc.gov/nchs/dqs/topics/healthcare-access-quality.html
https://www.ahrq.gov/data/nhqdr.html
",★★★★☆,Yes,
Employment,Employment status,"A person's classification as employed, unemployed or outside the labor force at a reference time. Describes labor-market position rather than selection by a particular employer.",,"BLS, Current Population Survey: Concepts and Definitions",https://www.bls.gov/cps/definitions.htm,★☆☆☆☆,,
Employment,Employment benefits,"Availability and receipt of employer-provided nonwage benefits, such as health insurance, retirement plans and paid leave. Excludes wages and individually requested accommodations.",,"BLS, Employee Benefits Survey;
Pew Research Center, How Americans View Their Jobs (2023);
EEOC, Know Your Rights: Workplace Discrimination is Illegal.","https://www.bls.gov/ebs/

https://www.pewresearch.org/social-trends/2023/03/30/how-americans-view-their-jobs/

https://www.eeoc.gov/know-your-rights-workplace-discrimination-illegal",★★★★★,,
Employment,Labor-force participation,Being employed or actively seeking and available for work under the applicable statistical definition. The participation rate is the labor force as a share of the relevant population.,,"BLS, Current Population Survey: Concepts and Definitions",https://www.bls.gov/cps/definitions.htm,★★★☆☆,,
Employment,Wages / pay,"Monetary compensation for work, measured on a specified hourly, weekly or annual basis. Distinguishes pay levels from nonwage benefits and satisfaction with pay.",,"BLS, Current Population Survey: Concepts and Definitions;
Pew Research Center, How Americans View Their Jobs (2023);
EEOC, Know Your Rights: Workplace Discrimination is Illegal.","https://www.bls.gov/cps/definitions.htm
https://www.pewresearch.org/social-trends/2023/03/30/how-americans-view-their-jobs/
https://www.eeoc.gov/know-your-rights-workplace-discrimination-illegal",★★★★☆,,
Employment,Career advancement,"Progression to higher positions, responsibilities or pay grades within a career, including promotion opportunities and realized promotions. Excludes initial hiring.",,"EEOC, Know Your Rights: Workplace Discrimination is Illegal; Pew Research Center, How Americans View Their Jobs (2023).","https://www.eeoc.gov/know-your-rights-workplace-discrimination-illegal

https://www.pewresearch.org/social-trends/2023/03/30/how-americans-view-their-jobs/",★★★★★,,
Employment,Access to workplace accommodations,"Ability to request and obtain adjustments needed to apply for or perform a job, such as changes to equipment, schedules or communication. Distinguishes individualized adjustments from general employee benefits.",,"EEOC, Know Your Rights: Workplace Discrimination is Illegal",https://www.eeoc.gov/know-your-rights-workplace-discrimination-illegal,★★★★☆,,
Employment,Workplace harassment,"Exposure to unwelcome verbal, physical or other conduct in the workplace, including identity-related hostility or intimidation. Distinct from hiring, pay and promotion decisions.",,"EEOC, Know Your Rights: Workplace Discrimination is Illegal;
Williams Institute, LGBTQ People's Experiences of Workplace Discrimination and Harassment 2023 (2024 report).","https://www.eeoc.gov/know-your-rights-workplace-discrimination-illegal
https://williamsinstitute.law.ucla.edu/wp-content/uploads/Workplace-Discrimination-Aug-2024.pdf",★★★★★,,
Employment,Job retention,"Continued employment with the same employer over a defined interval, or separation through dismissal or layoff. Distinguishes continuity of a job from being employed somewhere at one time.",,"EEOC, Know Your Rights: Workplace Discrimination is Illegal;
BLS, Employee Tenure: statistical tables.","https://www.eeoc.gov/know-your-rights-workplace-discrimination-illegal

https://www.bls.gov/news.release/tenure.toc.htm",★☆☆☆☆,,
Employment,Hiring,"Selection into a job, including progression to an offer or employment following an application. Focuses on entry decisions rather than current employment status or later promotion.",,"EEOC, Know Your Rights: Workplace Discrimination is Illegal;
Pew Research Center, How Americans View Their Jobs (2023).","https://www.eeoc.gov/know-your-rights-workplace-discrimination-illegal
https://www.pewresearch.org/social-trends/2023/03/30/how-americans-view-their-jobs/
",★★★★★,,
Education,Educational opportunity/access,Opportunity to enroll in and participate in education at the relevant level. Focuses on entry to educational provision; selective college admission and advanced-course placement are separately specified stages.,,"U.S. Department of Education/OCR, Access to Equal Educational Opportunity;
U.S. Department of Education, 2021-22 CRDC: A First Look (2025).","https://www.ed.gov/laws-and-policy/civil-rights-laws/title-vi/title-vi-key-issues/access-equal-education-opportunity
https://www.ed.gov/media/document/2021-22-crdc-first-look-report-109194.pdf",★★★★★,,
Education,Educational attainment,Highest educational level or credential already completed by a person at the reference date. Describes accumulated education rather than completion within a specific entering cohort.,,"U.S. Census Bureau, Educational Attainment in the United States: 2024 tables",https://www.census.gov/data/tables/2024/demo/educational-attainment/cps-detailed-tables.html,★★☆☆☆,,
Education,College access/admission,"Entry to postsecondary education, with application, admission and initial enrollment treated as distinct stages. Admission refers specifically to an institution's decision on an application.",,"NCES, IPEDS Survey Methodology: Admissions, Graduation Rates and Fall Enrollment components;
U.S. Department of Education/OCR, Access to Equal Educational Opportunity.","https://nces.ed.gov/ipeds/survey-components/ipeds-survey-methodology
https://www.ed.gov/laws-and-policy/civil-rights-laws/title-vi/title-vi-key-issues/access-equal-education-opportunity",★★★★★,,
Education,Academic performance,"Achievement in an identified subject and educational level, measured using assessments or course results. Focuses on demonstrated learning rather than enrollment, credentials or persistence.",,"NCES, NAEP: Scale Scores and Achievement Levels",https://nces.ed.gov/nationsreportcard/guides/scores_achv.aspx,★★★★☆,,
Education,Advanced-course access,"Opportunity to enroll and actual enrollment in advanced or accelerated courses, such as Advanced Placement or advanced mathematics. Course availability and student participation are separate measures.",,"U.S. Department of Education, 2021-22 CRDC: A First Look (2025)",https://www.ed.gov/media/document/2021-22-crdc-first-look-report-109194.pdf,★★☆☆☆,,
Education,Student discipline,"Exposure to formal school disciplinary actions, such as suspensions, expulsions or referrals to law enforcement. Focuses on institutional sanctions rather than peer harassment.",,"U.S. Department of Education, 2021-22 CRDC: A First Look (2025)",https://www.ed.gov/media/document/2021-22-crdc-first-look-report-109194.pdf,★★★★★,,
Education,Retention/persistence,Continued enrollment toward completion across consecutive periods. Retention means return to the same institution; persistence can include continued study elsewhere. Does not mean grade repetition.,,"NCES, IPEDS Fall Enrollment component: retention rates;
NCES, IPEDS Survey Methodology: Admissions, Graduation Rates and Fall Enrollment components.","https://nces.ed.gov/ipeds/survey-components/8
https://nces.ed.gov/ipeds/survey-components/ipeds-survey-methodology",★★★☆☆,,
Education,Harassment/bullying,"Exposure to harassment or bullying in an educational setting, including conduct related to identity. Focuses on victimization experiences or reported incidents rather than the entire school climate.",,"U.S. Department of Education, 2021-22 CRDC: A First Look (2025)",https://www.ed.gov/media/document/2021-22-crdc-first-look-report-109194.pdf,★★★★★,,
Education,Completion/graduation,Completion of a specified educational program or credential within a defined period among an identified starting cohort. Distinct from highest lifetime attainment.,,"NCES, Measuring Student Success in IPEDS: GR, GR200 and OM;
NCES, IPEDS Survey Methodology: Admissions, Graduation Rates and Fall Enrollment components.","https://nces.ed.gov/ipeds/use-the-data/measuring-student-success-in-ipeds
https://nces.ed.gov/ipeds/survey-components/ipeds-survey-methodology",★★★★☆,,
Housing,Neighborhood quality,"Conditions immediately surrounding a dwelling, such as noise, litter, perceived safety and satisfaction with the neighborhood. Excludes defects inside the unit and access to an individual public service.",,"U.S. Census Bureau, AHS Table Creator Release Notes: housing and neighborhood measures;
U.S. Census Bureau, 2023 AHS Topical Content Variable Reference File.","https://www.census.gov/programs-surveys/ahs/tech-documentation/user-notes/ahs-table-creator-release-notes.html
https://www2.census.gov/programs-surveys/ahs/documentation/2023%20AHS%20Topical%20Content%20Variable%20Reference%20File.pdf",★★★★☆,,
Housing,Access to housing,"Ability to find and secure a dwelling in the rental or purchase market, including opportunities to receive information, view units and obtain an offer. Distinct from cost burden or existing ownership.",,"HUD, Housing Discrimination Against Racial and Ethnic Minorities 2012 (2013 report)",https://www.huduser.gov/portal/Publications/fairhsg/hsg_discrimination_2012.html,★★★★☆,Yes,
Housing,Rental access,"Ability to obtain rental housing, including responses to inquiries, opportunities to view available units and leasing decisions. This is the rental-market subtype of access to housing.",,"HUD, Housing Discrimination Against Racial and Ethnic Minorities 2012 (2013 report);
HUD, Paired-Testing Pilot Study of Housing Discrimination Against Same-Sex Couples and Transgender Individuals.","https://www.huduser.gov/portal/Publications/fairhsg/hsg_discrimination_2012.html
https://archives.huduser.gov/portal/publications/paired-testing-pilot-study-of-housing-discrimination-against-same-sex-couples-and-transgender-individuals.html",★★★★★,,
Housing,Housing stability,"Ability to maintain an ongoing place to live over time, including payment difficulties, forced moves or insecure tenure. Eviction is a specific pathway to instability; homelessness is a distinct housing state.",,"U.S. Census Bureau, 2023 AHS Topical Content Variable Reference File;
U.S. Census Bureau, 2024 Household Pulse Survey, Cycle 06: housing payment and eviction-likelihood tables.","https://www2.census.gov/programs-surveys/ahs/documentation/2023%20AHS%20Topical%20Content%20Variable%20Reference%20File.pdf
https://www.census.gov/data/tables/2024/demo/hhp/cycle06.html",★★★★☆,,
Housing,Homeownership,"Living in an owner-occupied dwelling or holding ownership, as defined by the measure. Describes housing tenure rather than approval of a mortgage or opportunities during housing search.",,"U.S. Census Bureau, Housing Vacancies and Homeownership: Homeownership Rates",https://www.census.gov/housing/hvs/data/rates.html,★☆☆☆☆,,
Housing,Housing affordability,"Housing costs relative to household resources, typically measured through rent or owner-cost burdens. Distinct from physical housing conditions and continuity of residence.",,"HUD, Worst Case Housing Needs: 2025 Report to Congress (2023 AHS data);
U.S. Census Bureau, About the American Housing Survey.","https://www.huduser.gov/portal/publications/Worst-Case-Housing-Needs-2025-Report-to-Congress.html
https://www.census.gov/programs-surveys/ahs/about.html",★★☆☆☆,,
Housing,Housing quality/adequacy,"Physical condition and habitability of a dwelling, including structural, plumbing, heating and other adequacy problems. Excludes surrounding-neighborhood conditions and cost burden.",,"U.S. Census Bureau, About the American Housing Survey;
HUD, Worst Case Housing Needs: 2025 Report to Congress (2023 AHS data).","https://www.census.gov/programs-surveys/ahs/about.html
https://www.huduser.gov/portal/publications/Worst-Case-Housing-Needs-2025-Report-to-Congress.html",★☆☆☆☆,,
Housing,Homelessness,"Lacking a fixed, regular and adequate nighttime residence under the selected operational definition. Measures may distinguish sheltered and unsheltered situations and point-in-time versus annual experience.",,"HUD, 2024 Annual Homelessness Assessment Report, Part 1: Point-in-Time Estimates",https://www.huduser.gov/portal/publications/2024-ahar-part-1-pit-estimates-of-homelessness.html,★★★★☆,,
Housing,Eviction risk,"Threat or perceived likelihood of losing a rented dwelling through eviction within a stated time horizon. Distinct from completed eviction, general financial strain and homelessness.",,"U.S. Census Bureau, 2024 Household Pulse Survey, Cycle 06: housing payment and eviction-likelihood tables;
U.S. Census Bureau, 2023 AHS Topical Content Variable Reference File.","https://www.census.gov/data/tables/2024/demo/hhp/cycle06.html
https://www2.census.gov/programs-surveys/ahs/documentation/2023%20AHS%20Topical%20Content%20Variable%20Reference%20File.pdf",★★★☆☆,,
Credit & Financial Services,Access to credit,"Ability to obtain borrowing when needed, including unmet credit demand and barriers that prevent an application. Broader than the lender's approval decision among submitted applications.",,"Federal Reserve, Economic Well-Being of U.S. Households in 2025: Credit (2026 report)",https://www.federalreserve.gov/publications/2026-economic-well-being-of-us-households-in-2025-credit.htm,★★★★☆,,
Credit & Financial Services,Credit score,A numerical estimate of repayment risk derived from credit-report information using a specified scoring model. Distinct from the lender's broader underwriting decision and from having a scoreable credit record.,,"CFPB, What is a credit score?",https://www.consumerfinance.gov/ask-cfpb/what-is-a-credit-score-en-315/,★★☆☆☆,,
Credit & Financial Services,Credit record availability / credit invisibility,Whether a person has a credit record and whether the available history is sufficient to generate a score. Distinguishes no record from an existing but unscoreable record and from a low score.,,"CFPB, Technical correction and update to the credit invisibles estimate (2025)",https://www.consumerfinance.gov/data-research/research-reports/technical-correction-and-update-to-the-cfpbs-credit-invisibles-estimate/,★☆☆☆☆,,
Credit & Financial Services,Credit/loan approval,"A lender's decision to approve, partially approve or deny a submitted credit application. Specify the credit product and applicants as the relevant population.",,"Federal Reserve, Economic Well-Being of U.S. Households in 2025: Credit (2026 report);
CFPB, Summary of 2023 Data on Mortgage Lending (HMDA).","https://www.federalreserve.gov/publications/2026-economic-well-being-of-us-households-in-2025-credit.htm
https://www.consumerfinance.gov/data-research/hmda/summary-of-2023-data-on-mortgage-lending/",★★★★☆,,
Credit & Financial Services,Mortgage approval,Approval or denial of an application for a home mortgage within a specified loan category. This is the mortgage-specific subtype of credit/loan approval.,,"CFPB, Summary of 2023 Data on Mortgage Lending (HMDA)",https://www.consumerfinance.gov/data-research/hmda/summary-of-2023-data-on-mortgage-lending/,★★☆☆☆,Yes,
Credit & Financial Services,Access to banking services,"Ability to obtain and use bank or credit-union services, including barriers related to cost, location, account requirements or trust. Ownership of an account is a distinct realized outcome.",,"FDIC, 2023 National Survey of Unbanked and Underbanked Households",https://www.fdic.gov/analysis/household-survey,★★★★☆,,
Credit & Financial Services,Bank account ownership,Having a checking or savings account at a bank or credit union at the reference date. Distinguishes banked from unbanked status rather than ease of accessing or using services.,,"FDIC, 2023 National Survey of Unbanked and Underbanked Households",https://www.fdic.gov/analysis/household-survey,★★☆☆☆,,
Credit & Financial Services,Use of alternative financial services,"Use of nonbank transaction services such as check cashing, money orders or remittances. For this matrix, excludes borrowing products covered under mainstream vs alternative credit use.",,"FDIC, 2023 National Survey of Unbanked and Underbanked Households",https://www.fdic.gov/analysis/household-survey,★☆☆☆☆,,
Credit & Financial Services,Credit terms / cost of borrowing,"Price and contractual conditions of offered or originated credit, including interest, fees, loan amount and repayment terms. Distinct from whether the application was approved.",,"CFPB, Summary of 2023 Data on Mortgage Lending (HMDA)",https://www.consumerfinance.gov/data-research/hmda/summary-of-2023-data-on-mortgage-lending/,★★☆☆☆,,
Credit & Financial Services,Mainstream vs alternative credit use,"Use of bank or credit-union credit compared with nonbank borrowing products such as payday, pawn, auto-title or rent-to-own credit. Restricted to borrowing products.",,"FDIC, 2023 National Survey of Unbanked and Underbanked Households",https://www.fdic.gov/analysis/household-survey,★★★☆☆,,
Criminal Justice,Arrest / detention by police,Being arrested or held in police custody during an encounter or investigation. Excludes a court's subsequent pretrial detention decision and imprisonment after conviction.,,"BJS, Police-Public Contact Survey: methodology and questionnaires
BJS, Federal Justice Statistics, 2023 (March 2025)","https://bjs.ojp.gov/data-collection/police-public-contact-survey-ppcs
https://bjs.ojp.gov/document/fjs23.pdf",★★★★★,,
Criminal Justice,Charging / prosecution decisions,Decisions about whether to prosecute a referred matter and which charges to pursue or dismiss. Distinct from police arrest and the court's determination of guilt.,,"BJS, Federal Justice Statistics Program: case-processing framework;
BJS, Federal Justice Statistics, 2023 (March 2025).","https://bjs.ojp.gov/programs/federal-justice-statistics-program
https://bjs.ojp.gov/document/fjs23.pdf",★★★☆☆,,
Criminal Justice,Pretrial detention / release,"Whether an accused person remains in custody or is released while the case is pending, including conditions of release. Distinct from police custody at arrest and punishment following conviction.",,"BJS, Felony Defendants in Large Urban Counties, 2009: Statistical Tables (2013);
BJS, Federal Justice Statistics, 2023 (March 2025);
BJS, Public Defense: access to representation and data collections.","https://bjs.ojp.gov/library/publications/felony-defendants-large-urban-counties-2009-statistical-tables
https://bjs.ojp.gov/document/fjs23.pdf

https://bjs.ojp.gov/topics/courts/public-defense",★★★★★,,
Criminal Justice,Incarceration,"Being confined in a jail or prison during a specified period or reference date. Distinguish the number currently confined from admissions, time served and sentencing decisions.",,"BJS, Correctional Populations in the United States, 2023: Statistical Tables;
U.S. Sentencing Commission, Individuals in the Federal Bureau of Prisons.","https://bjs.ojp.gov/library/publications/correctional-populations-united-states-2023-statistical-tables
https://www.ussc.gov/research/quick-facts/individuals-federal-bureau-prisons",★★★★★,,
Criminal Justice,Police-initiated contact,"An encounter initiated by police, including approaches, traffic or street stops and arrests. Refers to whether and how contact begins rather than the outcome of a later court process.",,"BJS, Police-Public Contact Survey: methodology and questionnaires",https://bjs.ojp.gov/data-collection/police-public-contact-survey-ppcs,★★★★★,,
Criminal Justice,Conviction / adjudication outcome,"Disposition of a criminal case, including conviction, acquittal or dismissal, with pleas and trials distinguished when relevant. Excludes sentence type and duration.",,"BJS, Felony Defendants in Large Urban Counties, 2009: Statistical Tables (2013);
BJS, Federal Justice Statistics, 2023 (March 2025).
","https://bjs.ojp.gov/library/publications/felony-defendants-large-urban-counties-2009-statistical-tableshttps://bjs.ojp.gov/document/fjs23.pdf

https://bjs.ojp.gov/topics/courts/public-defense",★★☆☆☆,,
Criminal Justice,Probation/parole supervision,"Being subject to community correctional supervision, distinguishing probation from post-prison parole or other release supervision. Excludes confinement in jail or prison.",,"BJS, Correctional Populations in the United States, 2023: Statistical Tables",https://bjs.ojp.gov/library/publications/correctional-populations-united-states-2023-statistical-tables,★★☆☆☆,,
Criminal Justice,Sentencing outcomes,"Type and severity of the sanction imposed after conviction, including imprisonment, probation and sentence length. Distinct from case disposition and the stock of people incarcerated.",,"U.S. Sentencing Commission, 2025 Federal Sentencing Statistics;
BJS, Felony Defendants in Large Urban Counties, 2009: Statistical Tables (2013).","https://www.ussc.gov/research/data-reports/geography/2025-federal-sentencing-statistics
https://bjs.ojp.gov/library/publications/felony-defendants-large-urban-counties-2009-statistical-tables",★★★★★,,
Criminal Justice,Traffic/street stops,"Being stopped by police while driving, riding in a vehicle or in a public place, with the encounter type specified. A narrower subtype of police-initiated contact.",,"BJS, Police-Public Contact Survey: methodology and questionnaires",https://bjs.ojp.gov/data-collection/police-public-contact-survey-ppcs,★★★★★,,
Criminal Justice,Police use of force,"Experience of threatened or actual physical force by police during an encounter, with type and severity specified. Distinct from contact or arrest alone.",,"BJS, Police-Public Contact Survey: methodology and questionnaires",https://bjs.ojp.gov/data-collection/police-public-contact-survey-ppcs,★★★★★,,
Government Benefits,Program participation / receipt,Actual enrollment in or receipt of benefits from a named program during a defined period. Distinct from eligibility and approval without subsequent receipt.,SNAP; SSI; TANF; Medicaid/CHIP,"U.S. Census Bureau, Survey of Income and Program Participation;
SSA, SSI Annual Statistical Report, 2024.","https://www.census.gov/programs-surveys/sipp.html
https://www.ssa.gov/policy/docs/statcomps/ssi_asr/2024/",★★☆☆☆,,
Government Benefits,Application/approval,Progression from submitting an application to an approval or denial decision for a named benefit. Application submission and approval conditional on application must be treated as distinct indicators. Rules differ across programs and cannot be transferred between programs.,SSI; Medicaid/CHIP,"SSA, SSI Annual Statistical Report, 2024: Outcomes of Applications for Disability Benefits;
CMS, Medicaid and CHIP Eligibility Operations and Enrollment Snapshot.","https://www.ssa.gov/policy/docs/statcomps/ssi_asr/2024/sect10.html
https://www.medicaid.gov/medicaid-and-chip-eligibility-operations-and-enrollment-snapshot",★★★★☆,,
Government Benefits,Access to government benefits,"Ability of an eligible person to navigate the process and obtain an available benefit. An umbrella construct spanning information, application and receipt; these stages are separately defined below.",SNAP; SSI; TANF; Medicaid/CHIP,"GAO, Administrative Burden: OMB Should Update Instructions to Help Agency Assessment Efforts (GAO-25-107239, 2025);
U.S. Census Bureau, Survey of Income and Program Participation.","https://www.gao.gov/products/gao-25-107239
https://www.census.gov/programs-surveys/sipp.html",★★★★☆,,
Government Benefits,Benefit eligibility,"Meeting a named benefit program's substantive eligibility criteria at a specified time, such as income, resources, age or disability requirements. Distinct from knowing the rules, applying or being awarded a benefit. Rules differ across programs and cannot be transferred between programs.",SSI; SNAP; TANF; Medicaid/CHIP,"SSA, Understanding SSI: Eligibility Requirements",https://www.ssa.gov/ssi/text-eligibility-ussi.htm,★★☆☆☆,,
Government Benefits,Awareness of benefits,Knowledge that a benefit exists and understanding of its basic eligibility rules and application route. Distinct from actually meeting eligibility criteria or receiving a benefit.,SNAP; SSI; TANF; Medicaid/CHIP,"GAO, Administrative Burden: OMB Should Update Instructions to Help Agency Assessment Efforts (GAO-25-107239, 2025)",https://www.gao.gov/products/gao-25-107239,★☆☆☆☆,,
Government Benefits,Benefit retention / renewal,"Continuation of an existing benefit through redetermination or renewal, including termination or interruption. Distinct from the outcome of an initial application. Rules differ across programs and cannot be transferred between programs.",SSI; Medicaid/CHIP,"CMS, Medicaid and CHIP Eligibility Operations and Enrollment Snapshot;
SSA, SSI Annual Statistical Report, 2024.","https://www.medicaid.gov/medicaid-and-chip-eligibility-operations-and-enrollment-snapshot
https://www.ssa.gov/policy/docs/statcomps/ssi_asr/2024/",★★★★☆,,
Government Benefits,Timeliness of benefit determination,"Elapsed time from application submission to an eligibility or award decision. Excludes the interval from approval to first payment, which requires a different measure. Rules differ across programs and cannot be transferred between programs.",Medicaid MAGI; CHIP,"CMS, Medicaid MAGI and CHIP Application Processing Time Report;
CMS, Medicaid and CHIP Eligibility Operations and Enrollment Snapshot.","https://www.medicaid.gov/state-overviews/medicaid-modified-adjusted-gross-income-childrens-health-insurance-program-application-processing-time-report
https://www.medicaid.gov/medicaid-and-chip-eligibility-operations-and-enrollment-snapshot",★☆☆☆☆,,
Government Benefits,Administrative burden,"Time, effort and psychological costs required to learn about, apply for or retain a benefit. Distinguishes the burden imposed by the process from eligibility or its final decision.",SNAP; SSI; TANF; Medicaid/CHIP,"GAO, Administrative Burden: OMB Should Update Instructions to Help Agency Assessment Efforts (GAO-25-107239, 2025)",https://www.gao.gov/products/gao-25-107239,★★★★☆,,