model,term,estimate,std_error,ci_low,ci_high,p_value,scale,odds_ratio,n_responses,n_outcomes,model_specification
veridicality_score,Intercept,0.5616619160644275,0.25317485048735827,0.06543920910920531,1.0578846230196497,0.02652250547677387,score,,204,21,outcome fixed effects; condition by dimension cell effects; outcome-cluster sandwich SE
veridicality_score,"C(condition_cell, Treatment(reference=""People""))[T.Race::Minority]",-0.4267961095121086,0.3268163972585194,-1.0673562481388066,0.21376402911458942,0.1915797228112185,score,,204,21,outcome fixed effects; condition by dimension cell effects; outcome-cluster sandwich SE
veridicality_score,"C(condition_cell, Treatment(reference=""People""))[T.Race::Majority]",-0.5403892325724826,0.3517151560410851,-1.2297509384130094,0.1489724732680442,0.12443050396271961,score,,204,21,outcome fixed effects; condition by dimension cell effects; outcome-cluster sandwich SE
veridicality_score,"C(condition_cell, Treatment(reference=""People""))[T.Ethnicity::Minority]",-0.19029587318844726,0.3449013182786438,-0.866302457014589,0.4857107106376945,0.5811264610243712,score,,204,21,outcome fixed effects; condition by dimension cell effects; outcome-cluster sandwich SE
veridicality_score,"C(condition_cell, Treatment(reference=""People""))[T.Ethnicity::Majority]",0.053862480132014084,0.3283641838315596,-0.5897313201778427,0.6974562804418709,0.86970536207875,score,,204,21,outcome fixed effects; condition by dimension cell effects; outcome-cluster sandwich SE
veridicality_score,"C(condition_cell, Treatment(reference=""People""))[T.Gender::Minority]",-0.14140163442170137,0.3452133581882519,-0.8180198164706751,0.5352165476272723,0.6820946300727793,score,,204,21,outcome fixed effects; condition by dimension cell effects; outcome-cluster sandwich SE
veridicality_score,"C(condition_cell, Treatment(reference=""People""))[T.Gender::Majority]",-0.4302587558046844,0.3763039894621142,-1.167814575150428,0.30729706354105935,0.25288052139357775,score,,204,21,outcome fixed effects; condition by dimension cell effects; outcome-cluster sandwich SE
veridicality_score,"C(condition_cell, Treatment(reference=""People""))[T.Disability::Minority]",-0.14387706394874936,0.3451691188098074,-0.8204085368159718,0.5326544089184732,0.6768022908869946,score,,204,21,outcome fixed effects; condition by dimension cell effects; outcome-cluster sandwich SE
veridicality_score,"C(condition_cell, Treatment(reference=""People""))[T.Disability::Majority]",0.29271591331087443,0.3098908283085919,-0.3146701101739656,0.9001019367957145,0.34487460289843563,score,,204,21,outcome fixed effects; condition by dimension cell effects; outcome-cluster sandwich SE
veridicality_score,"C(condition_cell, Treatment(reference=""People""))[T.Sexual Orientation::Minority]",-0.40660167956670895,0.2850962190682379,-0.9653902689404552,0.15218690980703736,0.15381319879077893,score,,204,21,outcome fixed effects; condition by dimension cell effects; outcome-cluster sandwich SE
veridicality_score,"C(condition_cell, Treatment(reference=""People""))[T.Sexual Orientation::Majority]",-0.3920695005698974,0.4261902045551492,-1.2274023014979898,0.44326330035819506,0.35760401170384426,score,,204,21,outcome fixed effects; condition by dimension cell effects; outcome-cluster sandwich SE
veridicality_score,"C(condition_cell, Treatment(reference=""People""))[T.Gender Identity::Minority]",-0.22292982558899532,0.32369849015285734,-0.8573788662885957,0.4115192151106051,0.4910146518241362,score,,204,21,outcome fixed effects; condition by dimension cell effects; outcome-cluster sandwich SE
veridicality_score,"C(condition_cell, Treatment(reference=""People""))[T.Gender Identity::Majority]",-0.13879522862308702,0.35313577955480174,-0.8309413565504984,0.5533508993043244,0.6942925695663937,score,,204,21,outcome fixed effects; condition by dimension cell effects; outcome-cluster sandwich SE
veridicality_score,C(item_id)[T.Credit & Financial Services :: Access to credit],0.34763234059808473,0.0451231694326932,0.2591909285100061,0.4360737526861634,1.3179308103888244e-14,score,,204,21,outcome fixed effects; condition by dimension cell effects; outcome-cluster sandwich SE
veridicality_score,C(item_id)[T.Credit & Financial Services :: Credit/loan approval],0.11234836098716428,0.04983077146768531,0.014680048910501065,0.21001667306382749,0.024158568952656192,score,,204,21,outcome fixed effects; condition by dimension cell effects; outcome-cluster sandwich SE
veridicality_score,C(item_id)[T.Criminal Justice :: Arrest / detention by police],-0.29562739060525983,0.0426710614770962,-0.3792626711003684,-0.2119921101101513,4.266708383883256e-12,score,,204,21,outcome fixed effects; condition by dimension cell effects; outcome-cluster sandwich SE
veridicality_score,C(item_id)[T.Criminal Justice :: Incarceration],0.06661180714712447,0.030679611054305746,0.00647976948068521,0.12674384481356374,0.029915477063861703,score,,204,21,outcome fixed effects; condition by dimension cell effects; outcome-cluster sandwich SE
veridicality_score,C(item_id)[T.Criminal Justice :: Police use of force],-0.5142472307092313,0.019373025639113733,-0.5522183609618943,-0.4762761004565684,2.9727501777503593e-155,score,,204,21,outcome fixed effects; condition by dimension cell effects; outcome-cluster sandwich SE
veridicality_score,C(item_id)[T.Education :: College access/admission],-0.04570254792306651,0.031181264919330577,-0.10681782716495444,0.01541273131882142,0.14272856632465558,score,,204,21,outcome fixed effects; condition by dimension cell effects; outcome-cluster sandwich SE
veridicality_score,C(item_id)[T.Education :: Educational opportunity/access],0.42342876707165544,0.041103101750701365,0.3428666876402808,0.5039908465030302,6.928048119920079e-25,score,,204,21,outcome fixed effects; condition by dimension cell effects; outcome-cluster sandwich SE
veridicality_score,C(item_id)[T.Education :: Harassment/bullying],-0.1501213696292232,0.04270750857985842,-0.2338280864457457,-0.0664146528127007,0.0004395804332910768,score,,204,21,outcome fixed effects; condition by dimension cell effects; outcome-cluster sandwich SE
veridicality_score,C(item_id)[T.Employment :: Career advancement],0.34454996921147457,0.04505022664946253,0.256251524978528,0.43284841344442115,2.0392373303381068e-14,score,,204,21,outcome fixed effects; condition by dimension cell effects; outcome-cluster sandwich SE
veridicality_score,C(item_id)[T.Employment :: Hiring],-0.28336509779930263,0.02993549381400936,-0.342038665674761,-0.22469152992384428,2.9116410466802132e-21,score,,204,21,outcome fixed effects; condition by dimension cell effects; outcome-cluster sandwich SE
veridicality_score,C(item_id)[T.Employment :: Workplace harassment],0.24494299988084808,0.04604222662960196,0.15470023568682822,0.33518576407486794,1.0378764174567996e-07,score,,204,21,outcome fixed effects; condition by dimension cell effects; outcome-cluster sandwich SE
veridicality_score,C(item_id)[T.Government Benefits :: Access to government benefits],-0.5056990470306465,0.08100209168587127,-0.6644631467349542,-0.3469349473263388,4.291556172087424e-10,score,,204,21,outcome fixed effects; condition by dimension cell effects; outcome-cluster sandwich SE
veridicality_score,C(item_id)[T.Government Benefits :: Application/approval],-0.1691698268151569,0.033231107658545034,-0.23430279782590518,-0.10403685580440865,3.5673121089042013e-07,score,,204,21,outcome fixed effects; condition by dimension cell effects; outcome-cluster sandwich SE
veridicality_score,C(item_id)[T.Government Benefits :: Benefit retention / renewal],-0.2905485517262184,0.03865485292338371,-0.3663120634560505,-0.21478503999638632,5.626931753543756e-14,score,,204,21,outcome fixed effects; condition by dimension cell effects; outcome-cluster sandwich SE
veridicality_score,C(item_id)[T.Healthcare :: Insurance coverage],0.304859888314279,0.060820295729208496,0.18565210868503035,0.4240676679435277,5.373584449764168e-07,score,,204,21,outcome fixed effects; condition by dimension cell effects; outcome-cluster sandwich SE
veridicality_score,C(item_id)[T.Healthcare :: Patient safety],0.3153453116773981,0.06299167676980325,0.19188162520858373,0.43880899814621244,5.553164627037168e-07,score,,204,21,outcome fixed effects; condition by dimension cell effects; outcome-cluster sandwich SE
veridicality_score,C(item_id)[T.Healthcare :: Preventive care],0.08775709710919585,0.03941067335031963,0.010512177342569387,0.16500201687582233,0.025965038358145495,score,,204,21,outcome fixed effects; condition by dimension cell effects; outcome-cluster sandwich SE
veridicality_score,C(item_id)[T.Housing :: Access to housing],0.4081471470956254,0.03809148389539523,0.33348783866065074,0.48280645553060003,8.663348837308553e-27,score,,204,21,outcome fixed effects; condition by dimension cell effects; outcome-cluster sandwich SE
veridicality_score,C(item_id)[T.Housing :: Homelessness],0.5410182185274308,0.07399231412837493,0.395993282835816,0.6860431542190457,2.635550007533353e-13,score,,204,21,outcome fixed effects; condition by dimension cell effects; outcome-cluster sandwich SE
veridicality_score,C(item_id)[T.Housing :: Housing stability],-0.09668853030232472,0.041899759405160504,-0.1788120587364393,-0.014565001868210123,0.021020536882690295,score,,204,21,outcome fixed effects; condition by dimension cell effects; outcome-cluster sandwich SE
