outcome_id,domain,outcome,dimension,condition,group,explicit_doc_id,generic_doc_id,dense_distance_raw,dense_distance_subject_normalized,tfidf_distance_subject_normalized,generic_coverage_similarity,generic_coverage_distance,group_to_generic_similarity,group_novelty_distance,symmetric_sentence_distance,generic_coverage_rate_075,group_matched_rate_075,explicit_words,generic_words,signed_word_difference,abs_word_difference,word_length_ratio,abs_log_word_ratio
Credit & Financial Services :: Access to banking services,Credit & Financial Services,Access to banking services,Race,minority,Black people,0,11,0.2607397437095642,0.2607397437095642,0.8530554438720757,0.4931938648223877,0.5068061351776123,0.5524600148200989,0.4475399851799011,0.4771730601787567,0.0,0.0,246,214,32,32,1.1495327102803738,0.13935552091051134
Credit & Financial Services :: Access to banking services,Credit & Financial Services,Access to banking services,Ethnicity,minority,Latino people,1,11,0.2676558494567871,0.2676558494567871,0.8554010902526831,0.48886314034461975,0.5111368596553802,0.4966071844100952,0.5033928155899048,0.5072648376226425,0.0,0.0,174,214,-40,40,0.8130841121495327,0.2069207158073225
Credit & Financial Services :: Access to banking services,Credit & Financial Services,Access to banking services,Gender,majority,Men,2,11,0.18423700332641602,0.11326462030410767,0.7647525729346223,0.6035987138748169,0.3964012861251831,0.6543769836425781,0.3456230163574219,0.3710121512413025,0.23809523809523808,0.2777777777777778,242,214,28,28,1.1308411214953271,0.12296171113483492
Credit & Financial Services :: Access to banking services,Credit & Financial Services,Access to banking services,Disability,minority,People with disabilities,3,11,0.251575231552124,0.12650907039642334,0.8420554944287806,0.5175684690475464,0.4824315309524536,0.5615730881690979,0.4384269118309021,0.46042922139167786,0.09523809523809523,0.1111111111111111,230,214,16,16,1.074766355140187,0.0721032939013439
Credit & Financial Services :: Access to banking services,Credit & Financial Services,Access to banking services,Disability,majority,People without disabilities,4,11,0.11610877513885498,0.11610877513885498,0.7623455007573596,0.5803090333938599,0.41969096660614014,0.6003109812736511,0.3996890187263489,0.4096899926662445,0.047619047619047616,0.041666666666666664,182,214,-32,32,0.8504672897196262,0.16196932794505614
Credit & Financial Services :: Access to banking services,Credit & Financial Services,Access to banking services,Race,majority,White people,5,11,0.32188236713409424,0.3218824863433838,0.8695153409171305,0.4852490723133087,0.5147509276866913,0.5449357628822327,0.45506423711776733,0.4849075824022293,0.0,0.0,191,214,-23,23,0.8925233644859814,0.11370258697522156
Credit & Financial Services :: Access to banking services,Credit & Financial Services,Access to banking services,Gender,minority,Women,6,11,0.2635190486907959,0.20594370365142822,0.8529392071877007,0.5719428658485413,0.42805713415145874,0.5284297466278076,0.4715702533721924,0.44981369376182556,0.09523809523809523,0.09090909090909091,215,214,1,1,1.0046728971962617,0.004662013105811371
Credit & Financial Services :: Access to banking services,Credit & Financial Services,Access to banking services,Gender Identity,majority,cisgender people,7,11,0.34344565868377686,0.34344565868377686,0.8788162975720111,0.48688411712646484,0.5131158828735352,0.5714909434318542,0.42850905656814575,0.47081246972084045,0.0,0.0,157,214,-57,57,0.7336448598130841,0.30973020967354337
Credit & Financial Services :: Access to banking services,Credit & Financial Services,Access to banking services,Sexual Orientation,majority,heterosexual people,8,11,0.26466047763824463,0.23162949085235596,0.803330732656254,0.5911766290664673,0.4088233709335327,0.6129868626594543,0.38701313734054565,0.3979182541370392,0.09523809523809523,0.09523809523809523,245,214,31,31,1.144859813084112,0.13528219552287546
Credit & Financial Services :: Access to banking services,Credit & Financial Services,Access to banking services,Sexual Orientation,minority,homosexual people,9,11,0.48039329051971436,0.4803932309150696,0.9036303849860415,0.4325753152370453,0.5674246847629547,0.4508601427078247,0.5491398572921753,0.558282271027565,0.0,0.0,189,214,-25,25,0.883177570093458,0.12422899996220906
Credit & Financial Services :: Access to banking services,Credit & Financial Services,Access to banking services,Ethnicity,majority,non-Latino people,10,11,0.2409595251083374,0.2409595251083374,0.8344925206475613,0.5188177824020386,0.4811822175979614,0.5686397552490234,0.43136024475097656,0.456271231174469,0.047619047619047616,0.06666666666666667,208,214,-6,6,0.9719626168224299,0.028437935320533514
Credit & Financial Services :: Access to banking services,Credit & Financial Services,Access to banking services,Gender Identity,minority,transgender people,12,11,0.4435088038444519,0.4435088634490967,0.9139468838820647,0.42577311396598816,0.5742268860340118,0.43192559480667114,0.5680744051933289,0.5711506456136703,0.0,0.0,192,214,-22,22,0.897196261682243,0.10848064299406995
Credit & Financial Services :: Access to credit,Credit & Financial Services,Access to credit,Race,minority,Black people,13,24,0.22072666883468628,0.20131266117095947,0.8831845444725093,0.4907895624637604,0.5092104375362396,0.5394523739814758,0.46054762601852417,0.4848790317773819,0.05263157894736842,0.13333333333333333,151,248,-97,97,0.6088709677419355,0.49614890935005784
Credit & Financial Services :: Access to credit,Credit & Financial Services,Access to credit,Ethnicity,minority,Latino people,14,24,0.20357787609100342,0.20357787609100342,0.8317336241360003,0.5969012975692749,0.4030987024307251,0.6022033095359802,0.3977966904640198,0.40044769644737244,0.10526315789473684,0.07692307692307693,280,248,32,32,1.1290322580645162,0.12136085700426753
Credit & Financial Services :: Access to credit,Credit & Financial Services,Access to credit,Gender,majority,Men,15,24,0.1681654453277588,0.11888670921325684,0.7689856216393477,0.5811452865600586,0.4188547134399414,0.7041507363319397,0.2958492636680603,0.35735198855400085,0.15789473684210525,0.3076923076923077,186,248,-62,62,0.75,0.2876820724517809
Credit & Financial Services :: Access to credit,Credit & Financial Services,Access to credit,Disability,minority,People with disabilities,16,24,0.3359343409538269,0.20206177234649658,0.9254173550674659,0.5213269591331482,0.4786730408668518,0.5623512864112854,0.4376487135887146,0.4581608772277832,0.05263157894736842,0.058823529411764705,200,248,-48,48,0.8064516129032258,0.21511137961694557
Credit & Financial Services :: Access to credit,Credit & Financial Services,Access to credit,Disability,majority,People without disabilities,17,24,0.44374632835388184,0.4099963903427124,0.8234249277905047,0.5132688283920288,0.4867311716079712,0.5014344453811646,0.49856555461883545,0.4926483631134033,0.10526315789473684,0.125,119,248,-129,129,0.4798387096774194,0.7343052530534527
Credit & Financial Services :: Access to credit,Credit & Financial Services,Access to credit,Race,majority,White people,18,24,0.2978101968765259,0.2978101968765259,0.8816679498493304,0.5304097533226013,0.4695902466773987,0.5816222429275513,0.41837775707244873,0.4439840018749237,0.05263157894736842,0.07142857142857142,151,248,-97,97,0.6088709677419355,0.49614890935005784
Credit & Financial Services :: Access to credit,Credit & Financial Services,Access to credit,Gender,minority,Women,19,24,0.25180894136428833,0.20100605487823486,0.8684553024102885,0.5628783702850342,0.4371216297149658,0.5639289617538452,0.4360710382461548,0.4365963339805603,0.15789473684210525,0.1111111111111111,232,248,-16,16,0.9354838709677419,0.06669137449867228
Credit & Financial Services :: Access to credit,Credit & Financial Services,Access to credit,Gender Identity,majority,cisgender people,20,24,0.2770134210586548,0.2770134210586548,0.7498802159429274,0.6369307041168213,0.3630692958831787,0.6430028080940247,0.35699719190597534,0.360033243894577,0.21052631578947367,0.26666666666666666,164,248,-84,84,0.6612903225806451,0.4135623183407838
Credit & Financial Services :: Access to credit,Credit & Financial Services,Access to credit,Sexual Orientation,majority,heterosexual people,21,24,0.5381219983100891,0.5381219983100891,0.9867030623769064,0.34798285365104675,0.6520171463489532,0.4071215093135834,0.5928784906864166,0.6224478185176849,0.0,0.0,243,248,-5,5,0.9798387096774194,0.0203673028244337
Credit & Financial Services :: Access to credit,Credit & Financial Services,Access to credit,Sexual Orientation,minority,homosexual people,22,24,0.33161717653274536,0.33161717653274536,0.9025169104254032,0.538884162902832,0.46111583709716797,0.544812023639679,0.45518797636032104,0.4581519067287445,0.05263157894736842,0.058823529411764705,220,248,-28,28,0.8870967741935484,0.11980119981262065
Credit & Financial Services :: Access to credit,Credit & Financial Services,Access to credit,Ethnicity,majority,non-Latino people,23,24,0.19812554121017456,0.19812554121017456,0.8759469644723379,0.5471024513244629,0.4528975486755371,0.584342896938324,0.415657103061676,0.43427732586860657,0.05263157894736842,0.06666666666666667,187,248,-61,61,0.7540322580645161,0.2823201293103956
Credit & Financial Services :: Access to credit,Credit & Financial Services,Access to credit,Gender Identity,minority,transgender people,25,24,0.46792733669281006,0.42976462841033936,0.9125049936170001,0.49177002906799316,0.5082299709320068,0.47519147396087646,0.5248085260391235,0.5165192484855652,0.05263157894736842,0.0625,203,248,-45,45,0.8185483870967742,0.20022276712319478
Credit & Financial Services :: Credit/loan approval,Credit & Financial Services,Credit/loan approval,Race,minority,Black people,26,37,0.42961180210113525,0.42961180210113525,0.8630918606278105,0.4894197881221771,0.5105802118778229,0.49340853095054626,0.5065914690494537,0.5085858404636383,0.04,0.06666666666666667,202,219,-17,17,0.9223744292237442,0.08080403241529611
Credit & Financial Services :: Credit/loan approval,Credit & Financial Services,Credit/loan approval,Ethnicity,minority,Latino people,27,37,0.40442997217178345,0.40442997217178345,0.8103696720420722,0.46606114506721497,0.533938854932785,0.5691330432891846,0.43086695671081543,0.48240290582180023,0.04,0.1111111111111111,258,219,39,39,1.178082191780822,0.16388785510511664
Credit & Financial Services :: Credit/loan approval,Credit & Financial Services,Credit/loan approval,Gender,majority,Men,28,37,0.2280205488204956,0.2369648814201355,0.6453365486387437,0.5586122274398804,0.44138777256011963,0.65949547290802,0.34050452709198,0.3909461498260498,0.12,0.15789473684210525,183,219,-36,36,0.8356164383561644,0.17958557697507987
Credit & Financial Services :: Credit/loan approval,Credit & Financial Services,Credit/loan approval,Disability,minority,People with disabilities,29,37,0.3380606174468994,0.2674645185470581,0.7270262925220586,0.5855787992477417,0.4144212007522583,0.5664864182472229,0.4335135817527771,0.4239673912525177,0.16,0.17391304347826086,307,219,88,88,1.4018264840182648,0.3377760177706963
Credit & Financial Services :: Credit/loan approval,Credit & Financial Services,Credit/loan approval,Disability,majority,People without disabilities,30,37,0.7509389519691467,0.7509389519691467,0.9812693590058521,0.2624981999397278,0.7375018000602722,0.2285027951002121,0.7714972048997879,0.7544995024800301,0.0,0.0,145,219,-74,74,0.6621004566210046,0.41233798739592636
Credit & Financial Services :: Credit/loan approval,Credit & Financial Services,Credit/loan approval,Race,majority,White people,31,37,0.3495362401008606,0.3495362401008606,0.7269119257676485,0.6007169485092163,0.3992830514907837,0.583636999130249,0.416363000869751,0.40782302618026733,0.2,0.20833333333333334,184,219,-35,35,0.8401826484018264,0.17413597220751525
Credit & Financial Services :: Credit/loan approval,Credit & Financial Services,Credit/loan approval,Gender,minority,Women,32,37,0.345578670501709,0.300345242023468,0.8675348026767649,0.5542258620262146,0.4457741379737854,0.5598580837249756,0.4401419162750244,0.4429580271244049,0.16,0.13043478260869565,279,219,60,60,1.273972602739726,0.2421400520048648
Credit & Financial Services :: Credit/loan approval,Credit & Financial Services,Credit/loan approval,Gender Identity,majority,cisgender people,33,37,0.3370105028152466,0.3370105028152466,0.7444815815074186,0.5708925127983093,0.4291074872016907,0.5809506773948669,0.41904932260513306,0.42407840490341187,0.16,0.2,176,219,-43,43,0.8036529680365296,0.21858773477834909
Credit & Financial Services :: Credit/loan approval,Credit & Financial Services,Credit/loan approval,Sexual Orientation,majority,heterosexual people,34,37,0.22238945960998535,0.22238945960998535,0.6086428133878634,0.6598072648048401,0.3401927351951599,0.7396973967552185,0.2603026032447815,0.3002476692199707,0.32,0.4,178,219,-41,41,0.8127853881278538,0.20728817952441572
Credit & Financial Services :: Credit/loan approval,Credit & Financial Services,Credit/loan approval,Sexual Orientation,minority,homosexual people,35,37,0.37717926502227783,0.37717926502227783,0.7818203100657626,0.5762805938720703,0.4237194061279297,0.49792245030403137,0.5020775496959686,0.46289847791194916,0.12,0.1111111111111111,173,219,-46,46,0.7899543378995434,0.23578013531872186
Credit & Financial Services :: Credit/loan approval,Credit & Financial Services,Credit/loan approval,Ethnicity,majority,non-Latino people,36,37,0.6846081018447876,0.6846081018447876,0.9699446365432393,0.3188687562942505,0.6811312437057495,0.3425014019012451,0.6574985980987549,0.6693149209022522,0.0,0.0,157,219,-62,62,0.7168949771689498,0.33282592446819276
Credit & Financial Services :: Credit/loan approval,Credit & Financial Services,Credit/loan approval,Gender Identity,minority,transgender people,38,37,0.5496712923049927,0.49377691745758057,0.8912681725815685,0.4558301270008087,0.5441698729991913,0.45578664541244507,0.5442133545875549,0.5441916137933731,0.0,0.0,287,219,68,68,1.3105022831050228,0.2704104859431203
Criminal Justice :: Arrest / detention by police,Criminal Justice,Arrest / detention by police,Race,minority,Black people,39,50,0.2559317946434021,0.2541996240615845,0.8944456374115369,0.52777498960495,0.47222501039505005,0.580180287361145,0.419819712638855,0.4460223615169525,0.058823529411764705,0.07692307692307693,255,279,-24,24,0.9139784946236559,0.08994823666293952
Criminal Justice :: Arrest / detention by police,Criminal Justice,Arrest / detention by police,Ethnicity,minority,Latino people,40,50,0.2725709080696106,0.2725709080696106,0.8800998360576185,0.5413461923599243,0.4586538076400757,0.5784047842025757,0.4215952157974243,0.44012451171875,0.0,0.0,243,279,-36,36,0.8709677419354839,0.13815033848081718
Criminal Justice :: Arrest / detention by police,Criminal Justice,Arrest / detention by police,Gender,majority,Men,41,50,0.11276876926422119,0.09235918521881104,0.5118244493480651,0.7075913548469543,0.29240864515304565,0.6374698281288147,0.3625301718711853,0.3274694085121155,0.47058823529411764,0.4,249,279,-30,30,0.8924731182795699,0.11375888535665803
Criminal Justice :: Arrest / detention by police,Criminal Justice,Arrest / detention by police,Disability,minority,People with disabilities,42,50,0.3776949644088745,0.319598913192749,0.8959783469001592,0.52058345079422,0.47941654920578003,0.4923505187034607,0.5076494812965393,0.49353301525115967,0.0,0.0,252,279,-27,27,0.9032258064516129,0.10178269430994236
Criminal Justice :: Arrest / detention by police,Criminal Justice,Arrest / detention by police,Disability,majority,People without disabilities,43,50,0.2601688504219055,0.1332101821899414,0.7895805935703115,0.6751265525817871,0.3248734474182129,0.6210124492645264,0.37898755073547363,0.35193049907684326,0.35294117647058826,0.2222222222222222,261,279,-18,18,0.9354838709677419,0.06669137449867228
Criminal Justice :: Arrest / detention by police,Criminal Justice,Arrest / detention by police,Race,majority,White people,44,50,0.1755102276802063,0.1755102276802063,0.8545579533615126,0.5724279284477234,0.4275720715522766,0.6343772411346436,0.36562275886535645,0.39659741520881653,0.0,0.0,171,279,-108,108,0.6129032258064516,0.4895482253187058
Criminal Justice :: Arrest / detention by police,Criminal Justice,Arrest / detention by police,Gender,minority,Women,45,50,0.283172070980072,0.21369755268096924,0.8620648510060225,0.5963449478149414,0.4036550521850586,0.5479969382286072,0.4520030617713928,0.4278290569782257,0.23529411764705882,0.125,312,279,33,33,1.118279569892473,0.11179140598811663
Criminal Justice :: Arrest / detention by police,Criminal Justice,Arrest / detention by police,Gender Identity,majority,cisgender people,46,50,0.22266912460327148,0.2154971957206726,0.788553125114352,0.6626721620559692,0.33732783794403076,0.5999264121055603,0.4000735878944397,0.36870071291923523,0.17647058823529413,0.09375,572,279,293,293,2.050179211469534,0.7179272095584321
Criminal Justice :: Arrest / detention by police,Criminal Justice,Arrest / detention by police,Sexual Orientation,majority,heterosexual people,47,50,0.23084455728530884,0.23084455728530884,0.7781152753749336,0.6809231638908386,0.3190768361091614,0.5724765062332153,0.42752349376678467,0.373300164937973,0.23529411764705882,0.125,573,279,294,294,2.053763440860215,0.719673934893374
Criminal Justice :: Arrest / detention by police,Criminal Justice,Arrest / detention by police,Sexual Orientation,minority,homosexual people,48,50,0.43532443046569824,0.43532443046569824,0.9315729847686809,0.4602096378803253,0.5397903621196747,0.4811091721057892,0.5188908278942108,0.5293405950069427,0.0,0.0,292,279,13,13,1.0465949820788532,0.04554202044691622
Criminal Justice :: Arrest / detention by police,Criminal Justice,Arrest / detention by police,Ethnicity,majority,non-Latino people,49,50,0.25943970680236816,0.25943970680236816,0.8655408624664525,0.5714746117591858,0.4285253882408142,0.5455453395843506,0.4544546604156494,0.4414900243282318,0.17647058823529413,0.16666666666666666,232,279,-47,47,0.8315412186379928,0.18447441015505572
Criminal Justice :: Arrest / detention by police,Criminal Justice,Arrest / detention by police,Gender Identity,minority,transgender people,51,50,0.5014365017414093,0.4716336727142334,0.9271724811298607,0.5479754209518433,0.45202457904815674,0.5089765191078186,0.4910234808921814,0.47152402997016907,0.0,0.0,241,279,-38,38,0.8637992831541219,0.14641484833071058
Criminal Justice :: Incarceration,Criminal Justice,Incarceration,Race,minority,Black people,52,63,0.16459256410598755,0.16459256410598755,0.733816135395926,0.6974113583564758,0.30258864164352417,0.7821543216705322,0.21784567832946777,0.26021715998649597,0.3125,0.5454545454545454,239,268,-29,29,0.8917910447761194,0.11452342857934605
Criminal Justice :: Incarceration,Criminal Justice,Incarceration,Ethnicity,minority,Latino people,53,63,0.18606901168823242,0.18606901168823242,0.8149375644210963,0.603875994682312,0.396124005317688,0.6669394969940186,0.33306050300598145,0.3645922541618347,0.1875,0.2,339,268,71,71,1.2649253731343284,0.2350131268695936
Criminal Justice :: Incarceration,Criminal Justice,Incarceration,Gender,majority,Men,54,63,0.1319553256034851,0.07209551334381104,0.6843432773751021,0.6816662549972534,0.3183337450027466,0.6657295227050781,0.3342704772949219,0.32630211114883423,0.3125,0.35714285714285715,246,268,-22,22,0.917910447761194,0.08565544457849389
Criminal Justice :: Incarceration,Criminal Justice,Incarceration,Disability,minority,People with disabilities,55,63,0.3354923725128174,0.2630476951599121,0.8901093519286479,0.6234819889068604,0.37651801109313965,0.5102100372314453,0.4897899627685547,0.43315398693084717,0.0625,0.058823529411764705,269,268,1,1,1.0037313432835822,0.003724399090982494
Criminal Justice :: Incarceration,Criminal Justice,Incarceration,Disability,majority,People without disabilities,56,63,0.15913355350494385,0.15913355350494385,0.8002726987300559,0.6188874244689941,0.38111257553100586,0.7492063641548157,0.2507936358451843,0.3159531056880951,0.1875,0.5714285714285714,139,268,-129,129,0.5186567164179104,0.6565130473801649
Criminal Justice :: Incarceration,Criminal Justice,Incarceration,Race,majority,White people,57,63,0.10713714361190796,0.10713714361190796,0.8179678879150416,0.6061931848526001,0.3938068151473999,0.7312575578689575,0.2687424421310425,0.3312746286392212,0.125,0.4,209,268,-59,59,0.7798507462686567,0.2486527285460457
Criminal Justice :: Incarceration,Criminal Justice,Incarceration,Gender,minority,Women,58,63,0.2292758822441101,0.1783689260482788,0.7642990203264287,0.6449198722839355,0.35508012771606445,0.6888968348503113,0.3111031651496887,0.3330916464328766,0.3125,0.5,235,268,-33,33,0.8768656716417911,0.13140146636669767
Criminal Justice :: Incarceration,Criminal Justice,Incarceration,Gender Identity,majority,cisgender people,59,63,0.21854448318481445,0.1277536153793335,0.8119480443831614,0.6478509902954102,0.35214900970458984,0.6386820077896118,0.3613179922103882,0.356733500957489,0.1875,0.3,184,268,-84,84,0.6865671641791045,0.3760512229018711
Criminal Justice :: Incarceration,Criminal Justice,Incarceration,Sexual Orientation,majority,heterosexual people,60,63,0.23400652408599854,0.2340063452720642,0.7620256799366372,0.6732970476150513,0.32670295238494873,0.6417726278305054,0.35822737216949463,0.3424651622772217,0.25,0.3333333333333333,208,268,-60,60,0.7761194029850746,0.2534489008095387
Criminal Justice :: Incarceration,Criminal Justice,Incarceration,Sexual Orientation,minority,homosexual people,61,63,0.3348316550254822,0.3348316550254822,0.8551452380348832,0.5155061483383179,0.48449385166168213,0.5590905547142029,0.4409094452857971,0.4627016484737396,0.0,0.0,252,268,-16,16,0.9402985074626866,0.06155789299943332
Criminal Justice :: Incarceration,Criminal Justice,Incarceration,Ethnicity,majority,non-Latino people,62,63,0.16066992282867432,0.16066992282867432,0.7925425208422743,0.656404972076416,0.343595027923584,0.6635707020759583,0.33642929792404175,0.34001216292381287,0.25,0.4,196,268,-72,72,0.7313432835820896,0.3128723212803394
Criminal Justice :: Incarceration,Criminal Justice,Incarceration,Gender Identity,minority,transgender people,64,63,0.3984719514846802,0.2790065407752991,0.8240357810975933,0.6119240522384644,0.38807594776153564,0.627395510673523,0.37260448932647705,0.38034021854400635,0.125,0.25,168,268,-100,100,0.6268656716417911,0.4670230011075977
Criminal Justice :: Police use of force,Criminal Justice,Police use of force,Race,minority,Black people,65,76,0.2695251703262329,0.2695251703262329,0.8144360487133171,0.5458903908729553,0.4541096091270447,0.563711404800415,0.43628859519958496,0.4451991021633148,0.0,0.0,233,176,57,57,1.3238636363636365,0.28055445852754884
Criminal Justice :: Police use of force,Criminal Justice,Police use of force,Ethnicity,minority,Latino people,66,76,0.34207063913345337,0.34207063913345337,0.8320872534812092,0.4641313850879669,0.5358686149120331,0.49521544575691223,0.5047845542430878,0.5203265845775604,0.0,0.0,277,176,101,101,1.5738636363636365,0.4535335111491868
Criminal Justice :: Police use of force,Criminal Justice,Police use of force,Gender,majority,Men,67,76,0.18122124671936035,0.150803804397583,0.708632540724316,0.6884633898735046,0.31153661012649536,0.6349114179611206,0.3650885820388794,0.3383125960826874,0.36363636363636365,0.2222222222222222,316,176,140,140,1.7954545454545454,0.5852582185487603
Criminal Justice :: Police use of force,Criminal Justice,Police use of force,Disability,minority,People with disabilities,68,76,0.37229979038238525,0.3108678460121155,0.8684306138923955,0.588787317276001,0.411212682723999,0.5082048177719116,0.4917951822280884,0.4515039324760437,0.09090909090909091,0.05555555555555555,335,176,159,159,1.9034090909090908,0.6436465367869146
Criminal Justice :: Police use of force,Criminal Justice,Police use of force,Disability,majority,People without disabilities,69,76,0.2839503288269043,0.2839503288269043,0.7602993089979945,0.5677964687347412,0.4322035312652588,0.5119863152503967,0.48801368474960327,0.46010860800743103,0.09090909090909091,0.0625,167,176,-9,9,0.9488636363636364,0.05249018262139669
Criminal Justice :: Police use of force,Criminal Justice,Police use of force,Race,majority,White people,70,76,0.18259817361831665,0.18259817361831665,0.81085308706051,0.5917616486549377,0.40823835134506226,0.6924707889556885,0.3075292110443115,0.3578837811946869,0.18181818181818182,0.125,170,176,-6,6,0.9659090909090909,0.034685557987889984
Criminal Justice :: Police use of force,Criminal Justice,Police use of force,Gender,minority,Women,71,76,0.26960086822509766,0.19857758283615112,0.8205456395287607,0.576702356338501,0.423297643661499,0.5779266953468323,0.4220733046531677,0.4226854741573334,0.09090909090909091,0.11764705882352941,316,176,140,140,1.7954545454545454,0.5852582185487603
Criminal Justice :: Police use of force,Criminal Justice,Police use of force,Gender Identity,majority,cisgender people,72,76,0.24877238273620605,0.24877238273620605,0.8229347826738534,0.5454409122467041,0.4545590877532959,0.627266526222229,0.372733473777771,0.41364628076553345,0.09090909090909091,0.1,212,176,36,36,1.2045454545454546,0.1861022796338607
Criminal Justice :: Police use of force,Criminal Justice,Police use of force,Sexual Orientation,majority,heterosexual people,73,76,0.272037148475647,0.2720370292663574,0.7958059409417904,0.5935056805610657,0.4064943194389343,0.6376429796218872,0.3623570203781128,0.38442566990852356,0.18181818181818182,0.125,194,176,18,18,1.1022727272727273,0.09737416402517637
Criminal Justice :: Police use of force,Criminal Justice,Police use of force,Sexual Orientation,minority,homosexual people,74,76,0.4251052141189575,0.4251052141189575,0.8699011712730046,0.468682199716568,0.531317800283432,0.5247113704681396,0.47528862953186035,0.5033032149076462,0.0,0.0,267,176,91,91,1.5170454545454546,0.4167646633620978
Criminal Justice :: Police use of force,Criminal Justice,Police use of force,Ethnicity,majority,non-Latino people,75,76,0.1640775203704834,0.1640775203704834,0.819046411660129,0.5770280957221985,0.4229719042778015,0.5126654505729675,0.48733454942703247,0.455153226852417,0.09090909090909091,0.0625,251,176,75,75,1.4261363636363635,0.35496894409363206
Criminal Justice :: Police use of force,Criminal Justice,Police use of force,Gender Identity,minority,transgender people,77,76,0.5415386259555817,0.535718560218811,0.8547438768418107,0.4927525222301483,0.5072474777698517,0.46589845418930054,0.5341015458106995,0.5206745117902756,0.0,0.0,559,176,383,383,3.1761363636363638,1.1556654781169473
Education :: College access/admission,Education,College access/admission,Race,minority,Black people,78,89,0.11483371257781982,0.11483371257781982,0.7018255012195662,0.6440731883049011,0.3559268116950989,0.6932283043861389,0.3067716956138611,0.33134925365448,0.25,0.3333333333333333,290,267,23,23,1.0861423220973783,0.08263226458027018
Education :: College access/admission,Education,College access/admission,Ethnicity,minority,Latino people,79,89,0.19313490390777588,0.19313490390777588,0.7607796055686087,0.6145734786987305,0.38542652130126953,0.6123666763305664,0.3876333236694336,0.38652992248535156,0.0,0.0,284,267,17,17,1.0636704119850187,0.061725579760956446
Education :: College access/admission,Education,College access/admission,Gender,majority,Men,80,89,0.26211977005004883,0.19315201044082642,0.7859895521623916,0.6946119070053101,0.30538809299468994,0.69554603099823,0.30445396900177,0.30492103099823,0.375,0.4117647058823529,361,267,94,94,1.352059925093633,0.3016292999326314
Education :: College access/admission,Education,College access/admission,Disability,minority,People with disabilities,81,89,0.3288581371307373,0.30597448348999023,0.8675859128264751,0.5723652839660645,0.42763471603393555,0.5089764595031738,0.49102354049682617,0.45932912826538086,0.0625,0.05263157894736842,312,267,45,45,1.1685393258426966,0.1557545294092328
Education :: College access/admission,Education,College access/admission,Disability,majority,People without disabilities,82,89,0.14689576625823975,0.14689570665359497,0.7291045723391454,0.616543173789978,0.383456826210022,0.6412497162818909,0.35875028371810913,0.37110355496406555,0.1875,0.17647058823529413,253,267,-14,14,0.947565543071161,0.053859169672729315
Education :: College access/admission,Education,College access/admission,Race,majority,White people,83,89,0.25705623626708984,0.25705623626708984,0.7936094425701092,0.6056516170501709,0.3943483829498291,0.6414927840232849,0.3585072159767151,0.3764277994632721,0.125,0.16666666666666666,201,267,-66,66,0.7528089887640449,0.28394375034117386
Education :: College access/admission,Education,College access/admission,Gender,minority,Women,84,89,0.2553812265396118,0.21976786851882935,0.8014494678574473,0.6257882118225098,0.37421178817749023,0.6266477704048157,0.3733522295951843,0.3737820088863373,0.1875,0.1875,249,267,-18,18,0.9325842696629213,0.06979576193554198
Education :: College access/admission,Education,College access/admission,Gender Identity,majority,cisgender people,85,89,0.17997610569000244,0.17997610569000244,0.761111603727831,0.6117717027664185,0.38822829723358154,0.6489747166633606,0.3510252833366394,0.3696267902851105,0.125,0.1111111111111111,371,267,104,104,1.3895131086142323,0.32895340420718566
Education :: College access/admission,Education,College access/admission,Sexual Orientation,majority,heterosexual people,86,89,0.6816208958625793,0.6816208958625793,0.9899785001663913,0.33740317821502686,0.6625968217849731,0.25619420409202576,0.7438057959079742,0.7032013088464737,0.0,0.0,597,267,330,330,2.235955056179775,0.8046684549923525
Education :: College access/admission,Education,College access/admission,Sexual Orientation,minority,homosexual people,87,89,0.33286911249160767,0.33286911249160767,0.8735111450946071,0.5338826179504395,0.46611738204956055,0.5537549257278442,0.44624507427215576,0.45618122816085815,0.0625,0.0625,320,267,53,53,1.198501872659176,0.18107233739352274
Education :: College access/admission,Education,College access/admission,Ethnicity,majority,non-Latino people,88,89,0.14858269691467285,0.14858269691467285,0.7790857965127345,0.6208294630050659,0.3791705369949341,0.5972269177436829,0.40277308225631714,0.3909718096256256,0.1875,0.17857142857142858,472,267,205,205,1.7677902621722847,0.5697303271853059
Education :: College access/admission,Education,College access/admission,Gender Identity,minority,transgender people,90,89,0.40183067321777344,0.39895057678222656,0.8113975188852687,0.5752667784690857,0.4247332215309143,0.5238580107688904,0.4761419892311096,0.45043760538101196,0.0625,0.030303030303030304,564,267,297,297,2.1123595505617976,0.7478055930978093
Education :: Educational opportunity/access,Education,Educational opportunity/access,Race,minority,Black people,91,102,0.1575745940208435,0.1575745940208435,0.8379398907792213,0.6559247374534607,0.3440752625465393,0.6287250518798828,0.3712749481201172,0.35767510533332825,0.15384615384615385,0.09090909090909091,291,228,63,63,1.2763157894736843,0.24397763821705182
Education :: Educational opportunity/access,Education,Educational opportunity/access,Ethnicity,minority,Latino people,92,102,0.26410597562789917,0.26410597562789917,0.8456068689535843,0.6163578033447266,0.38364219665527344,0.5885968804359436,0.4114031195640564,0.3975226581096649,0.15384615384615385,0.13333333333333333,234,228,6,6,1.0263157894736843,0.025975486403260736
Education :: Educational opportunity/access,Education,Educational opportunity/access,Gender,majority,Men,93,102,0.3889920711517334,0.3361526131629944,0.8908036957831753,0.5957056283950806,0.40429437160491943,0.5308579802513123,0.46914201974868774,0.4367181956768036,0.07692307692307693,0.09090909090909091,202,228,-26,26,0.8859649122807017,0.12107793155323604
Education :: Educational opportunity/access,Education,Educational opportunity/access,Disability,minority,People with disabilities,94,102,0.2556884288787842,0.21801507472991943,0.8781583159954061,0.604164719581604,0.395835280418396,0.5162838697433472,0.48371613025665283,0.4397757053375244,0.15384615384615385,0.05263157894736842,310,228,82,82,1.3596491228070176,0.30722666852475117
Education :: Educational opportunity/access,Education,Educational opportunity/access,Disability,majority,People without disabilities,95,102,0.1702134609222412,0.1702134609222412,0.7441559939927582,0.6966995000839233,0.30330049991607666,0.6375853419303894,0.3624146580696106,0.33285757899284363,0.46153846153846156,0.2777777777777778,240,228,12,12,1.0526315789473684,0.05129329438755048
Education :: Educational opportunity/access,Education,Educational opportunity/access,Race,majority,White people,96,102,0.2748600244522095,0.2748600244522095,0.8537369428335869,0.6227874755859375,0.3772125244140625,0.6726861000061035,0.3273138999938965,0.3522632122039795,0.07692307692307693,0.125,205,228,-23,23,0.8991228070175439,0.10633564981603257
Education :: Educational opportunity/access,Education,Educational opportunity/access,Gender,minority,Women,97,102,0.4097496271133423,0.38943660259246826,0.8618710353247652,0.5694475769996643,0.4305524230003357,0.4885241985321045,0.5114758014678955,0.4710141122341156,0.07692307692307693,0.058823529411764705,248,228,20,20,1.087719298245614,0.08408311721054144
Education :: Educational opportunity/access,Education,Educational opportunity/access,Gender Identity,majority,cisgender people,98,102,0.4042569398880005,0.4042569398880005,0.8748790277971241,0.5206326842308044,0.47936731576919556,0.49462997913360596,0.505370020866394,0.4923686683177948,0.0,0.0,545,228,317,317,2.3903508771929824,0.8714401657088033
Education :: Educational opportunity/access,Education,Educational opportunity/access,Sexual Orientation,majority,heterosexual people,99,102,0.317219078540802,0.30665135383605957,0.8498114187697225,0.6082192659378052,0.3917807340621948,0.5619803071022034,0.43801969289779663,0.4149002134799957,0.15384615384615385,0.043478260869565216,370,228,142,142,1.6228070175438596,0.4841573766838293
Education :: Educational opportunity/access,Education,Educational opportunity/access,Sexual Orientation,minority,homosexual people,100,102,0.42097485065460205,0.42097485065460205,0.9224286503722667,0.47647741436958313,0.5235225856304169,0.4596492648124695,0.5403507351875305,0.5319366604089737,0.0,0.0,226,228,-2,2,0.9912280701754386,0.00881062968215492
Education :: Educational opportunity/access,Education,Educational opportunity/access,Ethnicity,majority,non-Latino people,101,102,0.12022805213928223,0.12022793292999268,0.7982087484400463,0.635567307472229,0.364432692527771,0.6712908148765564,0.3287091851234436,0.3465709388256073,0.07692307692307693,0.125,182,228,-46,46,0.7982456140350878,0.22533894187764536
Education :: Educational opportunity/access,Education,Educational opportunity/access,Gender Identity,minority,transgender people,103,102,0.4832161068916321,0.43867015838623047,0.9050979823247738,0.5711768865585327,0.4288231134414673,0.4702548682689667,0.5297451317310333,0.4792841225862503,0.15384615384615385,0.058823529411764705,326,228,98,98,1.4298245614035088,0.3575517524122669
Education :: Harassment/bullying,Education,Harassment/bullying,Race,minority,Black people,104,115,0.2993771433830261,0.2813647389411926,0.8697578539486515,0.510530412197113,0.48946958780288696,0.5395681858062744,0.4604318141937256,0.4749507009983063,0.1111111111111111,0.08333333333333333,485,233,252,252,2.0815450643776825,0.7331104373717827
Education :: Harassment/bullying,Education,Harassment/bullying,Ethnicity,minority,Latino people,105,115,0.3362690806388855,0.3362690806388855,0.8689896816483738,0.5128211379051208,0.48717886209487915,0.5570717453956604,0.4429282546043396,0.4650535583496094,0.0,0.0,211,233,-22,22,0.9055793991416309,0.0991803200896341
Education :: Harassment/bullying,Education,Harassment/bullying,Gender,majority,Men,106,115,0.17777419090270996,0.15592914819717407,0.7608486473696285,0.5646397471427917,0.43536025285720825,0.6941365003585815,0.30586349964141846,0.37061187624931335,0.2222222222222222,0.3076923076923077,262,233,29,29,1.1244635193133048,0.11730605019539635
Education :: Harassment/bullying,Education,Harassment/bullying,Disability,minority,People with disabilities,107,115,0.29568636417388916,0.29568636417388916,0.871709152189964,0.5078408718109131,0.4921591281890869,0.5467021465301514,0.45329785346984863,0.4727284908294678,0.0,0.0,292,233,59,59,1.2532188841201717,0.2257153487025812
Education :: Harassment/bullying,Education,Harassment/bullying,Disability,majority,People without disabilities,108,115,0.20994627475738525,0.20994627475738525,0.8282488574974378,0.5457015633583069,0.4542984366416931,0.5898756384849548,0.41012436151504517,0.43221139907836914,0.05555555555555555,0.07692307692307693,183,233,-50,50,0.7854077253218884,0.24155230072427963
Education :: Harassment/bullying,Education,Harassment/bullying,Race,majority,White people,109,115,0.21983623504638672,0.21983623504638672,0.7975576858902558,0.5038546323776245,0.4961453676223755,0.6503874063491821,0.34961259365081787,0.4228789806365967,0.1111111111111111,0.25,215,233,-18,18,0.9227467811158798,0.08040042543803777
Education :: Harassment/bullying,Education,Harassment/bullying,Gender,minority,Women,110,115,0.2507433295249939,0.22764551639556885,0.8386952737165905,0.5155360102653503,0.48446398973464966,0.6199867725372314,0.38001322746276855,0.4322386085987091,0.05555555555555555,0.07692307692307693,250,233,17,17,1.0729613733905579,0.07042246429654579
Education :: Harassment/bullying,Education,Harassment/bullying,Gender Identity,majority,cisgender people,111,115,0.27212727069854736,0.27212727069854736,0.8581907928067938,0.5205719470977783,0.4794280529022217,0.584053099155426,0.415946900844574,0.4476874768733978,0.16666666666666666,0.11538461538461539,462,233,229,229,1.9828326180257512,0.6845264375160384
Education :: Harassment/bullying,Education,Harassment/bullying,Sexual Orientation,majority,heterosexual people,112,115,0.23037147521972656,0.22507131099700928,0.8062047659744939,0.5050303339958191,0.4949696660041809,0.6410818696022034,0.35891813039779663,0.42694389820098877,0.05555555555555555,0.17391304347826086,449,233,216,216,1.9270386266094421,0.6559844341765537
Education :: Harassment/bullying,Education,Harassment/bullying,Sexual Orientation,minority,homosexual people,113,115,0.21310293674468994,0.21310293674468994,0.8211042005765166,0.5635206699371338,0.4364793300628662,0.596197783946991,0.40380221605300903,0.4201407730579376,0.05555555555555555,0.1111111111111111,289,233,56,56,1.240343347639485,0.21538823454673156
Education :: Harassment/bullying,Education,Harassment/bullying,Ethnicity,majority,non-Latino people,114,115,0.22907555103302002,0.22907555103302002,0.8075054026334536,0.5123101472854614,0.4876898527145386,0.619884729385376,0.380115270614624,0.4339025616645813,0.16666666666666666,0.18181818181818182,323,233,90,90,1.386266094420601,0.326613869656956
Education :: Harassment/bullying,Education,Harassment/bullying,Gender Identity,minority,transgender people,116,115,0.29869842529296875,0.22102713584899902,0.8614044599638573,0.48238441348075867,0.5176155865192413,0.5570108890533447,0.4429891109466553,0.4803023487329483,0.05555555555555555,0.1111111111111111,162,233,-71,71,0.6952789699570815,0.3634421183333166
Employment :: Career advancement,Employment,Career advancement,Race,minority,Black people,117,128,0.40859127044677734,0.40859127044677734,0.8263369611549034,0.520165205001831,0.47983479499816895,0.5630679726600647,0.4369320273399353,0.4583834111690521,0.05555555555555555,0.0625,222,219,3,3,1.0136986301369864,0.013605652055778678
Employment :: Career advancement,Employment,Career advancement,Ethnicity,minority,Latino people,118,128,0.5052258670330048,0.5052258670330048,0.8614094376426655,0.4693140983581543,0.5306859016418457,0.4779467284679413,0.5220532715320587,0.5263695865869522,0.0,0.0,324,219,105,105,1.4794520547945205,0.3916717859758285
Employment :: Career advancement,Employment,Career advancement,Gender,majority,Men,119,128,0.4750146269798279,0.37385571002960205,0.9143188186770204,0.5814679861068726,0.41853201389312744,0.59183269739151,0.40816730260849,0.4133496582508087,0.1111111111111111,0.15384615384615385,234,219,15,15,1.0684931506849316,0.06624938554120066
Employment :: Career advancement,Employment,Career advancement,Disability,minority,People with disabilities,120,128,0.40951913595199585,0.26229214668273926,0.798633904156751,0.5561812520027161,0.44381874799728394,0.5555383563041687,0.4444616436958313,0.4441401958465576,0.05555555555555555,0.0625,207,219,-12,12,0.9452054794520548,0.056352936551131744
Employment :: Career advancement,Employment,Career advancement,Disability,majority,People without disabilities,121,128,0.436212956905365,0.29874497652053833,0.5954492044982653,0.615027129650116,0.38497287034988403,0.686187207698822,0.313812792301178,0.349392831325531,0.2777777777777778,0.35714285714285715,188,219,-31,31,0.8584474885844748,0.15262976698655167
Employment :: Career advancement,Employment,Career advancement,Race,majority,White people,122,128,0.5239175856113434,0.48134660720825195,0.8884151100599436,0.4718784689903259,0.5281215310096741,0.5758092999458313,0.4241907000541687,0.4761561155319214,0.05555555555555555,0.16666666666666666,201,219,-18,18,0.9178082191780822,0.08576682175742506
Employment :: Career advancement,Employment,Career advancement,Gender,minority,Women,123,128,0.3287777304649353,0.27747082710266113,0.7807837957172516,0.636667788028717,0.36333221197128296,0.5905518531799316,0.40944814682006836,0.38639017939567566,0.1111111111111111,0.09523809523809523,301,219,82,82,1.3744292237442923,0.318038534932375
Employment :: Career advancement,Employment,Career advancement,Gender Identity,majority,cisgender people,124,128,0.5174374580383301,0.5185102820396423,0.7252260609548967,0.6327517628669739,0.3672482371330261,0.5515205264091492,0.44847947359085083,0.4078638553619385,0.1111111111111111,0.08,388,219,169,169,1.7716894977168949,0.5719336098067725
Employment :: Career advancement,Employment,Career advancement,Sexual Orientation,majority,heterosexual people,125,128,0.4381136894226074,0.4381136894226074,0.8450088929190673,0.5689382553100586,0.4310617446899414,0.604571521282196,0.39542847871780396,0.4132451117038727,0.1111111111111111,0.18181818181818182,120,219,-99,99,0.547945205479452,0.6015799870344549
Employment :: Career advancement,Employment,Career advancement,Sexual Orientation,minority,homosexual people,126,128,0.5720443427562714,0.5720443427562714,0.8259788769378427,0.5003162622451782,0.4996837377548218,0.4933326244354248,0.5066673755645752,0.5031755566596985,0.05555555555555555,0.05263157894736842,269,219,50,50,1.2283105022831051,0.20563964978533836
Employment :: Career advancement,Employment,Career advancement,Ethnicity,majority,non-Latino people,127,128,0.4612897038459778,0.46128958463668823,0.843887122625116,0.5742818713188171,0.42571812868118286,0.6160132884979248,0.3839867115020752,0.40485242009162903,0.16666666666666666,0.2727272727272727,187,219,-32,32,0.8538812785388128,0.15796311296191418
Employment :: Career advancement,Employment,Career advancement,Gender Identity,minority,transgender people,129,128,0.572149932384491,0.5275640189647675,0.8979568152743509,0.4905349910259247,0.5094650089740753,0.45918068289756775,0.5408193171024323,0.5251421630382538,0.0,0.0,246,219,27,27,1.1232876712328768,0.11625980611586202
Employment :: Hiring,Employment,Hiring,Race,minority,Black people,130,141,0.45769309997558594,0.4348485469818115,0.9322906007039761,0.46330520510673523,0.5366947948932648,0.48568224906921387,0.5143177509307861,0.5255062729120255,0.058823529411764705,0.05,297,132,165,165,2.25,0.8109302162163288
Employment :: Hiring,Employment,Hiring,Ethnicity,minority,Latino people,131,141,0.4800097346305847,0.4800097346305847,0.9095436711547399,0.5080761909484863,0.49192380905151367,0.5461741089820862,0.4538258910179138,0.47287485003471375,0.058823529411764705,0.07692307692307693,259,132,127,127,1.9621212121212122,0.6740261391131669
Employment :: Hiring,Employment,Hiring,Gender,majority,Men,132,141,0.4257081151008606,0.28968173265457153,0.8850052800719437,0.49535077810287476,0.5046492218971252,0.6246609091758728,0.3753390908241272,0.4399941563606262,0.11764705882352941,0.18181818181818182,252,132,120,120,1.9090909090909092,0.6466271649250525
Employment :: Hiring,Employment,Hiring,Disability,minority,People with disabilities,133,141,0.4971649646759033,0.47122955322265625,0.8881756187171412,0.4333789050579071,0.5666210949420929,0.49525901675224304,0.504740983247757,0.5356810390949249,0.058823529411764705,0.07692307692307693,278,132,146,146,2.106060606060606,0.7448191911042662
Employment :: Hiring,Employment,Hiring,Disability,majority,People without disabilities,134,141,0.42820024490356445,0.38621824979782104,0.7774986916035538,0.5235011577606201,0.4764988422393799,0.6058667302131653,0.3941332697868347,0.4353160560131073,0.23529411764705882,0.2857142857142857,178,132,46,46,1.3484848484848484,0.29898162770571424
Employment :: Hiring,Employment,Hiring,Race,majority,White people,135,141,0.48158758878707886,0.48158758878707886,0.9426424474487352,0.4495294988155365,0.5504705011844635,0.5537493824958801,0.4462506175041199,0.4983605593442917,0.0,0.0,201,132,69,69,1.5227272727272727,0.42050298547270487
Employment :: Hiring,Employment,Hiring,Gender,minority,Women,136,141,0.34757566452026367,0.29502421617507935,0.9219158737686719,0.49001312255859375,0.5099868774414062,0.524607241153717,0.47539275884628296,0.4926898181438446,0.058823529411764705,0.058823529411764705,275,132,143,143,2.0833333333333335,0.7339691750802005
Employment :: Hiring,Employment,Hiring,Gender Identity,majority,cisgender people,137,141,0.43932032585144043,0.42743122577667236,0.8458086672763285,0.5713701844215393,0.4286298155784607,0.5437383055686951,0.45626169443130493,0.4424457550048828,0.11764705882352941,0.09523809523809523,345,132,213,213,2.6136363636363638,0.9607424944449889
Employment :: Hiring,Employment,Hiring,Sexual Orientation,majority,heterosexual people,138,141,0.4583858251571655,0.4455838203430176,0.8438809404839704,0.5334390997886658,0.46656090021133423,0.5237429738044739,0.4762570261955261,0.4714089632034302,0.0,0.0,405,132,273,273,3.0681818181818183,1.1210851445201684
Employment :: Hiring,Employment,Hiring,Sexual Orientation,minority,homosexual people,139,141,0.4705164432525635,0.4705164432525635,0.920757097529887,0.4407373368740082,0.5592626631259918,0.5169751644134521,0.48302483558654785,0.5211437493562698,0.0,0.0,269,132,137,137,2.037878787878788,0.7119094570154684
Employment :: Hiring,Employment,Hiring,Ethnicity,majority,non-Latino people,140,141,0.4648129940032959,0.4648129940032959,0.9243818220282607,0.5264193415641785,0.47358065843582153,0.5923752188682556,0.4076247811317444,0.44060271978378296,0.058823529411764705,0.08333333333333333,204,132,72,72,1.5454545454545454,0.4353180712578455
Employment :: Hiring,Employment,Hiring,Gender Identity,minority,transgender people,142,141,0.5586105287075043,0.5339704751968384,0.9462280453175882,0.4133286774158478,0.5866713225841522,0.41782528162002563,0.5821747183799744,0.5844230204820633,0.0,0.0,297,132,165,165,2.25,0.8109302162163288
Employment :: Workplace harassment,Employment,Workplace harassment,Race,minority,Black people,143,154,0.18437272310256958,0.18437272310256958,0.8546108300319212,0.549984872341156,0.450015127658844,0.6229088306427002,0.3770911693572998,0.4135531485080719,0.0,0.0,257,310,-53,53,0.8290322580645161,0.1874962125839722
Employment :: Workplace harassment,Employment,Workplace harassment,Ethnicity,minority,Latino people,144,154,0.3370254635810852,0.27666306495666504,0.8826665106811639,0.5499683618545532,0.4500316381454468,0.6214767694473267,0.37852323055267334,0.41427743434906006,0.047619047619047616,0.1,181,310,-129,129,0.5838709677419355,0.5380752662133662
Employment :: Workplace harassment,Employment,Workplace harassment,Gender,majority,Men,145,154,0.1779787540435791,0.11465263366699219,0.7369354637562862,0.6702017188072205,0.32979828119277954,0.6759170889854431,0.3240829110145569,0.3269405961036682,0.19047619047619047,0.21052631578947367,311,310,1,1,1.0032258064516129,0.003220614700042157
Employment :: Workplace harassment,Employment,Workplace harassment,Disability,minority,People with disabilities,146,154,0.33957022428512573,0.2804614305496216,0.8497301639155433,0.5343501567840576,0.4656498432159424,0.538167417049408,0.46183258295059204,0.4637412130832672,0.047619047619047616,0.043478260869565216,315,310,5,5,1.0161290322580645,0.01600034134644112
Employment :: Workplace harassment,Employment,Workplace harassment,Disability,majority,People without disabilities,147,154,0.2269212007522583,0.2269212007522583,0.6695876341296361,0.7074134349822998,0.2925865650177002,0.7606901526451111,0.23930984735488892,0.26594820618629456,0.47619047619047616,0.6428571428571429,201,310,-109,109,0.6483870967741936,0.4332673894201161
Employment :: Workplace harassment,Employment,Workplace harassment,Race,majority,White people,148,154,0.207403302192688,0.207403302192688,0.8372712848072237,0.5501626133918762,0.4498373866081238,0.6760098934173584,0.3239901065826416,0.3869137465953827,0.047619047619047616,0.1111111111111111,211,310,-99,99,0.6806451612903226,0.3847141640031254
Employment :: Workplace harassment,Employment,Workplace harassment,Gender,minority,Women,149,154,0.16876566410064697,0.13542276620864868,0.716394801363841,0.6521949768066406,0.3478050231933594,0.7095353007316589,0.29046469926834106,0.3191348612308502,0.2857142857142857,0.5,216,310,-94,94,0.6967741935483871,0.3612938897950269
Employment :: Workplace harassment,Employment,Workplace harassment,Gender Identity,majority,cisgender people,150,154,0.25301647186279297,0.14119958877563477,0.7950389387709667,0.6563735604286194,0.3436264395713806,0.7049851417541504,0.2950148582458496,0.3193206489086151,0.23809523809523808,0.35714285714285715,235,310,-75,75,0.7580645161290323,0.27698678333503296
Employment :: Workplace harassment,Employment,Workplace harassment,Sexual Orientation,majority,heterosexual people,151,154,0.18727320432662964,0.18727320432662964,0.763141792205216,0.5785244107246399,0.4214755892753601,0.6670114994049072,0.3329885005950928,0.37723204493522644,0.14285714285714285,0.1875,323,310,13,13,1.0419354838709678,0.04108002574346466
Employment :: Workplace harassment,Employment,Workplace harassment,Sexual Orientation,minority,homosexual people,152,154,0.32206523418426514,0.32206523418426514,0.8722726106369293,0.5000351667404175,0.4999648332595825,0.5711349844932556,0.4288650155067444,0.46441492438316345,0.0,0.0,248,310,-62,62,0.8,0.2231435513142097
Employment :: Workplace harassment,Employment,Workplace harassment,Ethnicity,majority,non-Latino people,153,154,0.20437443256378174,0.20437443256378174,0.7092634328973779,0.6369233727455139,0.3630766272544861,0.6940105557441711,0.30598944425582886,0.33453303575515747,0.19047619047619047,0.26666666666666666,233,310,-77,77,0.7516129032258064,0.2855338439134914
Employment :: Workplace harassment,Employment,Workplace harassment,Gender Identity,minority,transgender people,155,154,0.37556469440460205,0.3695641756057739,0.8894612116811825,0.4862401485443115,0.5137598514556885,0.6107701659202576,0.38922983407974243,0.45149484276771545,0.0,0.0,252,310,-58,58,0.8129032258064516,0.20714320996776867
Government Benefits :: Access to government benefits,Government Benefits,Access to government benefits,Race,minority,Black people,156,167,0.41692084074020386,0.41692084074020386,0.9418297447773911,0.39855703711509705,0.601442962884903,0.41935640573501587,0.5806435942649841,0.5910432785749435,0.07142857142857142,0.1,220,129,91,91,1.7054263565891472,0.5338151419906894
Government Benefits :: Access to government benefits,Government Benefits,Access to government benefits,Ethnicity,minority,Latino people,157,167,0.21333032846450806,0.17847800254821777,0.8772888500267294,0.4714278280735016,0.5285721719264984,0.5694468021392822,0.4305531978607178,0.4795626848936081,0.07142857142857142,0.1111111111111111,194,129,65,65,1.503875968992248,0.408045754701656
Government Benefits :: Access to government benefits,Government Benefits,Access to government benefits,Gender,majority,Men,158,167,0.3366504907608032,0.1609669327735901,0.8368873511489865,0.5709776878356934,0.42902231216430664,0.5670369863510132,0.4329630136489868,0.43099266290664673,0.07142857142857142,0.1,167,129,38,38,1.2945736434108528,0.25818140805508305
Government Benefits :: Access to government benefits,Government Benefits,Access to government benefits,Disability,minority,People with disabilities,159,167,0.2815760374069214,0.21637654304504395,0.8477134349843131,0.5790309309959412,0.42096906900405884,0.5442156791687012,0.45578432083129883,0.43837669491767883,0.07142857142857142,0.058823529411764705,242,129,113,113,1.875968992248062,0.6291253217950142
Government Benefits :: Access to government benefits,Government Benefits,Access to government benefits,Disability,majority,People without disabilities,160,167,0.2290496826171875,0.1608601212501526,0.7625884759421139,0.5629911422729492,0.4370088577270508,0.5532305240631104,0.44676947593688965,0.4418891668319702,0.21428571428571427,0.2727272727272727,155,129,26,26,1.2015503875968991,0.18361271255757444
Government Benefits :: Access to government benefits,Government Benefits,Access to government benefits,Race,majority,White people,161,167,0.1457071304321289,0.1457071304321289,0.8475023529410345,0.5519076585769653,0.44809234142303467,0.5845268964767456,0.4154731035232544,0.43178272247314453,0.0,0.0,181,129,52,52,1.4031007751937985,0.3386846269041537
Government Benefits :: Access to government benefits,Government Benefits,Access to government benefits,Gender,minority,Women,162,167,0.3068556785583496,0.222495436668396,0.9166889249577413,0.4689369201660156,0.5310630798339844,0.486301064491272,0.513698935508728,0.5223810076713562,0.07142857142857142,0.07692307692307693,241,129,112,112,1.8682170542635659,0.6249845291289828
Government Benefits :: Access to government benefits,Government Benefits,Access to government benefits,Gender Identity,majority,cisgender people,163,167,0.31168925762176514,0.31205832958221436,0.8816510054356776,0.48604461550712585,0.5139553844928741,0.5209898948669434,0.47901010513305664,0.4964827448129654,0.0,0.0,411,129,282,282,3.186046511627907,1.1587808101345625
Government Benefits :: Access to government benefits,Government Benefits,Access to government benefits,Sexual Orientation,majority,heterosexual people,164,167,0.3769403100013733,0.1682451367378235,0.8461107306783489,0.4308774173259735,0.5691225826740265,0.5499828457832336,0.45001715421676636,0.5095698684453964,0.07142857142857142,0.1111111111111111,178,129,49,49,1.37984496124031,0.32197114593041304
Government Benefits :: Access to government benefits,Government Benefits,Access to government benefits,Sexual Orientation,minority,homosexual people,165,167,0.398754358291626,0.398754358291626,0.892186301343788,0.4391555190086365,0.5608444809913635,0.480935275554657,0.519064724445343,0.5399546027183533,0.0,0.0,246,129,117,117,1.9069767441860466,0.6455191315706907
Government Benefits :: Access to government benefits,Government Benefits,Access to government benefits,Ethnicity,majority,non-Latino people,166,167,0.25899338722229004,0.2589932680130005,0.923667390046606,0.3944094777107239,0.6055905222892761,0.5005694031715393,0.4994305968284607,0.5525105595588684,0.0,0.0,203,129,74,74,1.573643410852713,0.45339357468011515
Government Benefits :: Access to government benefits,Government Benefits,Access to government benefits,Gender Identity,minority,transgender people,168,167,0.40370190143585205,0.3140360116958618,0.9058914926169301,0.5068303346633911,0.4931696653366089,0.5606865286827087,0.43931347131729126,0.4662415683269501,0.07142857142857142,0.09090909090909091,194,129,65,65,1.503875968992248,0.408045754701656
Government Benefits :: Application/approval,Government Benefits,Application/approval,Race,minority,Black people,169,180,0.3249416947364807,0.3249416947364807,0.8912591507136252,0.5416264533996582,0.4583735466003418,0.44664496183395386,0.5533550381660461,0.505864292383194,0.125,0.03333333333333333,621,133,488,488,4.669172932330827,1.540981953711725
Government Benefits :: Application/approval,Government Benefits,Application/approval,Ethnicity,minority,Latino people,170,180,0.3192328214645386,0.3192328214645386,0.8589804302353217,0.5419247150421143,0.45807528495788574,0.46539929509162903,0.534600704908371,0.49633799493312836,0.0,0.0,245,133,112,112,1.8421052631578947,0.6109090823229731
Government Benefits :: Application/approval,Government Benefits,Application/approval,Gender,majority,Men,171,180,0.30394214391708374,0.23025000095367432,0.8773485908990651,0.6151328086853027,0.38486719131469727,0.5913501977920532,0.4086498022079468,0.396758496761322,0.25,0.16666666666666666,292,133,159,159,2.1954887218045114,0.786404674046528
Government Benefits :: Application/approval,Government Benefits,Application/approval,Disability,minority,People with disabilities,172,180,0.6403155326843262,0.6403155326843262,0.9846158930241462,0.35945796966552734,0.6405420303344727,0.239403635263443,0.760596364736557,0.7005691975355148,0.0,0.0,214,133,81,81,1.6090225563909775,0.47562688680009774
Government Benefits :: Application/approval,Government Benefits,Application/approval,Disability,majority,People without disabilities,173,180,0.29256629943847656,0.29461443424224854,0.8794349854536152,0.5562400817871094,0.4437599182128906,0.5153055191040039,0.4846944808959961,0.46422719955444336,0.0,0.0,248,133,115,115,1.8646616541353382,0.6230796179432283
Government Benefits :: Application/approval,Government Benefits,Application/approval,Race,majority,White people,174,180,0.3009791970252991,0.3009791970252991,0.8700719960541571,0.5411204695701599,0.4588795304298401,0.4826795160770416,0.5173204839229584,0.48810000717639923,0.0,0.0,525,133,392,392,3.9473684210526314,1.3730491343698699
Government Benefits :: Application/approval,Government Benefits,Application/approval,Gender,minority,Women,175,180,0.2965819835662842,0.24650365114212036,0.8957276913632386,0.5521470308303833,0.4478529691696167,0.47790226340293884,0.5220977365970612,0.48497535288333893,0.0,0.0,520,133,387,387,3.9097744360902253,1.3634796833537193
Government Benefits :: Application/approval,Government Benefits,Application/approval,Gender Identity,majority,cisgender people,176,180,0.3101179599761963,0.3101179599761963,0.8760830302810618,0.5250786542892456,0.4749213457107544,0.5018156170845032,0.4981843829154968,0.4865528643131256,0.0,0.0,402,133,269,269,3.0225563909774436,1.1061029603972672
Government Benefits :: Application/approval,Government Benefits,Application/approval,Sexual Orientation,majority,heterosexual people,177,180,0.32841646671295166,0.32841646671295166,0.882338209810963,0.5138731598854065,0.4861268401145935,0.499332070350647,0.500667929649353,0.49339738488197327,0.0,0.0,329,133,196,196,2.473684210526316,0.9057086225436182
Government Benefits :: Application/approval,Government Benefits,Application/approval,Sexual Orientation,minority,homosexual people,178,180,0.31401824951171875,0.31401824951171875,0.8639497324006957,0.5517587661743164,0.4482412338256836,0.4603818655014038,0.5396181344985962,0.4939296841621399,0.0,0.0,438,133,305,305,3.293233082706767,1.1918697821546924
Government Benefits :: Application/approval,Government Benefits,Application/approval,Ethnicity,majority,non-Latino people,179,180,0.2841895818710327,0.2841895818710327,0.7512885460860556,0.5649836659431458,0.43501633405685425,0.4853518307209015,0.5146481692790985,0.4748322516679764,0.0,0.0,129,133,-4,4,0.9699248120300752,0.03053672386008165
Government Benefits :: Application/approval,Government Benefits,Application/approval,Gender Identity,minority,transgender people,181,180,0.4205285310745239,0.419705867767334,0.8651836550422038,0.5380605459213257,0.4619394540786743,0.4543567895889282,0.5456432104110718,0.503791332244873,0.0,0.0,575,133,442,442,4.323308270676692,1.4640209125755967
Government Benefits :: Benefit retention / renewal,Government Benefits,Benefit retention / renewal,Race,minority,Black people,182,193,0.14629292488098145,0.14629292488098145,0.6952145458464443,0.5622296333312988,0.43777036666870117,0.5844641327857971,0.4155358672142029,0.426653116941452,0.058823529411764705,0.08333333333333333,521,606,-85,85,0.8597359735973598,0.1511299443159475
Government Benefits :: Benefit retention / renewal,Government Benefits,Benefit retention / renewal,Ethnicity,minority,Latino people,183,193,0.1821063756942749,0.1821063756942749,0.7513347960658756,0.5540798902511597,0.44592010974884033,0.5311625003814697,0.4688374996185303,0.4573788046836853,0.058823529411764705,0.06896551724137931,537,606,-69,69,0.8861386138613861,0.12088189156044975
Government Benefits :: Benefit retention / renewal,Government Benefits,Benefit retention / renewal,Gender,majority,Men,184,193,0.18239164352416992,0.13169771432876587,0.7282363272227078,0.5815990567207336,0.41840094327926636,0.5649459958076477,0.4350540041923523,0.4267274737358093,0.029411764705882353,0.02857142857142857,606,606,0,0,1.0,0.0
Government Benefits :: Benefit retention / renewal,Government Benefits,Benefit retention / renewal,Disability,minority,People with disabilities,185,193,0.25234830379486084,0.24385446310043335,0.8156924623788985,0.5227770805358887,0.47722291946411133,0.53103107213974,0.46896892786026,0.47309592366218567,0.08823529411764706,0.13043478260869565,436,606,-170,170,0.7194719471947195,0.32923774272028006
Government Benefits :: Benefit retention / renewal,Government Benefits,Benefit retention / renewal,Disability,majority,People without disabilities,186,193,0.09901046752929688,0.09901046752929688,0.7002256642154594,0.601578414440155,0.39842158555984497,0.6329696178436279,0.36703038215637207,0.3827259838581085,0.17647058823529413,0.20689655172413793,528,606,-78,78,0.8712871287128713,0.13778370236305298
Government Benefits :: Benefit retention / renewal,Government Benefits,Benefit retention / renewal,Race,majority,White people,187,193,0.18526428937911987,0.18526428937911987,0.746866961055328,0.5283932685852051,0.4716067314147949,0.5500585436820984,0.4499414563179016,0.46077409386634827,0.029411764705882353,0.03225806451612903,610,606,4,4,1.0066006600660067,0.0065789710980425605
Government Benefits :: Benefit retention / renewal,Government Benefits,Benefit retention / renewal,Gender,minority,Women,188,193,0.14151155948638916,0.09158188104629517,0.6981442117997426,0.5605452060699463,0.4394547939300537,0.5751214623451233,0.4248785376548767,0.4321666657924652,0.029411764705882353,0.043478260869565216,448,606,-158,158,0.7392739273927392,0.30208675365432935
Government Benefits :: Benefit retention / renewal,Government Benefits,Benefit retention / renewal,Gender Identity,majority,cisgender people,189,193,0.22250568866729736,0.22250568866729736,0.7066351709293323,0.5462696552276611,0.45373034477233887,0.5697332620620728,0.43026673793792725,0.44199854135513306,0.08823529411764706,0.12,477,606,-129,129,0.7871287128712872,0.2393634951809732
Government Benefits :: Benefit retention / renewal,Government Benefits,Benefit retention / renewal,Sexual Orientation,majority,heterosexual people,190,193,0.25726020336151123,0.25726020336151123,0.8019893745551685,0.5133630037307739,0.4866369962692261,0.5423027276992798,0.4576972723007202,0.47216713428497314,0.029411764705882353,0.043478260869565216,409,606,-197,197,0.6749174917491749,0.3931648300265127
Government Benefits :: Benefit retention / renewal,Government Benefits,Benefit retention / renewal,Sexual Orientation,minority,homosexual people,191,193,0.33084410429000854,0.33084410429000854,0.8286499061331778,0.5254008769989014,0.47459912300109863,0.5398948192596436,0.46010518074035645,0.46735215187072754,0.058823529411764705,0.07692307692307693,444,606,-162,162,0.7326732673267327,0.3110554236370897
Government Benefits :: Benefit retention / renewal,Government Benefits,Benefit retention / renewal,Ethnicity,majority,non-Latino people,192,193,0.10711562633514404,0.10711562633514404,0.6983371470302875,0.5785375833511353,0.42146241664886475,0.5678417682647705,0.4321582317352295,0.4268103241920471,0.058823529411764705,0.06666666666666667,605,606,-1,1,0.9983498349834984,0.0016515280384729533
Government Benefits :: Benefit retention / renewal,Government Benefits,Benefit retention / renewal,Gender Identity,minority,transgender people,194,193,0.24423277378082275,0.1855381727218628,0.7757080733571469,0.5183525681495667,0.48164743185043335,0.5358299016952515,0.46417009830474854,0.47290876507759094,0.029411764705882353,0.038461538461538464,523,606,-83,83,0.863036303630363,0.1472985220043916
Healthcare :: Insurance coverage,Healthcare,Insurance coverage,Race,minority,Black people,195,206,0.34019070863723755,0.3125535249710083,0.8463837684540128,0.4389713704586029,0.5610286295413971,0.5242093801498413,0.4757906198501587,0.5184096246957779,0.0,0.0,266,165,101,101,1.612121212121212,0.47755083488111844
Healthcare :: Insurance coverage,Healthcare,Insurance coverage,Ethnicity,minority,Latino people,196,206,0.3545621633529663,0.3090996742248535,0.8684305519996329,0.42652422189712524,0.5734757781028748,0.5622584223747253,0.43774157762527466,0.5056086778640747,0.05,0.07692307692307693,220,165,55,55,1.3333333333333333,0.28768207245178085
Healthcare :: Insurance coverage,Healthcare,Insurance coverage,Gender,majority,Men,197,206,0.25322186946868896,0.20604091882705688,0.8080580738943723,0.5300015211105347,0.46999847888946533,0.6048595309257507,0.39514046907424927,0.4325694739818573,0.15,0.15,262,165,97,97,1.587878787878788,0.46239902986051623
Healthcare :: Insurance coverage,Healthcare,Insurance coverage,Disability,minority,People with disabilities,198,206,0.31022584438323975,0.22656214237213135,0.8435576395759583,0.5283926725387573,0.4716073274612427,0.5548829436302185,0.4451170563697815,0.4583621919155121,0.1,0.09090909090909091,210,165,45,45,1.2727272727272727,0.24116205681688804
Healthcare :: Insurance coverage,Healthcare,Insurance coverage,Disability,majority,People without disabilities,199,206,0.23857975006103516,0.16469711065292358,0.8296507829026118,0.5944925546646118,0.4055074453353882,0.6270662546157837,0.3729337453842163,0.38922059535980225,0.25,0.19047619047619047,225,165,60,60,1.3636363636363635,0.31015492830383945
Healthcare :: Insurance coverage,Healthcare,Insurance coverage,Race,majority,White people,200,206,0.2986186742782593,0.2651892900466919,0.8442657462939901,0.4501805901527405,0.5498194098472595,0.5562203526496887,0.4437796473503113,0.4967995285987854,0.1,0.06666666666666667,242,165,77,77,1.4666666666666666,0.3829922522561057
Healthcare :: Insurance coverage,Healthcare,Insurance coverage,Gender,minority,Women,201,206,0.2340550422668457,0.1831989288330078,0.7969242630286014,0.605017900466919,0.39498209953308105,0.6226061582565308,0.37739384174346924,0.38618797063827515,0.25,0.16,266,165,101,101,1.612121212121212,0.47755083488111844
Healthcare :: Insurance coverage,Healthcare,Insurance coverage,Gender Identity,majority,cisgender people,202,206,0.3266538977622986,0.15943098068237305,0.7758042457782276,0.48338890075683594,0.5166110992431641,0.6193870902061462,0.38061290979385376,0.4486120045185089,0.1,0.3,187,165,22,22,1.1333333333333333,0.125163142954006
Healthcare :: Insurance coverage,Healthcare,Insurance coverage,Sexual Orientation,majority,heterosexual people,203,206,0.3799528479576111,0.3391357660293579,0.8063813846800316,0.5223692655563354,0.47763073444366455,0.5626122951507568,0.43738770484924316,0.45750921964645386,0.1,0.11764705882352941,172,165,7,7,1.0424242424242425,0.04154900291287248
Healthcare :: Insurance coverage,Healthcare,Insurance coverage,Sexual Orientation,minority,homosexual people,204,206,0.4480956792831421,0.4480956792831421,0.8000664697514661,0.48018068075180054,0.5198193192481995,0.5374619364738464,0.46253806352615356,0.4911786913871765,0.05,0.05555555555555555,216,165,51,51,1.309090909090909,0.26933293378358436
Healthcare :: Insurance coverage,Healthcare,Insurance coverage,Ethnicity,majority,non-Latino people,205,206,0.33764082193374634,0.33764082193374634,0.7726292531036191,0.5053924322128296,0.4946075677871704,0.5323026776313782,0.4676973223686218,0.4811524450778961,0.05,0.05263157894736842,124,165,-41,41,0.7515151515151515,0.28566390829554383
Healthcare :: Insurance coverage,Healthcare,Insurance coverage,Gender Identity,minority,transgender people,207,206,0.48728084564208984,0.48728084564208984,0.8752908843896025,0.48849016427993774,0.5115098357200623,0.5427495241165161,0.4572504758834839,0.48438015580177307,0.1,0.09090909090909091,363,165,198,198,2.2,0.7884573603642703
Healthcare :: Patient safety,Healthcare,Patient safety,Race,minority,Black people,208,219,0.38207775354385376,0.3604065179824829,0.8558124694926235,0.5523632168769836,0.44763678312301636,0.564551830291748,0.43544816970825195,0.44154247641563416,0.0,0.0,274,250,24,24,1.096,0.09166718852582387
Healthcare :: Patient safety,Healthcare,Patient safety,Ethnicity,minority,Latino people,209,219,0.5128282904624939,0.5128282904624939,0.8839690145979129,0.5181488990783691,0.48185110092163086,0.5089410543441772,0.49105894565582275,0.4864550232887268,0.05263157894736842,0.09090909090909091,217,250,-33,33,0.868,0.14156356432178688
Healthcare :: Patient safety,Healthcare,Patient safety,Gender,majority,Men,210,219,0.26529955863952637,0.17298269271850586,0.8202993503865328,0.6041115522384644,0.39588844776153564,0.6051469445228577,0.39485305547714233,0.395370751619339,0.10526315789473684,0.13333333333333333,236,250,-14,14,0.944,0.057629112836636416
Healthcare :: Patient safety,Healthcare,Patient safety,Disability,minority,People with disabilities,211,219,0.30093681812286377,0.24815845489501953,0.8540047223336065,0.598703145980835,0.40129685401916504,0.6020107865333557,0.3979892134666443,0.39964303374290466,0.05263157894736842,0.07692307692307693,227,250,-23,23,0.908,0.09651090038084373
Healthcare :: Patient safety,Healthcare,Patient safety,Disability,majority,People without disabilities,212,219,0.14776647090911865,0.14776647090911865,0.6320220370752483,0.6895046830177307,0.3104953169822693,0.6954772472381592,0.3045227527618408,0.30750903487205505,0.2631578947368421,0.3125,209,250,-41,41,0.836,0.17912666589743548
Healthcare :: Patient safety,Healthcare,Patient safety,Race,majority,White people,213,219,0.34498852491378784,0.30591124296188354,0.8424255467780603,0.5475145578384399,0.45248544216156006,0.5758402943611145,0.4241597056388855,0.4383225739002228,0.05263157894736842,0.09090909090909091,262,250,12,12,1.048,0.04688358589885046
Healthcare :: Patient safety,Healthcare,Patient safety,Gender,minority,Women,214,219,0.4582105278968811,0.416237473487854,0.8483970444957335,0.5177577137947083,0.48224228620529175,0.49667888879776,0.50332111120224,0.49278169870376587,0.0,0.0,234,250,-16,16,0.936,0.06613980250454495
Healthcare :: Patient safety,Healthcare,Patient safety,Gender Identity,majority,cisgender people,215,219,0.5020665228366852,0.48145943880081177,0.847906533236231,0.5264933705329895,0.4735066294670105,0.5046082139015198,0.4953917860984802,0.48444920778274536,0.0,0.0,359,250,109,109,1.436,0.3618614706260324
Healthcare :: Patient safety,Healthcare,Patient safety,Sexual Orientation,majority,heterosexual people,216,219,0.3517032861709595,0.20315217971801758,0.8148952310403459,0.5933669805526733,0.40663301944732666,0.6214516758918762,0.3785483241081238,0.3925906717777252,0.05263157894736842,0.08333333333333333,197,250,-53,53,0.788,0.2382571891242579
Healthcare :: Patient safety,Healthcare,Patient safety,Sexual Orientation,minority,homosexual people,217,219,0.5471894443035126,0.5471894443035126,0.8689618253129893,0.43545040488243103,0.564549595117569,0.4774203896522522,0.5225796103477478,0.5435646027326584,0.0,0.0,235,250,-15,15,0.94,0.06187540371808753
Healthcare :: Patient safety,Healthcare,Patient safety,Ethnicity,majority,non-Latino people,218,219,0.31802117824554443,0.3180210590362549,0.8815763390953361,0.5310236811637878,0.46897631883621216,0.5440233945846558,0.45597660541534424,0.4624764621257782,0.05263157894736842,0.09090909090909091,188,250,-62,62,0.752,0.28501895503229724
Healthcare :: Patient safety,Healthcare,Patient safety,Gender Identity,minority,transgender people,220,219,0.5030933916568756,0.4928821921348572,0.8527660679577431,0.5530140995979309,0.4469859004020691,0.49779874086380005,0.5022012591362,0.4745935797691345,0.0,0.0,354,250,104,104,1.416,0.347835995271528
Healthcare :: Preventive care,Healthcare,Preventive care,Race,minority,Black people,221,232,0.24534952640533447,0.21244537830352783,0.8680312019025953,0.6300921440124512,0.36990785598754883,0.5795750021934509,0.4204249978065491,0.39516642689704895,0.1111111111111111,0.07692307692307693,200,234,-34,34,0.8547008547008547,0.1570037488096648
Healthcare :: Preventive care,Healthcare,Preventive care,Ethnicity,minority,Latino people,222,232,0.3157503604888916,0.2627105712890625,0.8514511599663812,0.6190134882926941,0.3809865117073059,0.5261598825454712,0.4738401174545288,0.42741331458091736,0.05555555555555555,0.047619047619047616,299,234,65,65,1.2777777777777777,0.2451224580329849
Healthcare :: Preventive care,Healthcare,Preventive care,Gender,majority,Men,223,232,0.29509520530700684,0.14451253414154053,0.8235992419006715,0.6174456477165222,0.3825543522834778,0.6043716669082642,0.39562833309173584,0.3890913426876068,0.1111111111111111,0.0625,254,234,20,20,1.0854700854700854,0.08201315166083507
Healthcare :: Preventive care,Healthcare,Preventive care,Disability,minority,People with disabilities,224,232,0.23240017890930176,0.16404306888580322,0.827311981850045,0.6417601108551025,0.35823988914489746,0.5898360013961792,0.4101639986038208,0.38420194387435913,0.16666666666666666,0.1,289,234,55,55,1.235042735042735,0.21110557275473077
Healthcare :: Preventive care,Healthcare,Preventive care,Disability,majority,People without disabilities,225,232,0.18933773040771484,0.10675263404846191,0.8280659795366287,0.6030964851379395,0.39690351486206055,0.6693962216377258,0.33060377836227417,0.36375364661216736,0.1111111111111111,0.25,169,234,-65,65,0.7222222222222222,0.325422400434628
Healthcare :: Preventive care,Healthcare,Preventive care,Race,majority,White people,226,232,0.21946299076080322,0.21946287155151367,0.8704288750081537,0.5356490612030029,0.46435093879699707,0.638502299785614,0.361497700214386,0.41292431950569153,0.0,0.0,189,234,-45,45,0.8076923076923077,0.21357410029805904
Healthcare :: Preventive care,Healthcare,Preventive care,Gender,minority,Women,227,232,0.2503950595855713,0.15600275993347168,0.7767952451864806,0.6414368152618408,0.3585631847381592,0.6150381565093994,0.3849618434906006,0.3717625141143799,0.1111111111111111,0.1,295,234,61,61,1.2606837606837606,0.23165424098211837
Healthcare :: Preventive care,Healthcare,Preventive care,Gender Identity,majority,cisgender people,228,232,0.3085528612136841,0.27568984031677246,0.7419568565720911,0.6228733062744141,0.37712669372558594,0.6353247165679932,0.36467528343200684,0.3709009885787964,0.1111111111111111,0.125,275,234,41,41,1.1752136752136753,0.1614499823088699
Healthcare :: Preventive care,Healthcare,Preventive care,Sexual Orientation,majority,heterosexual people,229,232,0.3109394907951355,0.23806273937225342,0.8504413941452513,0.6162127256393433,0.38378727436065674,0.6202452182769775,0.37975478172302246,0.3817710280418396,0.1111111111111111,0.15384615384615385,203,234,-31,31,0.8675213675213675,0.14211513631591408
Healthcare :: Preventive care,Healthcare,Preventive care,Sexual Orientation,minority,homosexual people,230,232,0.4390547275543213,0.4390547275543213,0.8655948539522824,0.4920874238014221,0.5079125761985779,0.5179365873336792,0.4820634126663208,0.49498799443244934,0.0,0.0,294,234,60,60,1.2564102564102564,0.22825865198098017
Healthcare :: Preventive care,Healthcare,Preventive care,Ethnicity,majority,non-Latino people,231,232,0.22400975227355957,0.22400975227355957,0.865820641271912,0.4904989004135132,0.5095010995864868,0.6039696335792542,0.39603036642074585,0.45276573300361633,0.05555555555555555,0.07692307692307693,393,234,159,159,1.6794871794871795,0.5184884965115598
Healthcare :: Preventive care,Healthcare,Preventive care,Gender Identity,minority,transgender people,233,232,0.5224796831607819,0.5224796831607819,0.8139677718498534,0.5034518241882324,0.4965481758117676,0.48383402824401855,0.5161659717559814,0.5063570737838745,0.0,0.0,299,234,65,65,1.2777777777777777,0.2451224580329849
Housing :: Access to housing,Housing,Access to housing,Race,minority,Black people,234,245,0.2952723503112793,0.2849118709564209,0.8466490463509786,0.576199471950531,0.423800528049469,0.5674057006835938,0.43259429931640625,0.4281974136829376,0.13333333333333333,0.041666666666666664,318,232,86,86,1.3706896551724137,0.3153140111138668
Housing :: Access to housing,Housing,Access to housing,Ethnicity,minority,Latino people,235,245,0.25517410039901733,0.24068224430084229,0.9078455207483858,0.5760024189949036,0.42399758100509644,0.6258828043937683,0.3741171956062317,0.39905738830566406,0.2,0.21428571428571427,307,232,75,75,1.3232758620689655,0.2801103759208872
Housing :: Access to housing,Housing,Access to housing,Gender,majority,Men,236,245,0.26546478271484375,0.16309571266174316,0.8301399386654218,0.6570330262184143,0.3429669737815857,0.6542626023292542,0.34573739767074585,0.34435218572616577,0.26666666666666666,0.38461538461538464,197,232,-35,35,0.8491379310344828,0.16353364292832145
Housing :: Access to housing,Housing,Access to housing,Disability,minority,People with disabilities,237,245,0.2216336727142334,0.17537367343902588,0.8810092251168956,0.5961397290229797,0.40386027097702026,0.5479268431663513,0.4520731568336487,0.4279667139053345,0.06666666666666667,0.05555555555555555,245,232,13,13,1.0560344827586208,0.05452083887841711
Housing :: Access to housing,Housing,Access to housing,Disability,majority,People without disabilities,238,245,0.26822429895401,0.2721213102340698,0.8914849966704179,0.5762028098106384,0.4237971901893616,0.6022171378135681,0.3977828621864319,0.41079002618789673,0.06666666666666667,0.08333333333333333,237,232,5,5,1.021551724137931,0.021322769468821244
Housing :: Access to housing,Housing,Access to housing,Race,majority,White people,239,245,0.32021164894104004,0.32021164894104004,0.9186118189855687,0.5085107088088989,0.4914892911911011,0.6350340247154236,0.3649659752845764,0.42822763323783875,0.13333333333333333,0.23076923076923078,262,232,30,30,1.1293103448275863,0.12160713209478698
Housing :: Access to housing,Housing,Access to housing,Gender,minority,Women,240,245,0.159218430519104,0.11251044273376465,0.8856832596533052,0.7075359225273132,0.29246407747268677,0.6772853136062622,0.3227146863937378,0.3075893819332123,0.2,0.1875,217,232,-15,15,0.9353448275862069,0.06684001812585046
Housing :: Access to housing,Housing,Access to housing,Gender Identity,majority,cisgender people,241,245,0.2916278839111328,0.2742568850517273,0.9277208345502013,0.5071519613265991,0.4928480386734009,0.5835273265838623,0.4164726734161377,0.4546603560447693,0.06666666666666667,0.1111111111111111,185,232,-47,47,0.7974137931034483,0.22638154658798512
Housing :: Access to housing,Housing,Access to housing,Sexual Orientation,majority,heterosexual people,242,245,0.2379823923110962,0.1970091462135315,0.9125147150886919,0.5658318996429443,0.43416810035705566,0.6630814671516418,0.33691853284835815,0.3855433166027069,0.2,0.25,190,232,-42,42,0.8189655172413793,0.19971329950582378
Housing :: Access to housing,Housing,Access to housing,Sexual Orientation,minority,homosexual people,243,245,0.2705387473106384,0.2705387473106384,0.8995312482246051,0.5432263612747192,0.45677363872528076,0.5983536243438721,0.40164637565612793,0.42921000719070435,0.06666666666666667,0.05,300,232,68,68,1.293103448275862,0.25704510298989114
Housing :: Access to housing,Housing,Access to housing,Ethnicity,majority,non-Latino people,244,245,0.2420259714126587,0.2420259714126587,0.9162795123926251,0.5285577774047852,0.47144222259521484,0.6024011969566345,0.3975988030433655,0.43452051281929016,0.2,0.14285714285714285,208,232,-24,24,0.896551724137931,0.10919929196499197
Housing :: Access to housing,Housing,Access to housing,Gender Identity,minority,transgender people,246,245,0.33636730909347534,0.29874229431152344,0.8810111280767364,0.6055826544761658,0.39441734552383423,0.5628044605255127,0.4371955394744873,0.41580644249916077,0.06666666666666667,0.04,350,232,118,118,1.5086206896551724,0.41119578281714936
Housing :: Homelessness,Housing,Homelessness,Race,minority,Black people,247,258,0.2619434595108032,0.2530142664909363,0.9108048018044684,0.5594160556793213,0.4405839443206787,0.5633363127708435,0.4366636872291565,0.4386238157749176,0.0,0.0,268,265,3,3,1.0113207547169811,0.011257154524634468
Housing :: Homelessness,Housing,Homelessness,Ethnicity,minority,Latino people,248,258,0.2796798348426819,0.229467511177063,0.8741395696882227,0.5852993726730347,0.41470062732696533,0.6678324937820435,0.33216750621795654,0.37343406677246094,0.11764705882352941,0.3,204,265,-61,61,0.769811320754717,0.2616098321420057
Housing :: Homelessness,Housing,Homelessness,Gender,majority,Men,249,258,0.2515888214111328,0.16052889823913574,0.7262228183743147,0.6701887845993042,0.3298112154006958,0.6727597713470459,0.3272402286529541,0.32852572202682495,0.35294117647058826,0.4117647058823529,317,265,52,52,1.1962264150943396,0.17917194789105836
Housing :: Homelessness,Housing,Homelessness,Disability,minority,People with disabilities,250,258,0.29837775230407715,0.22220969200134277,0.894905867244342,0.6141164898872375,0.38588351011276245,0.6217907667160034,0.3782092332839966,0.3820463716983795,0.23529411764705882,0.23529411764705882,283,265,18,18,1.0679245283018868,0.0657170716570154
Housing :: Homelessness,Housing,Homelessness,Disability,majority,People without disabilities,251,258,0.196081280708313,0.196081280708313,0.6775391733830682,0.630449652671814,0.36955034732818604,0.7118088603019714,0.28819113969802856,0.3288707435131073,0.35294117647058826,0.46153846153846156,206,265,-59,59,0.7773584905660378,0.25185365719664105
Housing :: Homelessness,Housing,Homelessness,Race,majority,White people,252,258,0.25901615619659424,0.25901615619659424,0.8164934689831853,0.5946260094642639,0.4053739905357361,0.6979308128356934,0.30206918716430664,0.35372158885002136,0.35294117647058826,0.45454545454545453,212,265,-53,53,0.8,0.2231435513142097
Housing :: Homelessness,Housing,Homelessness,Gender,minority,Women,253,258,0.25762391090393066,0.2149333953857422,0.8484761774605185,0.5623565316200256,0.43764346837997437,0.5975829362869263,0.40241706371307373,0.42003026604652405,0.11764705882352941,0.16666666666666666,219,265,-46,46,0.8264150943396227,0.19065809616972135
Housing :: Homelessness,Housing,Homelessness,Gender Identity,majority,cisgender people,254,258,0.26292693614959717,0.1783132553100586,0.7438925086226668,0.6509851813316345,0.3490148186683655,0.679202139377594,0.320797860622406,0.33490633964538574,0.29411764705882354,0.4,253,265,-12,12,0.9547169811320755,0.046340337258701965
Housing :: Homelessness,Housing,Homelessness,Sexual Orientation,majority,heterosexual people,255,258,0.16490304470062256,0.13686132431030273,0.6520272662270323,0.722328782081604,0.277671217918396,0.719675600528717,0.28032439947128296,0.2789978086948395,0.47058823529411764,0.47368421052631576,334,265,69,69,1.260377358490566,0.23141116699047817
Housing :: Homelessness,Housing,Homelessness,Sexual Orientation,minority,homosexual people,256,258,0.31083542108535767,0.31083542108535767,0.9435154925534891,0.5182814002037048,0.48171859979629517,0.5113953351974487,0.48860466480255127,0.4851616322994232,0.0,0.0,264,265,-1,1,0.9962264150943396,0.0037807228399060443
Housing :: Homelessness,Housing,Homelessness,Ethnicity,majority,non-Latino people,257,258,0.21661680936813354,0.21661680936813354,0.8280281925887983,0.7089850306510925,0.29101496934890747,0.7135067582130432,0.2864932417869568,0.28875410556793213,0.47058823529411764,0.5384615384615384,224,265,-41,41,0.8452830188679246,0.1680837741311823
Housing :: Homelessness,Housing,Homelessness,Gender Identity,minority,transgender people,259,258,0.3586350083351135,0.35641318559646606,0.9325218399749057,0.4326351284980774,0.5673648715019226,0.5178368091583252,0.4821631908416748,0.5247640311717987,0.0,0.0,234,265,-31,31,0.8830188679245283,0.12440871062852076
Housing :: Housing stability,Housing,Housing stability,Race,minority,Black people,260,271,0.27264320850372314,0.27264320850372314,0.9370906193308239,0.5058530569076538,0.4941469430923462,0.4582892954349518,0.5417107045650482,0.5179288238286972,0.0,0.0,177,240,-63,63,0.7375,0.3044891907681621
Housing :: Housing stability,Housing,Housing stability,Ethnicity,minority,Latino people,261,271,0.24769693613052368,0.24769693613052368,0.8758172908915595,0.557644248008728,0.442355751991272,0.5701102018356323,0.4298897981643677,0.4361227750778198,0.0,0.0,313,240,73,73,1.3041666666666667,0.26556426719816195
Housing :: Housing stability,Housing,Housing stability,Gender,majority,Men,262,271,0.21652019023895264,0.10894036293029785,0.7679010348625285,0.7046436667442322,0.2953563332557678,0.6951969265937805,0.3048030734062195,0.30007970333099365,0.3125,0.29411764705882354,204,240,-36,36,0.85,0.16251892949777494
Housing :: Housing stability,Housing,Housing stability,Disability,minority,People with disabilities,263,271,0.25801146030426025,0.1899152398109436,0.8562010114193294,0.5736475586891174,0.42635244131088257,0.528030276298523,0.47196972370147705,0.4491610825061798,0.0625,0.058823529411764705,242,240,2,2,1.0083333333333333,0.008298802814695064
Housing :: Housing stability,Housing,Housing stability,Disability,majority,People without disabilities,264,271,0.19077187776565552,0.11165571212768555,0.7887007114413229,0.6434574723243713,0.35654252767562866,0.649059534072876,0.350940465927124,0.35374149680137634,0.375,0.35294117647058826,187,240,-53,53,0.7791666666666667,0.24953030648740468
Housing :: Housing stability,Housing,Housing stability,Race,majority,White people,265,271,0.293099045753479,0.2433626651763916,0.9088588957609757,0.4947775900363922,0.5052224099636078,0.5305903553962708,0.46940964460372925,0.4873160272836685,0.0625,0.08333333333333333,171,240,-69,69,0.7125,0.33897536683933144
Housing :: Housing stability,Housing,Housing stability,Gender,minority,Women,266,271,0.1647871732711792,0.09318304061889648,0.8697550041556193,0.6394320726394653,0.36056792736053467,0.5706969499588013,0.42930305004119873,0.3949354887008667,0.125,0.09523809523809523,233,240,-7,7,0.9708333333333333,0.029600469776290744
Housing :: Housing stability,Housing,Housing stability,Gender Identity,majority,cisgender people,267,271,0.21556049585342407,0.09874367713928223,0.8371281865225277,0.6353009939193726,0.36469900608062744,0.6733208894729614,0.3266791105270386,0.345689058303833,0.3125,0.38461538461538464,176,240,-64,64,0.7333333333333333,0.3101549283038396
Housing :: Housing stability,Housing,Housing stability,Sexual Orientation,majority,heterosexual people,268,271,0.23582112789154053,0.23582112789154053,0.7207857854704072,0.6605862379074097,0.33941376209259033,0.6851671934127808,0.31483280658721924,0.3271232843399048,0.3125,0.38461538461538464,184,240,-56,56,0.7666666666666667,0.2657031657330056
Housing :: Housing stability,Housing,Housing stability,Sexual Orientation,minority,homosexual people,269,271,0.37296760082244873,0.37296760082244873,0.941129249130899,0.4836994409561157,0.5163005590438843,0.47311997413635254,0.5268800258636475,0.5215902924537659,0.0,0.0,308,240,68,68,1.2833333333333334,0.24946085963158324
Housing :: Housing stability,Housing,Housing stability,Ethnicity,majority,non-Latino people,270,271,0.18872851133346558,0.18872851133346558,0.8526922184240414,0.5869922637939453,0.4130077362060547,0.5223777890205383,0.47762221097946167,0.4453149735927582,0.0625,0.043478260869565216,187,240,-53,53,0.7791666666666667,0.24953030648740468
Housing :: Housing stability,Housing,Housing stability,Gender Identity,minority,transgender people,272,271,0.3932197093963623,0.3252277970314026,0.8730487466080121,0.5486656427383423,0.4513343572616577,0.5614802837371826,0.4385197162628174,0.44492703676223755,0.0625,0.13333333333333333,288,240,48,48,1.2,0.1823215567939546
